user,text,country,id
PennjrJr,b'Ready to explore the world!',Lesotho,1306710510184706048
houston_whitey,b'when i move out im gonna get a cat i think',Lesotho,1306710411253821440
eazymulahdave,"b'RT @PennjrJr: If mi don?t protect mi self, who t?f gone do it?'",Lesotho,1306709594471792640
houston_whitey,b'my phone background is so trippy https://t.co/ckGnaIwHBW',Lesotho,1306708916475228160
houston_whitey,b'does anyone like the bee gees',Lesotho,1306707831798804482
houston_whitey,b'every time i get close to someone i get scared and abandon them',Lesotho,1306707592052387841
houston_whitey,b'one of my irl friends is in love and calling her several hours a day and what the fuck do i have.  a scout leadership position',Lesotho,1306707491707924480
houston_whitey,"b""@BotKamen i love you so much please don't go""",Lesotho,1306707054069940224
houston_whitey,"b'why would a spider crawl in my mouth? my underwear aint very tight crawl up my dick, champ'",Lesotho,1306706726671077377
grdnhead,b'RT @houston_whitey: why dont the bts guys start fucking each otherr on stage thatd be better in my honest ass opiojion',Lesotho,1306706294385016833
houston_whitey,b'why dont the bts guys start fucking each otherr on stage thatd be better in my honest ass opiojion',Lesotho,1306706237942386689
PennjrJr,b'Just tryna keep my head above water..',Lesotho,1306705809011744769
PennjrJr,b'@ibeazaa Facts!',Lesotho,1306705229975400449
houston_whitey,b'check my home screen out https://t.co/Bkk11O9gNZ',Lesotho,1306704942091177984
houston_whitey,"b""why do i always feel like i have a headache. not a physical thing it's 24/7 and i hate it""",Lesotho,1306702372924796928
PennjrJr,b'I really need a cut?',Lesotho,1306700029688643586
grootman_pheko,b'@bitismad Haade! Thats sad.',Lesotho,1306693360636383233
MphoTamane,b'@SpheDludla @Mzulu__ @Ilanga Things people do for money yhooow ???',Lesotho,1306689756684791815
MphoTamane,b'@SpheDludla @Mzulu__ @Ilanga The audacity to even become the spokeperson of the family ?????',Lesotho,1306688119861903360
houston_whitey,b'i just gave her all my money she took it and bought herself the arby special',Lesotho,1306676121166061568
tha_jaxnatorr,"b'@marko_reborn @ThabangTshaba @vuyiswamb Yeah,American bullies are a lot friendly,American pitbull terrier is friend? https://t.co/ADbGwcRjB5'",Lesotho,1306675635134386177
mrbigzie,b'@magembi @Cmfundisi @Tshi_Nakanyane Happened at Garankuwa',Lesotho,1306669078690648064
mrbigzie,b'@magembi @Cmfundisi @Tshi_Nakanyane Some come to finish what they started',Lesotho,1306667815324315648
TizzYthaSoN,b'@UkaegbuPrincew2 @yum_yum08 @Nengi_Bb @OfficialOzoBBN @Nobsdaslushhkid @OloriSupergal @BBNaija @TWEETORACLE but I t? https://t.co/ylWWfqHZaV',Lesotho,1306665595979599872
WEREWOLFMAN67,b'RT @houston_whitey: @thongyorke hotdog demon https://t.co/D1Gy8i4AzB',Lesotho,1306655428848353287
Keisha_Plum,"b'RT @Speeder_Razor: @Keisha_Plum Zastron, South Africa.. ?? ??'",Lesotho,1306654617330241536
houston_whitey,b'boobs https://t.co/ZERk2VtJEN',Lesotho,1306654145198411776
houston_whitey,b'@thongyorke hotdog demon https://t.co/D1Gy8i4AzB',Lesotho,1306653054935224321
PennjrJr,"b'If mi don?t protect mi self, who t?f gone do it?'",Lesotho,1306650577716219904
BoityPitso,b'RT @Mohlamatsi1: @TakaTina1 Does @euphonik own that?',Lesotho,1306639423069548544
TheeNolu,b'@947 if I could win the 5k I will take all of it to pay my fees at NMU atleast it would make a difference? https://t.co/A4yg6DDzHX',Lesotho,1306629481340243968
Mohlamatsi1,b'@chartneypuffs Ke external or internal?',Lesotho,1306624188514537473
houston_whitey,"b""can't wait until the internet is over""",Lesotho,1306621208549560327
houston_whitey,b'@thongyorke reform party 2020',Lesotho,1306619513945960449
houston_whitey,b'im a lot like Michael Jacobshagen',Lesotho,1306615577222447109
houston_whitey,b'no way https://t.co/omB0FS9cEg',Lesotho,1306615036425756672
houston_whitey,b'new pup is fire',Lesotho,1306614465878687744
Mohlamatsi1,"b""@News24 @Fin24 I still don't understand how china steals data from dancing people""",Lesotho,1306613800263659521
houston_whitey,"b""ok 3 days but won't have internet. the great whitey disappearance or some shit https://t.co/f4SaEt3FDr""",Lesotho,1306606415339978752
TizzYthaSoN,b'@AkwariCharles @Aurora_lte Magodo phase 1',Lesotho,1306588887121358848
PennjrJr,"b'Growing up I only remembered nights that was post traumatic, so I?m never acting Boujie like I?m supposed to have it??'",Lesotho,1306576127670906880
PennjrJr,b'If you ain?t known for having cash or that bag they going treat you like you nothing!',Lesotho,1306575651445461000
CooksonVern,b'RT @WoodbrookPTO1: Please remember to mention Woodbrook when ordering. ? https://t.co/ismDlqTuVV',Lesotho,1306571958864281601
Speeder_Razor,"b'@Keisha_Plum Zastron, South Africa.. ?? ??'",Lesotho,1306571287293243396
Mohlamatsi1,b'@matela_irene How much on mefium plastics',Lesotho,1306554241092386816
MissHovanecWBE,b'RT @WoodbrookPTO1: Please remember to mention Woodbrook when ordering. ? https://t.co/ismDlqTuVV',Lesotho,1306541584024993793
Mohlamatsi1,b'@AnatiiTylar Full tank of petrol would do just fine',Lesotho,1306540993928466435
TeeOw22,b'@DeeKoala1 Dope peeformance and flow qha lyrics zakho kaka sarn',Lesotho,1306511220766318592
TizzYthaSoN,"b'@inc051 @toby_ckash Welcome to the jungle named ""Nigeria""'",Lesotho,1306484072290672645
Mohlamatsi1,b'@TakaTina1 Does @euphonik own that?',Lesotho,1306476745147719680
houston_whitey,b'good night my disciples bless you wake up well praise whitey on whitey frfor on this shit on whitey fr',Lesotho,1306443920927326208
houston_whitey,"b""mf doom reference he's obscure you wouldn't get it lol""",Lesotho,1306443711354753024
houston_whitey,b'acab? more like acwystmn all caps when you spell the mans name',Lesotho,1306443608636248065
houston_whitey,b'lets take donuts back from cops. fuck them',Lesotho,1306443177419825152
houston_whitey,b'@icedoutomnitrix $20 buy employee soul',Lesotho,1306442681514692608
houston_whitey,b'id be so rough on markiplier it aint even funny',Lesotho,1306442425913749505
houston_whitey,b'@quakpdf thanks love you',Lesotho,1306441898731724801
houston_whitey,b'why do i get sudden bursts of energy at 11:30pm consistently. i have so much in me rn',Lesotho,1306441707291119616
houston_whitey,b'i aint even gonna lie this tweet was the horniest one ive ever made',Lesotho,1306440599755726851
houston_whitey,b'im a libertarian i love libraries',Lesotho,1306440364820172801
houston_whitey,b'i think ive gotten to the point where i dont really care that i talk too much like if someone gets annoyed they can just not talk to me',Lesotho,1306439545215504384
houston_whitey,b'how do i have 117 followers',Lesotho,1306438060515749888
houston_whitey,"b'they, they should be letting me drive\nim the best at driving in the world (driving!)\nuh, ba ba ba bwa bwa (yoshi)\nfuck the dmv'",Lesotho,1306437929888251904
houston_whitey,"b'yes, im so sick of the DMV\nthey should be allowing me to drive for free (amen)\nim a migo in the streets\nfuck these? https://t.co/fYlGZYgO7D'",Lesotho,1306437705572724736
houston_whitey,"b'uh, what the fuck is the fucking DMV\nim like a Pokemon straight outta PP (oh yeah)\ni just fucked a b-bee\nbumblebee? https://t.co/f1qDfXC3Iw'",Lesotho,1306437399132737537
houston_whitey,"b'they shouldn\'t even have the DMV (yes)\nwalk up to her like ""hey girl i gotta pee"" (in you! yes)\ni, i should be allo? https://t.co/sp4lUyZzTt'",Lesotho,1306437019401359363
houston_whitey,b'wanted to see if i could make a beat that sounds like a fart in 10 minutes. and i could',Lesotho,1306428776423849986
houston_whitey,b'@thongyorke shit i typed thyme',Lesotho,1306427591851679745
houston_whitey,b'@thongyorke how did you rhyme Gloucestershire. and why did you thyme Gloucestershire',Lesotho,1306427557697540097
houston_whitey,b'aight hold on im gonna post the verse beat',Lesotho,1306427392626429952
houston_whitey,b'who wants to feature on this beat that sounds like a fart',Lesotho,1306423095805313026
houston_whitey,"b'""give me that pro lifer beat""'",Lesotho,1306417445771661312
houston_whitey,b'fucking hell zack fox is so funny',Lesotho,1306417380478902273
houston_whitey,b'SONEONE WATCH THIS VIDEO ITS SO FUCKING GOOD https://t.co/JzKxabhamb',Lesotho,1306416882917015552
MissHooverWBE,b'RT @WoodbrookPTO1: Please remember to mention Woodbrook when ordering. ? https://t.co/ismDlqTuVV',Lesotho,1306411135378296832
Mohlamatsi1,b'@thebemguye_ Im not taking that story i need my car back? https://t.co/skfSIrjbDA',Lesotho,1306410771862216705
houston_whitey,b'@nudycat yeah man',Lesotho,1306406964994416656
houston_whitey,"b'im that ""absolutely not funny but entire personality is based around being funny"" kinda person'",Lesotho,1306403420446896129
houston_whitey,"b""@ someone who you don't think exists outside of the internet""",Lesotho,1306403050526052352
houston_whitey,"b""my defining trait is that i can't smell for anything\nliterally in a room filled with skunks and their skunky ass sh? https://t.co/qEEh1N991l""",Lesotho,1306401527645589505
houston_whitey,b'maybe we should make overwatch montages cool again',Lesotho,1306400100260904961
houston_whitey,b'@grdnhead never to be spoken of again',Lesotho,1306397651336863748
houston_whitey,b'@grdnhead its awful. its just genuinely terrible',Lesotho,1306397377696280576
houston_whitey,b'i hate that weezer is my favorite band. hate',Lesotho,1306396608096088064
houston_whitey,b'anyone wanna listen to music (weezer fans need not apply)',Lesotho,1306396560738185218
houston_whitey,b'make it two',Lesotho,1306394902243282944
christc_server,b'RT @houston_whitey: someone in the world is masturbating to ted kacynzski right now',Lesotho,1306394895960006656
PennjrJr,b'@Gwop448 @Polo_Capalot Well Just wait till the time come ?',Lesotho,1306387502391910405
PennjrJr,b'@Gwop448 @Polo_Capalot Nah nah mean like Denver at all ?????',Lesotho,1306386261263884290
PennjrJr,b'@Gwop448 @Polo_Capalot Check me championship if ayo make it?',Lesotho,1306385252403871744
WoodbrookPTO1,b'Please remember to mention Woodbrook when ordering. ? https://t.co/ismDlqTuVV',Lesotho,1306362277734625280
mrbigzie,b'@CaramelDank End of lockdown ???',Lesotho,1306340191251173376
tha_jaxnatorr,b'@verwonderen @MimiReeds Why would they let them go?',Lesotho,1306324441471897605
tha_jaxnatorr,b'@Mantsho_ As for the comment ???? https://t.co/Wjfmxb83gx',Lesotho,1306321397204086785
houston_whitey,b'@grdnhead nevermind keeping whitey',Lesotho,1306319598564913153
Lelisa_Mmamohau,b'@PeskyMothobi I did le ha se ke le le four? ha li tabohe makoko',Lesotho,1306319361033097218
houston_whitey,b'maybe i should change my twitter name',Lesotho,1306319304254722052
ReabetsweReya,"b'@SikaMaraiza01 No, Charlie was forced by mabutho and tumi to admit killing mbali over the phone and after we never saw him ever again.'",Lesotho,1306317378259750915
gomaewise,b'@Kamo_mphelaxx Drip????? https://t.co/VCk5fhIf9P',Lesotho,1306316144215756800
TsoMotubei,b'Je utlwa hothwe thobalano e ho generation th legacy \nhaena size',Lesotho,1306302283580354566
