user,text,country,id
karibidibombom,b'more &amp; more @JYPETWICE https://t.co/ae5ffXPTHp',Honduras,1306703749688295425
muruchuku,b'@djbaconcock Feeling royal in the royals',Honduras,1306699283324956674
luishrUD,b'DA KING ? https://t.co/aBxsmcC6kM',Honduras,1306699171412533250
Turbo_werner,b'@EskayCFC @CesarAzpi  why did you do this to a new player???? Whyyyyyyy',Honduras,1306698886409486337
avocaila,b'[extremely gay panic]',Honduras,1306698119183294465
emijose_94,"b""Truth is, truth can be a huge pile of shit. However, that won't change the fact it is the truth. ?""",Honduras,1306697948185624579
anxxmon,"b'Told him good luck with the next one, maybe she?ll be just as immature'",Honduras,1306697579569254402
CLainezReyes,"b'Good thoughts, Positive vibes mantain my motto.'",Honduras,1306696706944270338
menelio59,b'RT @Miguebrice: Chomin... https://t.co/qLD9BypBRK',Honduras,1306696593945501696
maria__giesela,b'#TBT when we could cosplay and leave the house https://t.co/3689vhoQF0',Honduras,1306693791575879698
danelviejo,"b'You are worthy and deserving of the best. There is not a single thing that is too good for you, or too good to be true. @_diniavanessa'",Honduras,1306692655766745089
mtabish3,b'I want off this planet N O W https://t.co/x2fyESGfrs',Honduras,1306692458193985536
MarioAguilar07,b'@BryanCranston @Showtime I wish Jesse could see this.',Honduras,1306692334495715329
mtabish3,b'My family calls me ?Merce? (rhymes with ?purse?) and the voicemail transcription is always ??? https://t.co/p79JAmlV6V',Honduras,1306692189871726592
TravelingHN,b'Traveling &amp; driving! Bring your #Garmin #GPS &amp; buy #Belize #Honduras #CostaRica #Panama #Guatemala maps at https://t.co/kUTWQYktpk',Honduras,1306691978294370305
sara_arguelles,"b'Peligroso me da algo viendo ""FIFTY SHADES FREED""?'",Honduras,1306691253212508160
ypma_albert,b'@JohnZuyderduyn I agree',Honduras,1306690974672920594
ayeeeMariahLynn,b'RT @nippyhstn: she pretty ?? https://t.co/3u1zixJSct',Honduras,1306690390905495567
BilalMirza22,b'@sincityyo You should?ve trusted me',Honduras,1306690270243827714
jpmena23,b'Once upon a time!!! https://t.co/dvuxkM6CLD',Honduras,1306690180926058496
Domjulioo,"b'I can?t even pre order p5 smh, thinkin bout waitin until somebody swipe it anyway?????'",Honduras,1306689302697570304
AryEnriqueAvila,b'@Chaveztoon Cuestionception.',Honduras,1306688735128571912
Domjulioo,b'Thinkin bout booking tulum too.....',Honduras,1306688671156969486
nubia_ti,b'@elisuu15 Me too. Plashita.',Honduras,1306687678600093698
Lavale_dora,b'@Babypochita Obvio',Honduras,1306687506184888320
K00K1E_s,b'@lgbtqstantingz ohhhmm where u from??',Honduras,1306687230690209792
Folofo2015,b'RT @Miguebrice: Chomin... https://t.co/qLD9BypBRK',Honduras,1306686888254861312
K00K1E_s,b'ANY ONCE MOOTS HERE???',Honduras,1306686673695043585
Turbo_werner,"b""Marseille don't do this to me please???""",Honduras,1306686503540658176
ypma_albert,b'@AnnaNetrebko All my best wishes for your health and prayers',Honduras,1306686498960535555
K00K1E_s,b'GOODMORNING MOOTS !! SAY IT BACK OR :))',Honduras,1306686213554728960
GisselaArita,b'@albaherreera I must confess I still believe (still believeeeeeeeee)',Honduras,1306686116016386059
K00K1E_s,b'@glowykoo Spotify has created a playlist',Honduras,1306685905407680512
K00K1E_s,b'4AM NA HELP',Honduras,1306685169877659650
ariveragallo,b'@dessouskokin So sexy',Honduras,1306684254756233219
OhhYoouFancyHuh,"b'Since Kam ain?t gone say it, I?ll say it, ?DISrespectfully some of y?all are SHADY?. https://t.co/4Vk0TZnl5s'",Honduras,1306684142046699520
K00K1E_s,b'@winterflowerfai YESS',Honduras,1306684002607144960
K00K1E_s,b'KTH1 IS COMING',Honduras,1306683709098090497
carlos_dm03,b'@_MZeledon Hahaha waterfall decis vos?',Honduras,1306682467835949056
maria__giesela,b'RT @maria__giesela: You know what I?m thinking about right now? https://t.co/OQw2kngP5q',Honduras,1306682388932702208
CRcarbroos,b'@celtics Tonight is the Night ??????',Honduras,1306682277930438657
PedroPeterPack,b'@RosssEdmonds @MikeChandlerMMA @ufc Finally and will be a backup for Khabib vs Gaethje ???',Honduras,1306682237077925896
Robthegod_,b'If I get this P5 I?m going vegan',Honduras,1306682224012558338
PedroPeterPack,b'@espnmma @SportsCenter @MikeChandlerMMA @danawhite Incredible...so there is a strong possibility to this man beggin? https://t.co/2pNlk7Y4uC',Honduras,1306681616740364289
ODIHH_,b'@annalefolle donatelo',Honduras,1306681283733528576
K00K1E_s,b'@yoongi__swuag ohhh goodluckkkk &lt;333',Honduras,1306681065302421504
K00K1E_s,b'@yoongi__swuag do u have any classes 2day?',Honduras,1306680746279464960
Robthegod_,b'This the type of time uber eats be on https://t.co/jwYmidFwne',Honduras,1306680547759075328
K00K1E_s,b'@yoongi__swuag imm gooddd tooooo hjkjjkk',Honduras,1306680316837335041
elmergturcios,"b'I know you?re desperate for a change at the pin glide, but the only real change come from inside...'",Honduras,1306680007952039937
K00K1E_s,b'@yoongi__swuag hi alex what time is it there??',Honduras,1306679278222716929
fridapharres,b'man i miss juice ????',Honduras,1306678182762942466
catrachito_Mar,b'RT @Miguebrice: Chomin... https://t.co/qLD9BypBRK',Honduras,1306677420347609089
K00K1E_s,b'hey ! shawty if you want my love you know\nAll you gotta do is hit me up',Honduras,1306677220501417984
Fernando_4790,b'Wherever you are is where I wanna be',Honduras,1306677108442357761
RevengeOfMyLs,b'RT @quintin7811: @RevengeOfMyLs Lmaoo niggas don?t remember why they created the green taxis so they could bring people ?uptown?. Never wan?',Honduras,1306676990691487744
Devon_Hall38,b'RT @quintin7811: @RevengeOfMyLs Lmaoo niggas don?t remember why they created the green taxis so they could bring people ?uptown?. Never wan?',Honduras,1306676984743944193
Devon_Hall38,b'RT @quintin7811: I don?t feel sorry for them AT ALL ?????',Honduras,1306676952804339712
quintin7811,b'@RevengeOfMyLs Lmaoo niggas don?t remember why they created the green taxis so they could bring people ?uptown?. Ne? https://t.co/e1UGBAR6H7',Honduras,1306676868792422400
LuisMiSalmista,"b'@chloetsila I am not a Jew but I am a Zionist, because I believe in the inherent right that Jews have to live in th? https://t.co/OaRZpqr4OE'",Honduras,1306676528995069952
RevengeOfMyLs,b'RT @quintin7811: I don?t feel sorry for them AT ALL ?????',Honduras,1306676400494129154
kike_tovar14,"b""@Saturnion96 Man I've said before this dude is Belgian Borini 2.0. Last time I said the same, yet MT destroyed me t? https://t.co/6LWABTH3yx""",Honduras,1306676007697514496
S_s_e_r_R,b'@324cat Erc for president',Honduras,1306675345693736963
EEMB13,b'RT @Miguebrice: Postales https://t.co/ccSzXLVAuG',Honduras,1306675332645347328
AryEnriqueAvila,b'@SFunebres @Jokertoxic_hn Lmfao',Honduras,1306674687527747590
K00K1E_s,b'send crush char',Honduras,1306674055894851584
Carocastillo,b'@LeJorgitoCL @EmilianaCamila_ Good point ?',Honduras,1306673944959873025
Robthegod_,"b'@SophiaSaysThis Well I?m not here to baby you, you gotta grow up you 35 years of age'",Honduras,1306672818059386881
Miguebrice,b'Chomin... https://t.co/qLD9BypBRK',Honduras,1306672338117722114
LuisAAguilar89,b'RT @Miguebrice: Postales https://t.co/ccSzXLVAuG',Honduras,1306672336343650306
marceAyes22,b'@thelumineers @jeremiahfraites @wesleyschultz82 Stubborn love!',Honduras,1306671839637315588
ltstyless,b'@iicarusfxlls al fin',Honduras,1306671685727289344
oscaralmunia,b'https://t.co/xi61vOB0Yr\n\nMoney for nothing\nDire Straits',Honduras,1306671661324947456
ltstyless,b'@cncoxlarry Santiagoo',Honduras,1306671452662509568
cashfitho,"b'@angeldav1d If it ain?t broke, don?t fix it'",Honduras,1306671399273197570
quintin7811,b'I don?t feel sorry for them AT ALL ????? https://t.co/LUWgg0V0MO',Honduras,1306670850159120386
Edu_Rivera,b'Welcome to hell ? https://t.co/s5daZVaYi4',Honduras,1306670783993974785
oscaralmunia,b'https://t.co/QslxBJ8Hfs\n\nDire Straits - The bug',Honduras,1306670287057027072
HugoH2Pixels,"b'RT @maria__giesela: OK, time for the PR/Content Creator thread my little chili babies! #GamingPR https://t.co/7a5i3ycgnJ'",Honduras,1306669795228749827
h_soto92,"b""Girl you look lovely everyday, but tonight you're stunningly beautiful""",Honduras,1306669666648166400
ltstyless,b'@erodasun CORREEEEE',Honduras,1306669256009043969
lilkueken,b'@Knock_Knocki hehe rt bitte',Honduras,1306668975749767169
Robthegod_,b'@SophiaSaysThis Nigga said fuck your story time .. lol. Nah I did not get sick. I recommend just being on top of yo? https://t.co/ign2LeUkLE',Honduras,1306668668122693632
Amazingblabby,b'I stan another Beautiful and Eloquent Old Soul..\nI Love you #SeoYeaJi ???\n\n#KissesDelavin  #ROS? https://t.co/wYDXYBiM1f',Honduras,1306668276231991296
ltstyless,b'@oioiharrehkiwi same',Honduras,1306667596570406915
bendeck_marcela,b'RT @Hernanmore: Enjoy it.',Honduras,1306667075163881473
Robthegod_,b'@SophiaSaysThis Funny thing is last year my job told us either we get the flu shot or we gotta wear a mask so I got? https://t.co/hnMP21i0Ze',Honduras,1306666840869998593
quintin7811,b'THIS&gt;&gt; https://t.co/rlWu0BNLnm',Honduras,1306666763992682497
menelio59,b'RT @Miguebrice: Postales https://t.co/ccSzXLVAuG',Honduras,1306666703850541058
quintin7811,b'?I?m talking to you Jets fans...?\nMe: https://t.co/8SSiP78BRi https://t.co/aiyaJSlFpD',Honduras,1306665944010326017
helpme93818494,"b""RT @HYUNJlNCULTS: y'all are wasting ur time being angry at trolls. flood lix with love instead by putting that energy on streaming!""",Honduras,1306665918152368129
KrizSykx,"b'@PeachJars And also extreme G hahaha I have a lot and actually, I still have my original GameCube and play with it a lot to this day'",Honduras,1306665883994148864
lilkueken,b'@kameltreiberin_ big cock energy',Honduras,1306665449858441216
KrizSykx,b'@PeachJars The original Re4 alongside NFS Carbon',Honduras,1306665146480197634
DavidBaca08,b'@DjMaRiiO @Rogermartismo Guarden twitt',Honduras,1306665111483027465
jraguiluz,b'RT @ephrainsantos: MOOD https://t.co/eKyArPOWWU',Honduras,1306665078931042310
KokomaruTV,"b""@millnight @buttpoems ooh ! I feel like i scam others when i make  commissions for family and friend even if it's? https://t.co/neK48I9kQw""",Honduras,1306664705524629504
ephrainsantos,b'MOOD https://t.co/eKyArPOWWU',Honduras,1306664682078564353
Tati1PrettyMf,b'@NepswirlDaBeard I?m tryin I?m trying lol',Honduras,1306664557985722369
KingGheen,b'RT @nippyhstn: she pretty ?? https://t.co/3u1zixJSct',Honduras,1306664284605251592
