user,text,country,id
m_aln77,b'@pvtmxna child',United Arab Emirates,1306725158674198529
_Vampire77,b'?God is always there to heal you.?',United Arab Emirates,1306725062112956417
m_aln77,b'@mssmarri indeed cool',United Arab Emirates,1306725055594889216
srrcs6,b'Pain https://t.co/BD9YcFEVSB',United Arab Emirates,1306724553675202560
Lively_Mohyo,b'@ulsherlan Rare but them dey. 1% ????????????',United Arab Emirates,1306723502741807104
Lively_Mohyo,b'@Omowhunmmy2 We all need.',United Arab Emirates,1306722936154394630
AyshaJanji,b'I?m nervous rn and I don?t even know why',United Arab Emirates,1306722749709254656
srrcs6,b'@nopeIaa Can I get squeeze by the thighs',United Arab Emirates,1306722642033094656
HayatLiberal,b'Thank you M ?',United Arab Emirates,1306721874580307972
Lively_Mohyo,"b""Can't get tired of you... You're too wise ??? @MeekMill ??????""",United Arab Emirates,1306721284672360450
Lively_Mohyo,b'Back bro. https://t.co/hQ7lmChi9Z',United Arab Emirates,1306721041939681280
MRK_M7D,b'@EmperorBigD I have joined',United Arab Emirates,1306720093821378562
JericCatbagan,b'Still the best live performance for me https://t.co/jJJNB395pt',United Arab Emirates,1306719587031945216
1moham1_,b'i told you exactly what hurt me and you did it so perfectly',United Arab Emirates,1306718987343060993
1moham1_,b'Hi twitter does anyone know a fast method to get someone out of my mind??',United Arab Emirates,1306718735626129408
poopooeater123,b'RT @ussypussy968: not my parents teaming up against me ? where are those damn senior home applications',United Arab Emirates,1306718338253492225
Mr_Gamer990,"b'""GAME OVER, ADON!!! ??"": https://t.co/SpK2VdqzrS\n\nIt\'s been a pleasure! ???\n\n#Twitch #TwitchHighlight #TwitchStream? https://t.co/boBKxdaWPs'",United Arab Emirates,1306717930508480513
kh19___,"b'RT @7moodals11: If u don?t let your past die,then it won?t let you live.'",United Arab Emirates,1306717399157288961
Lively_Mohyo,b'@Ifeade_Lu Good.',United Arab Emirates,1306717330907557888
Lively_Mohyo,"b""@Kunle_Ojulowo I don't know. Boss! ????????????""",United Arab Emirates,1306717225022377985
Lively_Mohyo,b'2am.. I should sleep. ??\nNobody to chat or video call.',United Arab Emirates,1306717119946600450
F_X_07,b'RT @7mxvd: You broke my fucking heart',United Arab Emirates,1306715406892236805
farows_97,b'Family is everything ?? https://t.co/rH0S63tCNa',United Arab Emirates,1306714962522447877
m_aln77,b'@yescoffeeaddict same ???',United Arab Emirates,1306713844362993664
MRK_M7D,b'@squisheroo @bitchsensei Sibling goals',United Arab Emirates,1306713823240482816
farows_97,b'His majesty ? https://t.co/O1QqT4Qfaj',United Arab Emirates,1306713440883560448
7mxvd,b'You broke my fucking heart',United Arab Emirates,1306711531040759808
MRK_M7D,b'@squisheroo Make him play just to do it then kick him out of the game',United Arab Emirates,1306709936257355777
NooraMh_,b'Not used to let things go yet',United Arab Emirates,1306709847786901505
Lively_Mohyo,b'Best tweet for me today! https://t.co/b6kE3eWYBn',United Arab Emirates,1306709386069504005
Lively_Mohyo,"b""You've God and you know what you're doing. So why are you still afraid?\n\nForget that thing. Everything go set.""",United Arab Emirates,1306708729946091521
AyshaJanji,b'I?m so obsessed with today?s makeup ?',United Arab Emirates,1306708486559084544
Lively_Mohyo,b'@Nurrrdeen God go do am. Dream Big.',United Arab Emirates,1306708417004949504
_x881m,"b'Both men and women will be held accountable for their acts ( whether lawful or unlawful), fulfillment or non-fulfil? https://t.co/iIAhZldJkc'",United Arab Emirates,1306708276944547847
3l11_,b'@jjrvx Okay I will not reply',United Arab Emirates,1306708262889443328
Lively_Mohyo,"b""Remind yourself you don't have to do what everyone else is doing.??""",United Arab Emirates,1306708202034266114
Lively_Mohyo,b'Too many useless men in this generation. Can never be surprised. https://t.co/TQ2aaRtA03',United Arab Emirates,1306707994965676048
AbajaEze,"b""@Imamofpeace where are you? It's been a while ?""",United Arab Emirates,1306706767959728131
Lively_Mohyo,b'TMC ????? @nipseyhussle continue to rest in power! https://t.co/mAZPKRgrXK',United Arab Emirates,1306706553282723840
Mjumaa_xs,b'Am I? Don?t be shy https://t.co/4XBS8SHY6D',United Arab Emirates,1306706329420038145
ftayymmm,b'RT @7moodals11: We?re living in a world where being kind is a weakness',United Arab Emirates,1306705426470313986
MRK_M7D,b'@AdrienneACox Wait they don?t know that u physically have problems getting erect ?',United Arab Emirates,1306704825434943493
DruggedForever,b'Honestly though her visuals are FIRE https://t.co/9p4TgLwFjC',United Arab Emirates,1306704597776564225
MRK_M7D,b'@DaTruthDT Wait ur 8 feet ?',United Arab Emirates,1306704351839367168
DruggedForever,b'@hidingfrombaba You finally see why I don?t like it that much \nKinda like In My Defense by Iggy',United Arab Emirates,1306704122335428608
MaimunaQuran,"b'O Allah, if one day I lose my hope and purpose, give me confidence that your destiny is better than anything I ever dreamed.'",United Arab Emirates,1306701934917758976
6blacvvk,"b""RT @srrcs6: You ever drive.........and then remember you're driving?""",United Arab Emirates,1306701635700359168
nikhilbenjamin,b'For everyone searching for some new series to watch. Try #Ragnarok on Netflix. 9/10. My first Norwegian show!',United Arab Emirates,1306701152122294273
Slickbitch_,b'i want to share my life with you ?',United Arab Emirates,1306700646326861824
Yomeewhyte,"b""Ok let's see https://t.co/zb86WpCKMS""",United Arab Emirates,1306700640647811072
7mxvd,b'staying up late not even fun anymore it?s just sad.',United Arab Emirates,1306699723341017096
in9xr,b'@maremxss Seriously??',United Arab Emirates,1306699564548845569
Snorlaxu,"b""RT @srrcs6: You ever drive.........and then remember you're driving?""",United Arab Emirates,1306698935092862976
alkadri_88,b'@tasneemm21 M7jwzaa m7jwzaa ?',United Arab Emirates,1306698854155407361
MRK_M7D,b'@squisheroo Why don?t u do it? What?s holding u back ?',United Arab Emirates,1306697457980637186
eVolV_dIGital,b'What many G Suite users don?t know (or don?t explore) is the fact that you can use add-ons to make your experience? https://t.co/2PL2MEBvgk',United Arab Emirates,1306694417890398208
srrcs6,"b""You ever drive.........and then remember you're driving?""",United Arab Emirates,1306694411821162497
atmtm,b'you are not what they did to you.',United Arab Emirates,1306694392242208768
3hzx_,b'@hsnalhmd Same',United Arab Emirates,1306692666156081159
Yomeewhyte,b'#BBLaycon most definitely deserves the ?85M #BBNAwards #BBNaija',United Arab Emirates,1306692478968434688
9_k98,"b'call me, wake me up, annoy me, i like that'",United Arab Emirates,1306690861049286656
1xvgi,b'@llzizll Happy birthday ???????.',United Arab Emirates,1306689860254789633
s_4x6,b'@llzizll Happy birthday ??',United Arab Emirates,1306689536467099648
9_k98,b'is it too late to talk?',United Arab Emirates,1306689491843854336
muneebisgr8,b'I played it wrong the whole time ? ?@realUNOgame? https://t.co/tyBXweAYmo',United Arab Emirates,1306689023013015562
gamingcreatorsn,"b'RT @Mr_Gamer990: Join #TheStruggler as he furthers his MAD reputation in the soon-to-be concluded ""100 Years War"", between Midland &amp; Chuder?'",United Arab Emirates,1306686415397363714
Waseem74170776,"b""Dear mam it's probganda kindly research  or check my profile for real in ambulance the guy is not patient  he is al? https://t.co/zh7hVC8qWS""",United Arab Emirates,1306686289601851396
fllu__,"b""RT @l7mvx_: Wishing a happy birthday to the best person I've ever met in this world you're the only one who helped me a lot , guided me a l?""",United Arab Emirates,1306685405731971074
MRK_M7D,b'@FLYTRAPXX Do it lmao don?t let them stress u',United Arab Emirates,1306684730054782980
_bvza,"b'I want to delete social media everyday, but this shit makes me laugh when I need it lol'",United Arab Emirates,1306684518854688771
l7mvx_,"b""Wishing a happy birthday to the best person I've ever met in this world you're the only one who helped me a lot , g? https://t.co/kBiR2reFHd""",United Arab Emirates,1306684425762222087
GanjalaPrem,b'RT @munishreddy108: @urstrulyMahesh @narendramodi Love you Anna forever ??#SarkaruVaariPaata\n@urstrulyMahesh #MaheshBabu https://t.co/bbXY4?',United Arab Emirates,1306684243313979392
thereal_ax,b'Theo and the other kittens I used to take care of back in March https://t.co/hemByi5mly',United Arab Emirates,1306684175156744192
MRK_M7D,b'@squisheroo I don?t know ?',United Arab Emirates,1306684148673896448
Lively_Mohyo,"b""This girl ignored my msg on IG and twitter! She dint even know what I want to ask her..\n\nI'll step foot in UK one day. It's a promise!""",United Arab Emirates,1306683937591357440
alwwvy,b'@7llve1 alwwvy',United Arab Emirates,1306683816841535488
RFerooq,b'The weather of my village may Allah keep my village safe Amen https://t.co/jZf1dYZnFI',United Arab Emirates,1306682908002922498
swafalt,b'Your height ? ? 174 https://t.co/ute2Yu3Eou',United Arab Emirates,1306682195176759296
Mr_Gamer990,"b'Join #TheStruggler as he furthers his MAD reputation in the soon-to-be concluded ""100 Years War"", between Midland &amp;? https://t.co/eYKdtUAp3f'",United Arab Emirates,1306681483273232384
Mr_Gamer990,"b'From joining the Band of the Hawk to commanding his own Raiders to facing Nosferatu Zodd a.k.a. ""Zodd the Immortal""? https://t.co/MlrVkoW6O2'",United Arab Emirates,1306681480752640007
m_aln77,b'@BlacklBeauty haneen 2.0',United Arab Emirates,1306681427346493440
MaimunaQuran,"b'When Muslims say ""insha\'Allah"", they are discussing an event that will take place in the future. It?s driven by a f? https://t.co/guQQPAV5yQ'",United Arab Emirates,1306680478976692224
aiixvv,b'I wanna hug someone and cry so bad',United Arab Emirates,1306680142304079874
aiixvv,"b""stop saying that you love me and you don't mean it""",United Arab Emirates,1306680048502607878
arbaazplayz,b'@RageElixir Keep on grinding my man',United Arab Emirates,1306679028020117505
thereal_ax,b'This is Theo a super clingy cat https://t.co/3ocVVLzd5i',United Arab Emirates,1306678246327676929
kaeregaard2,b'Very cool indeed https://t.co/e8vrAbO8Gw',United Arab Emirates,1306678122037772289
aiixvv,b'I really hate showing my feelings',United Arab Emirates,1306677720093544452
sublimechrisb,b'@adampnathan Totally agree - in general CEO is the shittiest role in the company and founder CEO is the loneliest.? https://t.co/QmFKlCELNB',United Arab Emirates,1306677687096946688
Lightowh,b'I was depressed af mentally torn in half',United Arab Emirates,1306677299706724352
_mmrryymm_,b'@mskalsuwaidii Knt a7bhm wayed ??',United Arab Emirates,1306676218310393857
Psydharth,"b'After an hour on #iOS14 super hyped widget feature, I couldn?t decide why should i use widget, just to increase the size of an app icon.'",United Arab Emirates,1306676125905702912
mo09436332,"b'once you realize you deserve the best, losing people won?t even matter'",United Arab Emirates,1306675732891004935
I1905I_,b'@fa_alsuwaidi One ?real person? is enough.',United Arab Emirates,1306675699755909122
7alshehhii,"b'RT @7moodals11: If u don?t let your past die,then it won?t let you live.'",United Arab Emirates,1306675671364755458
MRK_M7D,b'@Zenrotwo She isn?t demon souls',United Arab Emirates,1306675663190077442
7mxvd,b'dmme let?s be friends? ?',United Arab Emirates,1306675521980375042
MRK_M7D,b'@squisheroo Where?s me . IT WASNT ME',United Arab Emirates,1306675495124246529
Diving_Dxb,b'@ScottBentonMP You were in nappies during the troubles. The most dangerous thing you?ve done is serve behind the st? https://t.co/RbQcDj6zOM',United Arab Emirates,1306674458544005121
alsuwaidimbm,"b'RT @7mxvd: Text me , call me , annoy me , I love that shit'",United Arab Emirates,1306674172307869704
