user,text,country,id
connjam,b'@bluemonkey1878 Moored isn?t loaded or unloaded to or from lorries or trains or being  repaired. Moored is stored not docked.',Vietnam,1306726303681458176
HarperSaid,b'@christopherjmi @GAFollowers Not proud it?s FUNNY. Get a SENSE of Humor ? stay out of black people?a business.. that?s y?all problem now',Vietnam,1306726223297605633
slightlymean1,b'@JadedSwine @maryfblackwell2 @TOffroader Not getting the joke inside not getting the joke. This is art.',Vietnam,1306726081832136711
Papa_Ofori007,"b'@GHOneTV @Serwaa_Amihere How we\'ve given a voice to these lawless guys annoys me to the core all cos of one ""vision? https://t.co/4FvIcFPIcO'",Vietnam,1306726031383040001
HarperSaid,b'@christopherjmi @GAFollowers Not proud it?s FUNNY. Get a SENSE of Humor ?',Vietnam,1306726029877280768
Twiddlediddley,b'@SleeAshley That would be great Ashley..\n???',Vietnam,1306725986969493504
jaspergregory,b'It only took her three months to declare rioting bad https://t.co/t1llYTByuV',Vietnam,1306725922179960833
Twiddlediddley,"b""What we need in Australian Education. \nWe also should've been taught &amp; our schools should be teaching about the? https://t.co/S58SCb14aq""",Vietnam,1306725826445049856
slightlymean1,"b'@40CalWisdom @TOffroader Tighter shot would fuck up the joke, though.'",Vietnam,1306725708828413952
Pat_P_B,b'Middle-East Politics: Trump?s Diplomacy Works | National Review https://t.co/VezvbTYgOx',Vietnam,1306725639148404746
CCRELLOO,b'I put it all onna line ..',Vietnam,1306725634870333452
FeeRedfern,b'RT @Twiddlediddley: Am searching for a copy of our #AustralianConstitution in our National Library.\nThe original version is unavailable?? h?',Vietnam,1306725451444879360
slightlymean1,b'@mookiesnicholas @MomBod_SpecialK @TOffroader It wouldn?t be a good joke if it was filtered!',Vietnam,1306725148997885952
AmberGoth,"b""RT @AmberGoth: @GhostVes #Trump hasn't got the brains to be Big Brother; neither has #Johnson. I see someone like #Cummings eventually comi?""",Vietnam,1306725042693320709
GloryBS,b'RT @AmberGoth: @mellors_karen @DiaDiGiovanni @celtjules66 @MettlesomeTeri @redmatt14 @k4_owen @irisstylosa @JulieMorrigan @elishaleann87 @J?',Vietnam,1306725037387534336
jaspergregory,b'The official logo of woke capitalism https://t.co/4saVmNuxKS',Vietnam,1306724838506033152
rodinrodin7,b'RT @jaspergregory: Chaz is the gift that keeps on giving https://t.co/u31mMIQJHe',Vietnam,1306724826988584962
AmberGoth,"b""@GhostVes #Trump hasn't got the brains to be Big Brother; neither has #Johnson. I see someone like #Cummings eventu? https://t.co/yh32CCtClL""",Vietnam,1306724824404852737
Twiddlediddley,b'Am searching for a copy of our #AustralianConstitution in our National Library.\nThe original version is unavailable? https://t.co/1oirSbPFaj',Vietnam,1306724793589346305
slightlymean1,"b'@idiot_salad @TOffroader @LadyJustice6910 I don?t know which is worse, stealing a joke to get Twitter clout, or imb? https://t.co/hW0qNxXcjk'",Vietnam,1306724761351917570
jaspergregory,b'Finally https://t.co/OsfznA0psC',Vietnam,1306724521483747333
connjam,b'@Thomas1989UK @HistoricEngland @TheDanMox Can?t be residential use because unlike the titanic hotel and tobacco war? https://t.co/746l59nHyb',Vietnam,1306724507713966080
hourlykaoru,b'@Iesbians4yuuri Ironic Priest(Outfit Chibi) https://t.co/oVpGIm7PH2',Vietnam,1306724384393003008
svt_hannie,"b""RT @nugujeonghan: #JEONGHAN:17 \nWe'll be dancing the same groove When we're ninety-two, the same as seventeen??\n@pledis_17\n#SVTxPINKSWEATS_?""",Vietnam,1306724273604587522
Rafterman777,b'@redsteeze 4 months later',Vietnam,1306724177970372608
RedSweetJones,b'@WeezyStayLive15 Lmfaoo you ain?t shit',Vietnam,1306724171448287233
hradzka,b'RT @jaspergregory: Chaz is the gift that keeps on giving',Vietnam,1306724137612664832
iammacnelson,b'@ZenithBank Please I lost my phone and someone is trying to login my account help please',Vietnam,1306724100107366400
Rafterman777,b'@derekahunter She has some balls!',Vietnam,1306724001218207756
Jaded_Harts,b'@JasonRobergeVA @JoeBiden I call you being a clock sucker you kno what I mean.',Vietnam,1306723644186529795
jaspergregory,b'Chaz is the gift that keeps on giving https://t.co/u31mMIQJHe',Vietnam,1306723465060184069
Pat_P_B,b'@CREWcrew Perhaps they could do a better job. You get what you pay for.',Vietnam,1306723401348739073
AmberGoth,b'@mellors_karen @DiaDiGiovanni @celtjules66 @MettlesomeTeri @redmatt14 @k4_owen @irisstylosa @JulieMorrigan? https://t.co/oiwADVwkMo',Vietnam,1306722799470489605
Pat_P_B,b'@froomkin @weareoversight Tell it to the CCP.',Vietnam,1306722727466684416
connjam,b'A strange article. I?m not sure how they claim BMD to have been a working sick until 2019. That would mean ships be? https://t.co/khB59dP1GU',Vietnam,1306722725210267650
RedSweetJones,b'@WeezyStayLive15 Yeth ??',Vietnam,1306722554707685377
Pat_P_B,"b'@SaraGideon They never have, so what?s new ??!'",Vietnam,1306722361429745664
MariaMfmackay52,b'RT @annmairelee: The people will not allow the NHS be the scapegoat for the failure of the Test &amp; trace fiasco. They are aware that it was?',Vietnam,1306722162783465477
DukeCityGent,"b'@AliceSkary Holy hands, will they make me a sinner?'",Vietnam,1306722157968461825
AhmadBofficial1,b'@Areebazz22 Ahmad',Vietnam,1306721851457105931
SaRaK78747127,b'@bellafidanzata Thank you baby this means the world to me',Vietnam,1306721849418674178
elliot_eastwood,b'@jtothet Love it!! what we need in these crazy times!! https://t.co/cgmfnLeOH7',Vietnam,1306721811191734272
aixlshen,b'I need a lot of help https://t.co/sSxK1GDMaa',Vietnam,1306721775137501184
AmberGoth,"b""I just do not understand why ppl don't #folloback. It costs nothing, it only takes seconds, and it shows respect fo? https://t.co/ojppfJmxki""",Vietnam,1306721725229535232
muva_lu,b'Did he????? https://t.co/ofNlpvwcQN',Vietnam,1306721596086902784
thisisnotharsh,"b""@MarshaBlackburn You wouldn't have the right to vote if amendments were never made to the Constitution""",Vietnam,1306720933781147648
RealMalekHaneen,b'@Acyn Fox news needs to be outlawed',Vietnam,1306720913904136192
Sunshinefatima,b'If you have a chance do register and listen in to yours truly and these powerful speakers who will leave you transf? https://t.co/5SohV1l0xm',Vietnam,1306720812616036352
Twiddlediddley,b'@nascarred14 @DeniseM22125690 Thats a lot of subpoenas',Vietnam,1306720760384434177
Pat_P_B,b'Nolte: Harris Faulkner Issues Awkward Statement About Gingrich-Soros Fiasco https://t.co/uj4R0WNvhg',Vietnam,1306720669191802881
Jaded_Harts,"b""@h_jamesh @Heatherbm1970 @BuzzPatterson @realDonaldTrump Ah shit you're right. ?\nWe are pissed and pissed off for t? https://t.co/p19WVWBflE""",Vietnam,1306720611792805892
RedSweetJones,b'I currently look like the guy from high school musical.',Vietnam,1306720218073489409
AmberGoth,"b""I've found 79 people don't follow me back via https://t.co/tAESlhJcan""",Vietnam,1306720183306739712
Pat_P_B,b'?Bogus Data:? Leaked Emails Show Democrat Nashville Mayor Kept Low Virus Cases Secret? https://t.co/gIJruV35lo',Vietnam,1306720182316957696
KingNdaFirst,b'@Tina_Mhlongo are you coming back tho? ?',Vietnam,1306720079506214918
Pat_P_B,b'Rep. Andy Biggs Calls on Barr to Use RICO Act Against Rioters https://t.co/JDYsT4Hxe5',Vietnam,1306720013307523082
TravellinTrukka,b'@hintzkanen Don?t be pulling stunts like this in it ?? https://t.co/bFMqigTULK',Vietnam,1306719661149638657
Sunshinefatima,b'@mohammedhersi @paulakahumbu @NemaKenya Someone needs to go watch Netflix and the stories of why avocado is being p? https://t.co/TL3hyFuJxd',Vietnam,1306719515816931330
Pat_P_B,b'@JoeBiden That?s a bald-face lie .????',Vietnam,1306719370991865869
Twiddlediddley,"b'@truth_seeker_85 I would be fronting the Principal. A school is supposed to be a place of learning, not indoctrinat? https://t.co/A9PowToNEJ'",Vietnam,1306719368156508161
hourlykaoru,b'@watarubirb Festa Scout https://t.co/LAcAW7MgeJ',Vietnam,1306719355300966401
TravellinTrukka,b'@HockeyGoddess24 Fair point',Vietnam,1306719216691826699
Sunshinefatima,b'@vibes__N I used to get on the weekend the A team series and knight rider!',Vietnam,1306719014417203200
Pat_P_B,"b'@JoeBiden Then, you Joe, need to stop politicizing the COVID19 vaccine.'",Vietnam,1306718916165722112
connjam,b'@ryg1111 Nah I can?t see it. For some bizarre reason they?re objecting for objectings sake with no grounds. It wasn? https://t.co/L1hTPDqWcf',Vietnam,1306718705246785539
Pat_P_B,b'@JoeBiden Redfield is like Joe Biden. Redfield changes his tune depending on who he is talking to. ?',Vietnam,1306718628495134720
MsAfrikanRoots,b'See how none of what they owe cough ? give never reaches Black ppl. https://t.co/HHjf62yqLw',Vietnam,1306718505140654080
hachikosyndrome,b'point and click game logic is hard for me but god Sam and max are both too much fun to listen to',Vietnam,1306718419065085952
hachikosyndrome,"b""RT @hachikosyndrome: https://t.co/Q1cfSwLrZD continuing my blind playthrough of Sam &amp; Max !!! \nwe're on S1E4 !!""",Vietnam,1306718282540437505
happyvials,b'@twinkprintt ?\n\nwell then.',Vietnam,1306718063413391360
markzphoto,b'RT @GoldbergRadio: How millions of taxpayers ??? has been spent on contracts for #PPE with companies who have no expertise in making them.?',Vietnam,1306717848891518977
Pat_P_B,b'@JoeBiden You will open the borders. How in the hell will that stop the opioid crisis ? #Idiot',Vietnam,1306717781476470786
MsAfrikanRoots,b'Teaching children lies about amerikkka has led to Nazi Orange. The only Americans are indigenous melanated ppl who? https://t.co/1CyUBAlbzO',Vietnam,1306717616757714945
mylivemyrulessg,b'@eataejinn @BTS_twt Thanks baby ??',Vietnam,1306717555017625601
Pat_P_B,"b'@JoeBiden President Trump has the plan, we don?t need you to screw or up .'",Vietnam,1306717506523090944
Tangalooo,b'@mylilpony121 hey dumbass play with me next time',Vietnam,1306717494317441024
Pat_P_B,b'@JoeBiden Talk to your benefactors the #CCP.',Vietnam,1306717330009980934
Pat_P_B,"b'@JoeBiden @realDonaldTrump Yes, President Trump is correct ??.'",Vietnam,1306717171524009985
Pat_P_B,b'@JoeBiden Punishing ?wealth? is #AntiAmerican .',Vietnam,1306717039390851080
Endzhaaa,b'@dripbaylezz Prices is no1\nBP bottom 5',Vietnam,1306717035964125185
grudgbys,b'RT @hachikosyndrome: FUCK DUDE SHE SURE IS https://t.co/G5BDGyiFo7',Vietnam,1306716792404967425
Endzhaaa,b'@gilbertuzivert drop tecca easily',Vietnam,1306716771009912832
Jermzybear,b'Have fun being abused https://t.co/OjO4o4oYHO',Vietnam,1306716632601903104
Endzhaaa,b'@ZerbVsTheWorld i love it',Vietnam,1306716365378793472
MartaXKateWalsh,b'@addjsonforbes HE MUST DO IT!',Vietnam,1306715775969964033
davemcg1,b'@Jayb1970NUFC Definitely Swedish porn star territory ??',Vietnam,1306714694342914056
MartaXKateWalsh,b'I watched again 8x16 and now I?m watching again 7x10',Vietnam,1306714658515103744
Devastatingdrea,b'@DemonicDeja Right here',Vietnam,1306714583156117505
Devastatingdrea,b'@xonecole Yes but it?s been a while',Vietnam,1306714487622377472
silenthumanhere,b'She really said racism is valid. #whatdumbracistsay #racist #dumb https://t.co/tz9a5QAuO4',Vietnam,1306714337889996802
davemcg1,b'@Jayb1970NUFC Fuckd Fuckvern and I love this',Vietnam,1306714302062174210
mrcatorka,b'@acetalukas @d_danevski @ashe_wdc da ne recat mn pie ovaa ugh',Vietnam,1306714063108538374
_nutellapapi,b'Tik Tok is another tier',Vietnam,1306714023304495104
simbarnett,b'@tesssummers98 Maybe they felt it was time for a change. Maybe Sue Barker wanted a change. Maybe @AlexScott has ear? https://t.co/xoAjznGTO0',Vietnam,1306713594906771466
KoladeDaniel15,b'Okay https://t.co/oYnbWBTELg',Vietnam,1306713576049119232
Twiddlediddley,b'@DazeDonkey Project Veritas will give him plenty\nhttps://t.co/UJtbNVdaUl',Vietnam,1306713414627201029
KoladeDaniel15,"b""@KesterRichard_ I don't see why not""",Vietnam,1306713333819727872
KoladeDaniel15,"b""@KesterRichard_ I don't see why not""",Vietnam,1306713333819727872
lojinelghareeb1,b'Quote with your fav picture with your brother/sister ? https://t.co/eWqwWw7B5t',Vietnam,1306713308611964928
realhippohollow,b'@absolutelyamyyy Have had an ok day thanks after a very bad night last night.  Hoping I manage to sleep tonight ? t? https://t.co/nM3r52DqAp',Vietnam,1306713009373548545
Twiddlediddley,"b""@DazeDonkey Here's a beauty Dr Turley put up thus morning showing up Mad Cow Maddow.\nhttps://t.co/Ci0d31LQ0k""",Vietnam,1306712726077665281
15damnedsin,b'@girrrrrrrllllll @AlterFWB18 cooked chicken breast',Vietnam,1306712475836903424
ConnectKumar121,b'@omar_quraishi This means almost 8000 INR for water!!! This is lunacy!!! ?',Vietnam,1306712441565274112
15damnedsin,"b""@yourblissfulbae @AlterFWB18 just cook it with seasoning and it's done hehehe""",Vietnam,1306712232198242304
Kungfoocod1,"b""@Violet_M_Ramos I don't even like Play Station, can I get like a PC or Xbox instead?""",Vietnam,1306712185436073986
realhippohollow,"b'@SharonL29386189 Good night my friend, hope you have had a good day, sweet dreams love and hugs xxx???? https://t.co/zoE4wiWpmL'",Vietnam,1306712150921093120
silenthumanhere,"b""@GeekVibesNation @wbpictures @TheCulturedNerd I'll wait till Henry confirms it himself https://t.co/ZZy9BIQ57x""",Vietnam,1306712135066685449
Twiddlediddley,b'As it is in the US it is in Australia \nDemoralisation of past generations has led us to where we are. Why there is? https://t.co/vHwGRfygFs',Vietnam,1306712128427094018
MsAfrikanRoots,b'Why not? https://t.co/9527b0zYLY',Vietnam,1306712112253882368
Sunshinefatima,b'Let?s make a date this weekend for an interesting and much needed Taiwo AKINLAMI  #masterclass 3.0. We will be disc? https://t.co/0o01D6aazk',Vietnam,1306712044419325952
awood6535,"b'RT @ElJackoSupreme: @fox8news Looks like a 1st Amendment protected peaceful protest! Notice, they didn?t steal the cash registers or anythi?'",Vietnam,1306711829704568833
ChatrinaO,b'@FalconPez Well there?s a story to be told .... https://t.co/OH2EJgmYFJ',Vietnam,1306711697856573441
kinto_der_toten,b'@chuggaaconroy long have we waited for this glorious day https://t.co/caevN5EIiS',Vietnam,1306711636183379968
cthanian,"b'RT @hachikosyndrome: good fucking god, that was the most insufferable shit just to cancel a subscription\n\n""ARE YOU SURE YOU WANT TO?""\n""CHEC?'",Vietnam,1306711531015471104
NafunaLove,b'@Allanmalilo @jackie_keila @CarolPrim3 @AgieGenesis @Nitachubby2 @NkSumaiya @GloriaAsiima @JuscintahD @meyveis21? https://t.co/8KOcsfVpyI',Vietnam,1306711427512766464
Kvng_Abok,b'RT @__RS7_: ?It won?t work cause you?re too nice?                 These be the ?choke me? kinda girls',Vietnam,1306711291155877890
ConnectKumar121,b'@MiroslavLovchev @hashim0307 He should join Inter Milan',Vietnam,1306711249762185216
DivinWoken,b'RT @NafunaLove: @SgMENMDpffAfS4E @DivinWoken The devil is a lier',Vietnam,1306710866629402625
NafunaLove,b'@SgMENMDpffAfS4E @DivinWoken The devil is a lier',Vietnam,1306710777039138818
tuasday,b'RT @hachikosyndrome: FUCK DUDE SHE SURE IS https://t.co/G5BDGyiFo7',Vietnam,1306710465091903489
simbarnett,b'@onhistodd @JVoiceLabour LABOUR friends of Israel. Who are opposed to Netanyahu. Who support the Israeli LABOUR Par? https://t.co/bnKxz0KF9B',Vietnam,1306710412453445638
Endzhaaa,b'@SPONGEBOPHIPHOP to put it short as i could',Vietnam,1306710291711918080
moonandlambos,b'@cointradernik A blessing ??',Vietnam,1306710285823160320
Endzhaaa,"b'@SPONGEBOPHIPHOP i used2 think he was awful,but when he died i was sad but i didnt care much,then i saw many ppl on? https://t.co/QzWBoSuUK3'",Vietnam,1306710192864796672
DPodrimqaku,b'Why The Fuck Would Anyone Love Me?',Vietnam,1306710192260866048
acommenterswit,b'@guardiannews Irrelevant to the gimps complaining',Vietnam,1306710080642048000
DessythaP,b'Y?all be like ?do whatever you gotta do to get yo bread no matter what??? then make post about how niggas broke and got edd money????',Vietnam,1306710059330674688
NafunaLove,"b'RT @NafunaLove: Good morning to you all and have a great day. Please remember to up lift someone, be a reason why someone will get to smile?'",Vietnam,1306710042071236613
ChatrinaO,b'@FalconPez The lockdown is very annoying but I?ve been told my dead woman?s feet are pretty awful too ?',Vietnam,1306709961972514816
JanField13,"b'RT @annmairelee: Disaster, any way you slice it. #BorisJohnsonMustGo'",Vietnam,1306709901671051264
realhippohollow,"b'@loopylo72057783 @eliistender10 People are so cruel, look at what they have sent me and others my firend xx??'",Vietnam,1306709873795780609
Kidstore_n_more,b'@a_adefabi Amen dear',Vietnam,1306709801657864193
DivinWoken,"b'RT @NafunaLove: Every person is born with a seed of greatness. So, with that being said, find your purpose and live it.'",Vietnam,1306709757290516480
NafunaLove,"b'@Allanmalilo ??Thanks, one of my biggest weaknesses! ? I am addicted to shoes,'",Vietnam,1306709529292345353
budyws,b'@cant000d can boonk',Vietnam,1306709525991272448
MsAfrikanRoots,b'Priceless?? https://t.co/53KkTVNl4a',Vietnam,1306709490851557376
simbarnett,"b""@tesssummers98 What's your issue, Tess?""",Vietnam,1306709430822744071
Kidstore_n_more,b'@a_adefabi I hope you won?t writing laycon on your paper on Tuesday omo Iyami',Vietnam,1306709400862756865
iiiamJadeson,"b""I'm hurt Aleks yelled at me VJXHGFJGHVGHXV\nHim: CAN YOU FUCKING LISTEN TO ME ONCE""",Vietnam,1306709161007288322
annmairelee,"b'Disaster, any way you slice it. #BorisJohnsonMustGo https://t.co/IC12r8YPoF'",Vietnam,1306709131143905280
acommenterswit,b'@nevenmaguire And how our seas are being drained of fish',Vietnam,1306709109169893379
saturn_cisco,b'@erasedproject Bone less over a cone and always repping erased when I skate https://t.co/GCZrXr8oaB',Vietnam,1306709020477067264
acommenterswit,b'@tumcarayol Cancel culture again ?',Vietnam,1306708949593358340
realhippohollow,"b'@absolutelyamyyy How fabulous, great to see you smiling my friend ? x'",Vietnam,1306708902818582528
abbierolex,b'@savZK u good bro?',Vietnam,1306708813433708545
__RS7_,b'@_nii_kpakpo @dompsie Tomorrow she?ll be your cousin',Vietnam,1306708733343543296
simbarnett,b'@JonathanSGlass @JoosyJew @BCP_Palestine_E @nasdailyvideos Me three',Vietnam,1306708679274778630
ConnectKumar121,b'@MiroslavLovchev @hashim0307 England with this physique? Lol',Vietnam,1306708624115286018
simbarnett,"b'Subscribing now! Love your work, @nasdailyvideos ! https://t.co/2WGjv5W5sq'",Vietnam,1306708598043574272
Kidstore_n_more,b'@GodwinEgaji @Sam_ludas Which one urethral or anal',Vietnam,1306708515197726722
MsAfrikanRoots,b'Piers Morgan is quiet ? tho... https://t.co/5BVjMEo7vx',Vietnam,1306708471145017344
realhippohollow,b'@reece_dinsdale Well you know the ones that are here to stay are like minded! Go for it you reble ??',Vietnam,1306708424013606912
rjhellhammer,b'@scalzi Nice! You made a COVID. ?',Vietnam,1306708338965528578
ChatrinaO,b'@FalconPez Exactly! Your hot water bottle offer will have to wait for now ?. My feet will never be warm!',Vietnam,1306708191149989888
Jet_Jetson_,b'@hailtotheHunny Mmmmmm hymmmm',Vietnam,1306708184866971648
moonandlambos,"b""@DiaryofaMadeMan @tokenmetricsinc 1.25 billion, I,m pulling this figure out my a$$ but that's what crypto has been these last few weeks.""",Vietnam,1306708118345318402
acommenterswit,b'@rtenews Is Santa 1 too many in a household??',Vietnam,1306708051588722689
annmairelee,b'@MarieAnnUK #BorisJohnsonMustGo is a laughing stock all over the world. Unfortunately he?s dragging everyone with him.',Vietnam,1306707893694222336
MsAfrikanRoots,b'@laletrasiente They love consuming us... one way or another.',Vietnam,1306707863621062658
simbarnett,"b""@onhistodd @JVoiceLabour 1. It's a faction.\n2. Not sure LFI is right wing\nNight night x""",Vietnam,1306707766690619400
kaorujpeg,b'RT @hourlykaoru: Free-Spirited Breeze https://t.co/C3yveNj5dt',Vietnam,1306707451664838658
simbarnett,"b'He said ""the Jewish community"". Not ""people who claim to represent the Jewish community by enabling and defending A? https://t.co/TQFTswhOup'",Vietnam,1306707441426538497
The_real_ifem,b'Wetin musa no go see for gate? lol',Vietnam,1306707134298681346
iiiamJadeson,b'Aleks: I voted',Vietnam,1306706858082787329
yvesangelion,b'RT @iiiamJadeson: Choose Wisley',Vietnam,1306706831620935682
ChatrinaO,b'@FalconPez Haha! You shouldn?t make offers you can?t keep ?',Vietnam,1306706824327041025
iiiamJadeson,b'Choose Wisley',Vietnam,1306706669058117637
acommenterswit,b'@WTA @atptour That is just anti Russia',Vietnam,1306706590121242626
Endzhaaa,b'@SPONGEBOPHIPHOP was chillin on twitter and saw the news',Vietnam,1306706506033831936
__RS7_,b'?It won?t work cause you?re too nice?                 These be the ?choke me? kinda girls',Vietnam,1306706495292223490
mortalinstants,"b""RT @iiiamJadeson: Let's talk shit about Eichi Tenshouin from Ensemble Stars https://t.co/4dOqFNiqU0""",Vietnam,1306706134628208640
MirageSp_,b'@williamcool009 Ive been looking at this for hours and I have no clue what you are trying to say',Vietnam,1306705972732325888
abbierolex,b'@Ljndolai B E A U T I F U L !',Vietnam,1306705956018024455
olakunlefocus,b'@OlisaOsega You dey my mind. Aje',Vietnam,1306705875801985029
iiiamJadeson,b'I was gonna say Fire Emblems',Vietnam,1306705827236139010
ChatrinaO,b'I?ve taken my long hot water bottle to bed with me tonight. First time this autumn. I?ll be sweating buckets in ten? https://t.co/4GZwAqZ1GF',Vietnam,1306705814879637509
iiiamJadeson,"b""Let's talk shit about Eichi Tenshouin from Ensemble Stars https://t.co/4dOqFNiqU0""",Vietnam,1306705784047316992
MsAfrikanRoots,b'@adri16 Arrest this murdering trash ?',Vietnam,1306705524189208576
realhippohollow,b'@Debra514 Good night my wonderful friend I hope you sleep well and have a good day tomorrow. Take care sending love? https://t.co/CNUCuUSnLm',Vietnam,1306705395659034625
iiiamJadeson,b'@yvesangelion @GOET1A YALL HEAR THAT? SOME CLOWN IN THE REPLY',Vietnam,1306705389032017922
Endzhaaa,b'@_babyplxto E20R huge W',Vietnam,1306705205896118272
annmairelee,b'@chrismcg21 @grahambsi The Irish are more than capable of telling #DominicRabb how to F off. I reckon he won?t even? https://t.co/waLCbyoJA5',Vietnam,1306705053361864705
Endzhaaa,b'@VloneHQ 444222 for sure',Vietnam,1306704976438276100
MirageSp_,b'I personally like Bacon Lettuce and Tomato but Bacon Lettuce and Mayo isnt to bad either https://t.co/NqLelBQJ30',Vietnam,1306704609252184067
iiiamJadeson,"b""@GOET1A It's me Dimitri in your area""",Vietnam,1306704474724093958
MirageSp_,"b'@CleverDesertFox Cant make it this stream, out eating'",Vietnam,1306704279407865857
LGBTSIGMA,b'RT @hourlykaoru: Free-Spirited Breeze https://t.co/C3yveNj5dt',Vietnam,1306704068501479425
jonpro02,b'RT @hachikosyndrome: FUCK DUDE SHE SURE IS https://t.co/G5BDGyiFo7',Vietnam,1306704068488966151
Grinchonicle16,b'You already have the laws and you break them.\n\nYou are doing a fine job carving up the money amongst yourselves.\n\nY? https://t.co/Cfy2k7Y0cu',Vietnam,1306703930445963264
JAPITTER,"b""? ?Trump is trying his darnedest to throw red meat to his base. So pathetic it's almost laughable but he's dangerou? https://t.co/BxWUpsi9ts""",Vietnam,1306703809444540417
hourlykaoru,b'Free-Spirited Breeze https://t.co/C3yveNj5dt',Vietnam,1306703797624995843
strumpetcity,b'RT @annmairelee: #Harding has no clue. She is led by the nose by @MattHancock who is led by the nose by #BorisJohnsonMustGo who is led by t?',Vietnam,1306703432926064640
lamorenalala,b'RT @__roe_: Was just thinking about how everyone is entitled to want different things in life and it?s not okay for anyone to mock the next?',Vietnam,1306703336775864328
koen808,b'@TheLastDegree Brilliant ?????',Vietnam,1306703013042704384
ConnectKumar121,b'@amkmcfc @callmatthews @RafaelH117 Manchester City is owned by UAE',Vietnam,1306702976644341761
T_Rex666,b'@PaulBrandITV @threadreaderapp \nPlease unroll',Vietnam,1306702865042374658
ConnectKumar121,b'@amkmcfc @callmatthews @RafaelH117 UAE will not let him leave. Pep wants to win UCL',Vietnam,1306702745731178496
