user,text,country,id
leslyisaway,b'@z0mbiesnare let?s go together ?',Liberia,1306710168248385539
promppz,b'i hate being embarrassed:(',Liberia,1306695935074996230
promppz,b'i hate working wtf',Liberia,1306694665526272002
promppz,b'a media hora de mi libertad. TGITHURSDAY.',Liberia,1306692240501280770
BarbiturateCat,"b'RT @reliablespice: had a dream there was a reality tv show that rated your bathroom and the winner got a billboard of them that said ""Who h?'",Liberia,1306675100238798848
reliablespice,"b'had a dream there was a reality tv show that rated your bathroom and the winner got a billboard of them that said ""? https://t.co/UAMvSz0d7K'",Liberia,1306669395029225472
lucassssx1,b'@mlpsxx Mais que amigo closed friends',Liberia,1306668737756528640
reliablespice,b'@sourflwr_ a wee bit!!',Liberia,1306648135540842496
katemarjj,b'@RZebbie Same here twinny!!',Liberia,1306622949957533701
bernardoniniii,"b'Clown ka, gHorl???'",Liberia,1306621695944396801
kimezrabriones,b'ruined.',Liberia,1306609507179528195
nerineann,b'speed lang',Liberia,1306607271204380672
filthyjuann,"b""You'd be wise to get objective about your goals and expectatio... More for Sagittarius https://t.co/cQu0oDBKo4""",Liberia,1306594209734959110
gigiseeella,b'@prncss_jlyn i love you too!!!!! ?',Liberia,1306580660794978309
prncss_jlyn,b'RT @gigiseeella: happy birthday bb @prncss_jlyn!!! ? my pbb buddy!! i miss you! ingat palagi ???',Liberia,1306578368964341761
gigiseeella,b'happy birthday bb @prncss_jlyn!!! ? my pbb buddy!! i miss you! ingat palagi ???',Liberia,1306578188970024961
salabaoannamay,b'anotha leopard print item from momma &lt;333',Liberia,1306574977785708544
garciaroseann_,b'haysss tax loveyou! https://t.co/cTbhYl1AQq',Liberia,1306574634830028800
arvieshayne,b'childhood https://t.co/JHWkuXt4YC',Liberia,1306574178099761164
nerineann,b'@yvnnnglk calcu tutorial with marvs HAHSHA JOKE I LOVE U SIR',Liberia,1306572374263824385
_RoseAngelll,b'RT @_anneabella: igit accountancy',Liberia,1306572008252043264
trc_AssocVPNA,b'RT @eloisaelayda: Hellowzxc. ? https://t.co/d2JmMzkvgc',Liberia,1306571757705293824
eloisaelayda,b'@leiiimalars Thank you po. :&gt;',Liberia,1306536788744310784
prncssmarie,b'@msaflowering Thanky aira ?',Liberia,1306535075601768448
trixiapinedacx,b'im sleepy',Liberia,1306532236104093697
LiyaLeiraQA,b'RT @eloisaelayda: Hellowzxc. ? https://t.co/d2JmMzkvgc',Liberia,1306530132799094784
eloisaelayda,b'Hellowzxc. ? https://t.co/d2JmMzkvgc',Liberia,1306529596968284161
garciaroseann_,b'yay thankyou lagi Lord!!??',Liberia,1306526015649271812
eloisaelayda,b'Stress aq.',Liberia,1306520870307864579
_anneabella,b'awit',Liberia,1306517781773348865
_anneabella,b'igit accountancy',Liberia,1306517442693181440
autognow,b'Random hot medtech guy #altercebu #altermandaue #alterlapulapu https://t.co/5e9TiSfjI7',Liberia,1306516118513750019
katemarjj,b'@pacaterickamae Okay.',Liberia,1306515340990406657
fabulellenmae,b'guiltyyyyy ???',Liberia,1306491883028230144
yjiyaj,b'Off we pop',Liberia,1306486240858914817
reliablespice,b'this idiot will do everything but defund the nypd https://t.co/sKjrFfpy4u',Liberia,1306443163486355456
prncssmarie,"b'Anyway,,, i luv my lockscreen ???? https://t.co/42PsWMGheP'",Liberia,1306440832384294913
syabiaaa,b'@tehjusminum okeedech',Liberia,1306436849439653889
stphnmrgx,b'Thanks God!?',Liberia,1306429155563638784
gigiseeella,b'send likod',Liberia,1306427098651701248
prncssmarie,b'BETTY',Liberia,1306425290818691073
stphnmrgx,b'@noite_romelyn Thank youu sis?',Liberia,1306423370397880321
reliablespice,b'@nicebigdog winter is coming more like winter is here maybe? ha ha fuck',Liberia,1306415529146580992
reliablespice,"b""damn the grocery store really is a hunter/gatherer's paradise. don't need to involve bows or arrows these days. eve? https://t.co/3Mlk12ZKMY""",Liberia,1306392476618457090
_rnlyndeleon,b'rainy morning ??',Liberia,1306391030338523138
gigiseeella,b'happy birthday bb @anabiiianca!! ?? god bless!!!! love youuuu always!! ???@margolouised ganda mo po ? @Sherainnnnn? https://t.co/iKyvrK0ml4',Liberia,1306376850361311232
stphnmrgx,b'Lord guide me today?',Liberia,1306362639417667584
stphnmrgx,b'Goodmorning?',Liberia,1306362216304668673
trishalliana,"b'So on that note, good morning ?'",Liberia,1306353824152432641
reliablespice,"b""i'm sorry i turned out this way i listened to ingrid michaelson when i was 14""",Liberia,1306346350380974080
DubStepDad,b'@benshapiro Here?s my dating advice for anyone who listens to your show: don?t',Liberia,1306325127232131073
jbbrights,b'pls for the love of rold sean k wak is a junior stop sIMPING OVER HIM JOSETTE',Liberia,1306278842592423936
Rivah45,b'@LondonBoyPuffy Mind ya business!! Loool',Liberia,1306274592424689664
seulgirhythm,b'[1951] fishbone https://t.co/fgvmfkYSL6',Liberia,1306272582400761856
seulgirhythm,b'[1950] then there?s https://t.co/HeV9EtSY6V',Liberia,1306272570942001157
seulgirhythm,b'[1949]  at some point https://t.co/WtCLDzkBpD',Liberia,1306272557029449728
seulgirhythm,b'[1947] little crush https://t.co/BDeQuvRuI9',Liberia,1306272529309261835
seulgirhythm,b'[1946] short update :) https://t.co/L0sDKXH9yD',Liberia,1306272506764902400
Rivah45,"b'The stuff that comes out of Trevor Noah?s mouth, makes me want to kiss him on the mouth ?'",Liberia,1306263346359013381
Cristinemayv,b'sick ?',Liberia,1306260331652509699
yjiyaj,b'@jmcasiaooo Ang heret',Liberia,1306259159076216834
arvieshayne,b'so exhausted',Liberia,1306251170957017088
seulgirhythm,b'@goldchamporado thanks po :D',Liberia,1306248256607797250
gelicailstrsmo,b'Tried making Red Velvet Cake na kulay Pink??? https://t.co/CEm62mg11a',Liberia,1306247994765844480
gelicailstrsmo,b'Cookies ??? Masarap infairness??? https://t.co/LobNT95qwH',Liberia,1306247573846458368
reliablespice,"b'folks this poll is 50/50 serious we got a potential cat for the home, who knows!!'",Liberia,1306244991749160961
reliablespice,"b""@Oblivinati highly valuable items (pls don't KO me)""",Liberia,1306244806784552960
MarcGasilan,b'wrong move',Liberia,1306244179366879234
seulgirhythm,b'@cyceres: ang probinsooner... :(( https://t.co/lj4oSApou8',Liberia,1306243109504782337
gigiseeella,b'@miiggooo yown',Liberia,1306233079250395138
gigiseeella,b'@errrrana thank u bes! labyu ??',Liberia,1306232963047202819
_rnlyndeleon,b'goodnight',Liberia,1306232509118595074
_mckhylvnc,b'So done with you.',Liberia,1306232398732865536
filthyjuann,"b""Take advantage of your ruling planet, Jupiter's, benevolent in... More for Sagittarius https://t.co/cQu0oDBKo4""",Liberia,1306231777116082177
autognow,b'Keep right in all the things you do! #altercebu #altermandaue #alterlapulapu https://t.co/aUSA5tVZV1',Liberia,1306214070589124609
stphnmrgx,"b""Can't waittt hehe https://t.co/FqZlerZDe5""",Liberia,1306207389016711168
syabiaaa,b'@skaypawpatrol *shareloc*',Liberia,1306205864441700353
Cristinemayv,b'drained.',Liberia,1306178407936356352
Cristinemayv,"b'@jrrhx_ I miss you too, jara!! ???'",Liberia,1306177197397348353
trishalliana,"b""It means they're not the right person for u https://t.co/nwOm5w8A7s""",Liberia,1306174090923794432
arvieshayne,b'thank the heavens for patrice marie cagape ???',Liberia,1306164793460420609
Cristinemayv,"b'@alvarezalliah congrats, alliah!!! ??'",Liberia,1306160229512478720
Cristinemayv,b'@jrrhx_ same po!!',Liberia,1306147712497152007
Biiii84,b'RT @DiogenesPrata: Peaky Blinders',Liberia,1306145695678820352
eloisaelayda,b'GRABEEEEE ATE THEAAAAAAAA. ?',Liberia,1306106193203531776
garciaroseann_,b'k done',Liberia,1306100679606296577
promppz,b'eyez=blessed https://t.co/CtJLCRLhdg',Liberia,1306096129574973440
Cristinemayv,b'All of this for Your glory.',Liberia,1306092429771042816
eloisaelayda,b'No one',Liberia,1306091162931847169
Cristinemayv,"b'less of me, more of You.'",Liberia,1306089888878452736
reliablespice,b'date night at the red lobster coming up soon my girl and i are gonna try the dewgarita nothing matters anymore except my gal and her joy ?',Liberia,1306088532373573632
reliablespice,b'item drop when u kill me ? https://t.co/uQXmB7tzBc https://t.co/LY87UcTzps',Liberia,1306086657402298369
seulgirhythm,b'tl is full of nba fans',Liberia,1306085914267979776
jbbrights,"b'lmao me,, i just played cod earlier HASHDHASDH https://t.co/ewRh0wajmD'",Liberia,1306079876332486657
autognow,b'#altercebu rainy days are jeer...jeer! ?? https://t.co/WtDpTeLnLb',Liberia,1306072548216455172
itsyloiza,b'i h8 having a feeling like this ?',Liberia,1306070577476632576
syabiaaa,b'@gesperinaja capee',Liberia,1306066476772671489
jbbrights,b'@Ynnazandebelsss kain ka comfort foods and put hot compress!!!',Liberia,1306064615722246145
Cristinemayv,b'?: Five Feet Apart',Liberia,1306063967995834369
kimezrabriones,b'@Camgelaaaaa Happy Birthday bhie!! Love you so much! ??',Liberia,1306042285621035009
