user,text,country,id
liyahswrld,b'why tf is the entire city sold out of bel air &amp; moet. like dpmo',Estonia,1306702805156139008
lilmeeru1,"b""It's safe to say that I'm the most loyal, innocent and faithful guy you'll ever meet ??""",Estonia,1306700397889888258
nolettucegang,b'I can not believe I just saw a tweet on my TL of someone saying what?s happening to the ughyr muslims is a hoax ???????????',Estonia,1306696131867537410
jmgvrr,b'i do not deserve this sanity break',Estonia,1306695576042369026
nolettucegang,b'Why mention that crime and gun violence has gone up since masai took over ?  Df does Masai have to do with gun viol? https://t.co/MTR5STO2Cy',Estonia,1306694198205313024
Soheirr97,b'@PrayyboiCarti Okay lemme try https://t.co/udtcqs1ivd',Estonia,1306693347264942081
YacineBNZ,b'The motivation from my friends keeps me going?? https://t.co/i6k3gYCiWi',Estonia,1306693180583280640
carolelizabeth1,b'This thread is just &gt;&gt;&gt;&gt; https://t.co/MAoKKOuhWN',Estonia,1306693133904863233
Soheirr97,b'@pinkfaerie @PrayyboiCarti Hey hey hey it?s just a dream... it can happen if Mir steps up his flirt game',Estonia,1306692971056766978
AriaMcmayo,b'RT @liyahswrld: ?? Sept 18th cmon now',Estonia,1306692634040246273
Soheirr97,b'??? dreams mean things !!! https://t.co/Ap2JXV8NOT',Estonia,1306692626004029440
liyahswrld,b'?? Sept 18th cmon now https://t.co/1mNKNc57ZB',Estonia,1306691998649384962
Soheirr97,b'@pinkfaerie @PrayyboiCarti I had a dream y?all were married... oups sorry wrong universe/reality',Estonia,1306691344472121367
Soheirr97,b'@pinkfaerie Oufff ? How are you gonna break the news to @PrayyboiCarti ??',Estonia,1306690594702585861
Soheirr97,b'@pinkfaerie Silverrr whos the babydaddy !!!?',Estonia,1306690035861905408
RegaloJnr,b'@Martin_Jnr1 Dawg',Estonia,1306689406548545537
imannn_ali,b'RT @lilmeeru1: |???????????|\nYou will accomplish\neverything you dreamed of\n|???__???????_|\n                \\ (???) / \n                  \\?',Estonia,1306688487500914688
haniyazee,b'@WahabAMalik mine too fr i hate her ?',Estonia,1306688198639263757
WahabAMalik,b'RT @haniyazee: where do y?all find best friends like that... https://t.co/adl3WOCnxs',Estonia,1306687971224158208
haniyazee,b'where do y?all find best friends like that... https://t.co/p6gLxSscR6 https://t.co/adl3WOCnxs',Estonia,1306687852403666944
haniyazee,b'@CbaSzn @urmomsadyke beg qasid to add u back',Estonia,1306687361976348672
ThakShawnR,b'My WNBA hoodie came in and it?s so fucking nice!!!!',Estonia,1306687156497387523
AlexWalters98,b'RT @rahulfinesse: HXFCAMO SET + VINTAGE HATS DROPPING TODAY AT 7pm??? Exclusively available at https://t.co/nDtebkJOD6 ? https://t.co/ESV8T?',Estonia,1306686064581586947
Druk844,"b'testing my limits, next 2 months is gonna be a grind https://t.co/1ReSMk7E96'",Estonia,1306685573646745603
lilmeeru1,b'|???????????|\nYou will accomplish\neverything you dreamed of\n|???__???????_|\n                \\ (???) /? https://t.co/SJCOWtlm1c',Estonia,1306685054098247689
Druk844,b'need 1 for arena with bhronos',Estonia,1306683027758747649
Ilive4Purpose,b'RT @carolelizabeth1: Missy Elliott is top 2 and she ain?t 2.',Estonia,1306678834503262211
lilmeeru1,b'@heyitsaalia Not you &gt;:(',Estonia,1306678369254211584
RDiankulu,b'Apple took another dip which means https://t.co/ugrRRhupef',Estonia,1306675615228203009
SweetDsArgoFan,b'Tell @justintrudeau: Canada needs a basic income so we can all afford to keep a roof over our heads and put food on? https://t.co/wn33q48mBD',Estonia,1306673679498203137
lilmeeru1,"b'""We need to talk""\n\nMe: https://t.co/2FgsdtrAa7'",Estonia,1306673160654290946
_____Talia,b'RT @liyahswrld: If you?re a man and don?t know how to cook thats pretty slack',Estonia,1306672255217414145
haniyazee,b'@CbaSzn @urmomsadyke aired bro',Estonia,1306671912886644739
Mish_Chris,"b""RT @MalBenz: Ang sad lang if the person doesn't vibrate the same energy that you give to them. Wala lang parang ur always trynna be nice to?""",Estonia,1306669642287468544
SweetDsArgoFan,b'You may be enjoying your work projects to such a degree today ... More for Leo https://t.co/CiheEloXoA',Estonia,1306669367115960321
JinoAngelo,b'RT @rahulfinesse: HXFCAMO SET + VINTAGE HATS DROPPING TODAY AT 7pm??? Exclusively available at https://t.co/nDtebkJOD6 ? https://t.co/ESV8T?',Estonia,1306668934297518081
TrulyLoved_,"b'Factss, we don?t care about our bodies clearly https://t.co/yrQJbuDDLp'",Estonia,1306668600590299142
fahibear5,"b""RT @lilmeeru1: Are you the new popeyes chicken sandwich?\n\nCuz you're a waste of time""",Estonia,1306667215941447686
lacedinblackk,b'RT @haniyazee: things i don?t give: a shit',Estonia,1306665266554650624
Vortexielson,"b'@guffeCS I know, me Danish but I live in Estonia'",Estonia,1306662875365339140
urmomsadyke,b'RT @haniyazee: this you? https://t.co/X2H3hrkbBS',Estonia,1306662751113302017
anteikurecruit,b'RT @rahulfinesse: HXFCAMO SET + VINTAGE HATS DROPPING TODAY AT 7pm??? Exclusively available at https://t.co/nDtebkJOD6 ? https://t.co/ESV8T?',Estonia,1306662211738390529
matalog18,b'8 Ls! 185 - 120 okay',Estonia,1306660483307507712
dreisalazar_,"b'Jennie, you can step on me https://t.co/bxXA4zjVH7'",Estonia,1306660471622086656
NickBalmanxXx,"b'RT @theboymetro: Job shaming is such a low thing to do , cant be disrespecting someone just because they work a job that isn?t suitable to?'",Estonia,1306660428202872833
theboymetro,b'@dibs36260890 Hate when people do that',Estonia,1306660011897171968
SharShar_,b'RT @carolelizabeth1: Missy Elliott is top 2 and she ain?t 2.',Estonia,1306659333913051136
dreisalazar_,b'Same https://t.co/TBmum7mBae',Estonia,1306658482754433030
dreisalazar_,b'My cat h8s selfie okay https://t.co/jCsYqrjts5',Estonia,1306658262666735618
pvkhrajs,b'RT @rahulfinesse: HXFCAMO SET + VINTAGE HATS DROPPING TODAY AT 7pm??? Exclusively available at https://t.co/nDtebkJOD6 ? https://t.co/ESV8T?',Estonia,1306656969193934852
lilmeeru1,"b""Calling all the toronto shisha freaks, what's the best lounge in the GTA?""",Estonia,1306656576657330176
rubbadubjin,b'i swear all the armys named fatima on this app are annoying af',Estonia,1306654375490789377
carolelizabeth1,b'@MissyElliott Love you QUEEN.',Estonia,1306653757535641601
Duke_nz,b'I just want to make some shit I can vibe too',Estonia,1306652961096044545
Niblanaine,"b'@thefitdaniel Dont cry, drink megis and fly'",Estonia,1306652456135331840
SHoTashi6,b'RT @Druk844: honestly curious why 343 had a whole seperate team devoted to MCC when they could have just had all resources focused on infin?',Estonia,1306652247548403714
davionrainesvg,b'RT @carolelizabeth1: Missy Elliott is top 2 and she ain?t 2.',Estonia,1306651959932448769
anteikurecruit,b'RT @rahulfinesse: Almost at 900 followers on hxf?????',Estonia,1306651953078980608
jayzner,"b""this asynchronous module system won't work for a procrastinator like me. I'll still do my assigned task day before the deadline. ?""",Estonia,1306651591852785665
lilmeeru1,b'@S_ammerz it does https://t.co/3V1mlsXzn1',Estonia,1306651221432963077
ggabrrriyela,b'on a scale of 1-10 you?re 9 and i?m the 1 fo uuuuu  charot goodnight',Estonia,1306651042981974016
LegitMartyMar,b'RT @carolelizabeth1: Missy Elliott is top 2 and she ain?t 2.',Estonia,1306650791420321795
alexdashandrea,b'@Hilda_Sefah Thank you!',Estonia,1306650668166533127
fahibear5,b'RT @lilmeeru1: Okay ima do my own giveaway so quote RT this tweet and get no likes or RTS by 6 PM tomorrow. Winner gets a $50 tims gift card',Estonia,1306650252896804866
lilmeeru1,b'@Azmino_Acid TWO people want me dead i hate it here',Estonia,1306649833143447554
rjyhj_,b'libre football manager sa pc omg this is it HUHUHU',Estonia,1306649811077144581
lilmeeru1,b'@heyitsaalia tims isnt in florida last time i checked',Estonia,1306649713463177219
lilmeeru1,b'Okay ima do my own giveaway so quote RT this tweet and get no likes or RTS by 6 PM tomorrow. Winner gets a $50 tims gift card',Estonia,1306649486945595393
lilmeeru1,b'@heyitsaalia can you tell i rlly want this ps5?',Estonia,1306648996178530304
_Sadiyah_,b'RT @haniyazee: this you? https://t.co/X2H3hrkbBS',Estonia,1306648977824194562
lilmeeru1,b'@xwishbishh i could have one but YOU PLAYIN',Estonia,1306648839114371072
Dxnial33,b'RT @haniyazee: this you? https://t.co/X2H3hrkbBS',Estonia,1306648834106445831
lilmeeru1,b'@xwishbishh no ur a snake',Estonia,1306648412998307841
lilmeeru1,"b""@xwishbishh someone else bloody liked it so it's too late now ?""",Estonia,1306648216381861889
DeAndreKing001,b'RT @carolelizabeth1: Missy Elliott is top 2 and she ain?t 2.',Estonia,1306648040879599616
lilmeeru1,b'@billlluswag bro??? UNLIKE',Estonia,1306647991982456832
haniyazee,b'this you? https://t.co/4kHUffv9if https://t.co/X2H3hrkbBS',Estonia,1306647319736180736
lilmeeru1,"b""@xwishbishh unlike and i'll send u $5""",Estonia,1306647314610741249
lilmeeru1,b'@xwishbishh you want me to die????? WOW',Estonia,1306647040563326978
lilmeeru1,b'@xwishbishh WHAT THE HELL UNLIKE RN',Estonia,1306646656956403712
Claycaptcha,b'RT @rahulfinesse: HXFCAMO SET + VINTAGE HATS DROPPING TODAY AT 7pm??? Exclusively available at https://t.co/nDtebkJOD6 ? https://t.co/ESV8T?',Estonia,1306646362340159488
WahabAMalik,b'RT @haniyazee: things i don?t give: a shit',Estonia,1306646241162518528
RDiankulu,b'Raps stop playing around @Raptors pay the man https://t.co/PYpd6T1soh',Estonia,1306645341517819906
Ja1dana,b'@EmmanTuy @the_queenbiish lemme be the ninong',Estonia,1306644946582147073
lilmeeru1,b'@heyitsaalia ur gonna like it stfu ik what ur plan is',Estonia,1306644541513043969
lilmeeru1,b'@heyitsaalia SNAKE?????',Estonia,1306644217381482504
lilmeeru1,b'@heyitsaalia tell me why tf r women liking it???',Estonia,1306642978795130881
ThakShawnR,b'My friend just announced that?s she?s pregnant and I had this exact thought https://t.co/Dnx73yJn00',Estonia,1306642872557502466
rjyhj_,b'@pt_rck73 luv u pat!!! :&lt;',Estonia,1306642435049533440
lilmeeru1,b'@heyitsaalia i appreciate u every day except today &lt;3',Estonia,1306641724610150400
lilmeeru1,b'@heyitsaalia I NEVER GIVE UP',Estonia,1306641641135054849
lilmeeru1,b'my mutuals never interact with me on every other day but they just have to pop on a tweet where i dont want ANYONE? https://t.co/GJL0QiwpNR',Estonia,1306641179958747142
Silvaadude,b'I?m busy during the day tomorrow so I can?t stream cold war until the late evening?',Estonia,1306640827293335555
Mizzbeatz__,b'Today rewards deep discussion with close family members about ... More for Cancer https://t.co/0KiTSu3OgW',Estonia,1306639138024615942
aniiiyara,b'RT @aniiiyara: i wasted 15 minutes editing this https://t.co/jzBLCKYWmU',Estonia,1306639087827255297
marionxperez,b'i?ll still always be the lucky one ?',Estonia,1306638842762416128
lilmeeru1,"b""@BlurrbubbIe I suddenly can't read &lt;3""",Estonia,1306638811355590657
rahulfinesse,b'HXFCAMO SET + VINTAGE HATS DROPPING TODAY AT 7pm??? Exclusively available at https://t.co/nDtebkJOD6 ? https://t.co/ESV8TSSAhY',Estonia,1306637995093692416
aliisakeys,b'buying yourself the ps5 energy https://t.co/ukSqeyo1rJ',Estonia,1306637804919644160
lilmeeru1,b'@heyitsaalia ???????????? WTF LEMME BREATHE IN PEACE',Estonia,1306637567845171200
