user,text,country,id
MuchokiC,b'RT @Mariakaigai: The difference between man/ women mkifika room ?????? https://t.co/K6H0ENkO7W',Bahrain,1306690774000689152
7miill_,b'Real life means family and friends',Bahrain,1306690555003445257
sli10_,"b""I'm at Dose in Dammam, Ash Sharqiyah https://t.co/6fgb2Q2x2C""",Bahrain,1306690343279243265
Lulualthomairy,b'being the car dj is a very stressful job',Bahrain,1306690322907516933
May_B_Mon,b'I?m cashing in',Bahrain,1306690280993759234
xnjm5,"b""I'm alive but the question? What is the point of living when I don't feel alive?""",Bahrain,1306690279139876867
iZahraZuhair,b'Sometimes your scars... https://t.co/Yxo6IP5SZI',Bahrain,1306690256662679552
xnjm5,b'I went through my darkest times alone so I?m sorry if I act like I don?t need anyone',Bahrain,1306690088408096784
SaraMohammedA46,b'I miss you.',Bahrain,1306689944690274305
majidurrehman,b'That late female power in antique Arabia was later overcome by Islam. https://t.co/XKcqfQQ69w',Bahrain,1306689756550627328
SaraAlshukri,b'Overthinking ?.',Bahrain,1306689407865454593
Mariakaigai,"b""@TheTvPlug There's hope pal??""",Bahrain,1306689394691186696
nimra_kazmi_,b'@vulnerable987 Pleasure ?',Bahrain,1306689370972397575
xiift1,b'my baby? https://t.co/NkOvGCEJVG',Bahrain,1306689350831411200
Sant0ri,"b""I'm at Balance Coffee in Al Khubar, Ash Sharqiyah https://t.co/5Kd3BRlMvV""",Bahrain,1306689210829680640
nadaalnn,b'people?s bullshit and fakeness are the main reason why i like being alone',Bahrain,1306689156937117696
maisq96,b'The sign                      The face https://t.co/v2ZUDCN7oS https://t.co/ntzJNMPOrd',Bahrain,1306689151622881297
dheeman007,b'RT @just_kashyap: Kindly please spread this message to your surrounding small business who are struggling due to pandemic. https://t.co/n9i?',Bahrain,1306688960672874498
HamraBaloch,b'I feel sad the younger lot will never know these. https://t.co/T7nraR4fA6',Bahrain,1306688888883367936
nimra_kazmi_,"b""@MajidZafarsayss There's no sharing option ??""",Bahrain,1306688878972149767
Naut_Piyush,b'RT @just_kashyap: Kindly please spread this message to your surrounding small business who are struggling due to pandemic. https://t.co/n9i?',Bahrain,1306688875864023040
_xxlr8,b'Goodbye Twitter????',Bahrain,1306688810579828736
Halmulla38,"b""@thataqeya Even when I lose I'm winning ?""",Bahrain,1306688680090886151
frekysn,"b""Hold me let's escape..""",Bahrain,1306688603813220354
nimra_kazmi_,b'@vulnerable987 I guess your maturity ? the kind of stuff you tweet shows that',Bahrain,1306688581914763264
Mariakaigai,b'@NjeriMuchina2 Hello very much ?',Bahrain,1306688541506834433
nimra_kazmi_,b'@MajidZafarsayss They say I am always full of energy ?',Bahrain,1306688405376507911
AK21RD,"b'@AllJuveCast - What?s your preferred lineup and formation?\n- Assuming Dzeko/Higuain is finalized, how would you rat? https://t.co/FqowBu15aB'",Bahrain,1306688347885142016
pxt_7,b'@ISl6_2 Friends ?',Bahrain,1306688337676316673
zuhra_zakariya,"b'Don?t just exist, live'",Bahrain,1306688329346416641
ekamsidhu1984,b'@Parmjee83723405 What oh jwaab wrong honge',Bahrain,1306688229521981445
Halmulla38,b'A true idol https://t.co/LyrqYUV50s',Bahrain,1306688153521184769
Noufley,b'go daddy go',Bahrain,1306688126509821952
ZozoAlkhalifah,b'@shamlan_abeer No way ?',Bahrain,1306688047837257734
_fiiz,b'Loving can hurt j',Bahrain,1306688015545311244
x0xill6,"b""RT @x0xill6: I don't like your silence and your absence, and I can't afford time without you, but I can't do anything about it""",Bahrain,1306687980933910536
NawafAlaswad_,"b""I'm at Raising Cane?s in Dammam, Ash Sharqiyah https://t.co/KHuY8eDXtr""",Bahrain,1306687834405863424
nimra_kazmi_,b'@Bint_e_Sadiq Thats cute ?',Bahrain,1306687785554894848
x0xill6,b'RT @x0xill6: I want to cry',Bahrain,1306687623205920776
AlBarrak_Bader,"b""Look, I'm the type to talk to the stars Straight up""",Bahrain,1306687469878943761
Shadow_Kage505,b'I need a good night sleep https://t.co/BRsZGC8cBL',Bahrain,1306687436613971969
SherBah46958042,"b'RT @Aramco: At #Aramco, we have a passion for enabling people to grow. We create opportunities to empower them to build a foundation for th?'",Bahrain,1306687371493044225
beasenzatrice,b'ciao Francescaaaa sand you abbacchio baciiio bacio ok i have t i have ti learn italian https://t.co/Ak9w9dCL5F',Bahrain,1306687371002482688
faithhaji,b'Make a wish',Bahrain,1306687167092137998
4i_love,b'be honest with me even if it hurts',Bahrain,1306687123098132482
nm3wd,"b'Me too , wish you have a happy life ??'",Bahrain,1306686957515354114
Mariakaigai,b'@Kianangih Hello?',Bahrain,1306686949093191680
olahussainn,b'I think so https://t.co/PCeUTStAGH https://t.co/24VbhLdqpM',Bahrain,1306686709028003844
BeAdultTrying,b'@TimJDillon Fat people die because they too fat to cough.',Bahrain,1306686683350552577
NightBlood0,b'@BatoolSA5 Legends never die ?',Bahrain,1306686595119165443
AAAG13,b'Just posted a photo https://t.co/sqCakgdHBr',Bahrain,1306686589695938563
Mariakaigai,b'@NashonGaza @gidikariuki No time???',Bahrain,1306686552706293760
regllsy,b'@lostbaby29 Understandable have a great day ??',Bahrain,1306686260283613188
Ctrl6,"b'RT @US5thFleet: (3/3) Paparo also expressed appreciation to Said for the continued support from the Government of Egypt, Suez Canal Authori?'",Bahrain,1306686180730249217
Ctrl6,b'RT @US5thFleet: (2/3) The leaders discussed the importance of integration and interoperability between the navies of Egypt and the United S?',Bahrain,1306686166108958727
Ctrl6,b'RT @US5thFleet: (1/3) NAVCENT/@US5thFleet/@CMF_Bahrain Commander VADM Samuel Paparo spoke with Commander of the Egyptian Navy Vice Adm. Ahm?',Bahrain,1306686145770782720
HoorXM,"b""I'm at Dose in Dammam, Ash Sharqiyah w/ @zahraxhm https://t.co/MVeH9qydeO""",Bahrain,1306686070550138885
ExpertOmar,b'RT @Shyousef_: And which one are you??? https://t.co/U0XkJdsWmQ',Bahrain,1306686033753509888
21RHCP,b'@Alpha_Remix_HD @bryanalvarez Wow great realization! Up next: the sky is blue.',Bahrain,1306685983061090305
l2iiiq,b'2020 stop pleaseeeee https://t.co/p0Z1jod8bz',Bahrain,1306685981832237060
DanaYousif_,b'@Bibii6363 @TheTalalSam @AreekaPodcast WHY BIBI WHY ! https://t.co/BQeXkKqwo5',Bahrain,1306685837611012097
wadha00hamed,b'Oh honey oh baby ????????',Bahrain,1306685733193871361
_itsAyat9,"b""I'm at Destination 35 in Al Qatif, Ash Sharqiyah w/ @a7medmaf https://t.co/wNmPPQwLJs""",Bahrain,1306685485339807746
Jiixx_23,"b'Negative people feed off of your anger, let them starve.'",Bahrain,1306685415710171154
Firazyyy1,b'Obey Dices - Monarchy https://t.co/VtsQXO4qJp via @YouTube',Bahrain,1306685331194949633
Sulaiman_Gos,b'Lovely footwork there wasn?t? by Diaz ???\n\n#Milan #Footwork #Lovely #ByDiaz #Music https://t.co/f1VlhF1zZF',Bahrain,1306685254699278336
illi64,"b'what kind of mutual am i?\n?: you?re a clown, funny, talk a lot\n?: you?re soft, shy, friendly, cute\n?:  i have crush? https://t.co/KIRnWW5hwP'",Bahrain,1306685181688975360
BeeRo787,"b'""Sometimes you will never know the value of a moment until it becomes a memory""'",Bahrain,1306685115041542145
zancoosha,"b""I'm at Starbucks in Dammam, Eastern Province https://t.co/GuLKsVzLP6""",Bahrain,1306685037941854210
isafhsan_,"b""I'm at Meed in Tarout, Eastern https://t.co/zVJXE4mCI7""",Bahrain,1306684808551174148
hibahnw_,b'best for last',Bahrain,1306684772161331205
May_B_Mon,b'I?m all the way up',Bahrain,1306684651768078344
_realKhaled,b'@izay_9 On fire always ???',Bahrain,1306684616422633472
f11x01,b'She?s the best @Muxaraya ??',Bahrain,1306684610869440518
Mansour_555,b'My new wallpaper ??? https://t.co/zXtvl0HF1c',Bahrain,1306684395143786497
leyviemaymay,b'RT @yulobflorenz: I love you Marydale\n\n#MaymayEntrata @maymayentrata07 https://t.co/9eEz0TNXdo',Bahrain,1306684388348841984
Kamilsalamah,b'@deuel_g It?s glaringly obvious: zero without a doubt. Why? He?s seriously and dangerously psychologically disturbed.',Bahrain,1306684362596012038
xmrv8,b'Wake me up in 2021',Bahrain,1306684285848608773
shivaniojha,b'RT @just_kashyap: Kindly please spread this message to your surrounding small business who are struggling due to pandemic. https://t.co/n9i?',Bahrain,1306684211848310784
AzizaBokhari,b'@otaibi_bk Back in preclinical years I ADORED immunology ?',Bahrain,1306684208220385281
AzizaBokhari,b'@FajerAlDulaijan It?s definitely a love-hate relationship ??',Bahrain,1306684099155894273
AzizaBokhari,b'@hussainnouh Crossed my mind once tbh',Bahrain,1306683990632534018
AzizaBokhari,b'@leyanalotaibi Music to my eaaarrrsss',Bahrain,1306683724722036737
The_WittyLawyer,b'RT @just_kashyap: Kindly please spread this message to your surrounding small business who are struggling due to pandemic. https://t.co/n9i?',Bahrain,1306683658963615745
Mariakaigai,b'@TheTvPlug Midget??',Bahrain,1306683632212496385
lindabekax,b'how you cheat on someone you say you in love with? i never understood it.',Bahrain,1306683630719303688
s_srivathsava,b'RT @just_kashyap: Kindly please spread this message to your surrounding small business who are struggling due to pandemic. https://t.co/n9i?',Bahrain,1306683566164598784
Catwomaann_,b'RT @fuckedupii: you either be real with me or get the fuck out of my face',Bahrain,1306683554613649410
Reem_Dossary,b'When one door closes another always opens!',Bahrain,1306683547575619588
milanfansbh,"b'Just posted a photo @ Manama, Bahrain https://t.co/eHKhDpVZM4'",Bahrain,1306683538666909696
Shadow_Kage505,b'Hello cat ~ https://t.co/5D5koM9Qwz',Bahrain,1306683508111355906
AzizaBokhari,b'@RubaAlnajim Never liked it ??',Bahrain,1306683493800390657
jojo_alt22,"b'I don?t know if I want to see the end ,I have a bad feeling ?'",Bahrain,1306683486389112832
ihx220,"b""I'm at @Burger_Site in Dammam, Ash Sharqiyah w/ @aboodal27 https://t.co/0NgY792SI3""",Bahrain,1306683432240664583
AzizaBokhari,b'@DAlrusayyis I like the way you thinkkkk',Bahrain,1306683393879560193
SachinsTweet,b'RT @just_kashyap: Kindly please spread this message to your surrounding small business who are struggling due to pandemic. https://t.co/n9i?',Bahrain,1306683385188773888
4i_love,b'i swear old songs are the best',Bahrain,1306683377123237888
AzizaBokhari,b'@cocorasool definitely on the list ?',Bahrain,1306683304889012227
AzizaBokhari,b'@ZainabZaki97 A big no ??',Bahrain,1306683230947606530
azizanfsz,b'Forever? https://t.co/xnnMD7285f',Bahrain,1306683141093044231
LeeGregoryPeck,"b""@Hold_my_cider @DalrympleWill Do you have any experience of teaching history at primary or secondary level? I've se? https://t.co/WTjf1VRn8o""",Bahrain,1306732363100155905
Nadeem2000H,b'@ShAwaispmln @DilshadNpmln Absolutely right',Bahrain,1306732318720172033
RedHameed,b'For the 2nd time I get an empty can of #mirinda in a pack. First time it was a #pepsi \n#Dammam #KSA https://t.co/FYPdI0iQns',Bahrain,1306732083868512256
noraaldossaryy,b'@njoudshareedah happy birthdayyy!!',Bahrain,1306731743303659520
RayanAjj7,b'Pain',Bahrain,1306731733195329541
khaledtaha94,"b""Part of my system in selecting a series to watch is to actually wait till it's out for a while &amp; all the hype/hate? https://t.co/hbHZFzlIyQ""",Bahrain,1306731724487917570
fuckmylife633,b'@h91qx @Sll_llh @xt311j I luv u too?',Bahrain,1306731714404847620
3bady4,b'Whatever.',Bahrain,1306731656368267264
LIr1__,"b""We push and pull like a magnet do\nAlthough my heart is falling too\nI'm in love with your body?""",Bahrain,1306731612709752838
9vq18,b'@ii0ziii Happy birthday ???',Bahrain,1306731569466531842
LuluAveo4,b'RT @Aramco: Khurais becomes second #Aramco facility to join prestigious WEF Global Lighthouse Network.\n\nLearn more: \nhttps://t.co/IacEhpl4q?',Bahrain,1306731513116069888
LIr1__,b'I?m in love with the shape of you',Bahrain,1306731476642390018
Nadeem2000H,b'@sheikhsafina @Noyan39869956 @AbsarAlamHaider Excellent job',Bahrain,1306731444551725057
percyjackrsn,b'the duff https://t.co/tuuocYgv2c',Bahrain,1306731313613938688
ImperfectGirl07,b'RT @BrainWasher22: On repeat? ? https://t.co/kj142m3UYa',Bahrain,1306731218688290821
ImperfectGirl07,b'RT @BrainWasher22: @Ch_Hassii Yeah this is the solution we have bro.',Bahrain,1306731210001932288
MohdAwaizVaid,b'@airindiain I know Saudi Arabia has allowed travel to only Iqama holders and that?s my whole point. I do have a val? https://t.co/ejW0vfJo7f',Bahrain,1306731153127174144
ImperfectGirl07,"b'RT @BrainWasher22: i,ll Tell You What,s Wrong With the World: There Are Too Many Servants Of Lust and Not Enough Masters of Love (:'",Bahrain,1306731151722123264
wwoil,b'my thoughts will destroy me',Bahrain,1306730844808269826
ktf7_,b'RT @Lulualthomairy: being the car dj is a very stressful job',Bahrain,1306730617111969793
m894x,b'@toNeverrland @li7501 Poor us',Bahrain,1306730607062462471
aseel87305694,b'@iiiraghad7 Orthopedic ??',Bahrain,1306730431677595655
abumt3ab1,b'the best \n#WelcomeBanega',Bahrain,1306730300970594306
LeeGregoryPeck,b'@Hold_my_cider @DalrympleWill Why are you slandering the English National curriculum? Have you actually read it? We? https://t.co/C8jFEPfdPS',Bahrain,1306730258239021057
Nadeem2000H,b'@MTauqeer101 @NApmln9 @alipmln7 @summandar01 @AmraButt11 @Atifrauf79 @Shanaz_SR @ZeshanMalick @SehrishRobina? https://t.co/EFxU1rYdm6',Bahrain,1306730215759138821
itsBayanii,b'why do people think we?re being dramatic when we talk about our death? we?re literally just talking about the next? https://t.co/C4FSExbWu1',Bahrain,1306730021038546946
Nadeem2000H,b'@sehr_rimsha @NAIRA_266 Congratulations',Bahrain,1306729967548588034
M7mdAlkhaldi0,b'@ljvna Real*',Bahrain,1306729799256338440
6elm4,b'i wish i could shut my brain off',Bahrain,1306729554027991046
alkalthoom,"b'@AlsArwaa That is my ""rule of thumb""'",Bahrain,1306729427984936960
ReturningToLydd,b'I read that as palestine and still thought it was totally normal becuase my jido was a carpenter. https://t.co/VsABwZSbCR',Bahrain,1306729406614966275
ljvna,b'RT @M7mdAlkhaldi0: Real people are SOLD OUT',Bahrain,1306729400147349504
ljvna,b'@M7mdAlkhaldi0 Fake*?',Bahrain,1306729394355011584
Y_ibrahim21,"b""I'm at Yaqeen House ? in Al Qatif, Ash Sharqiyah https://t.co/E9ScOpohCS""",Bahrain,1306729362834837504
kindahmvd,"b""@lnln787 Yeahh but it's nothing like this in real life?????""",Bahrain,1306729285571543041
alkalthoom,b'@AlsArwaa If I made an espresso with the coffee I have and it turned out to be too much acidic or bitter for me ..? https://t.co/BaDoQ5eRK3',Bahrain,1306729265564712961
sl73l,b'Bad mood',Bahrain,1306729218701758467
kindahmvd,b'Anyway I missed this place?',Bahrain,1306729080822411266
raz55z,b'A night with harry songs??',Bahrain,1306729032164282369
rubatm0,b'@xnnothing Happy birthday ghasan may all your dreams come true ?',Bahrain,1306728924479655938
percyjackrsn,b'@labellaIuna gostou? KKKKKKKKJJJJKKKKKKKKKKKKKK',Bahrain,1306728842443272194
aks__94,"b'i love listening to lies when i know the fucking truth ,,'",Bahrain,1306728551090135040
M7mdAlkhaldi0,b'Real people are SOLD OUT',Bahrain,1306728511378460672
__Zay9,"b""I'm at Qatif Corniche in Al Qatif, Ash Sharqiyah https://t.co/RelEqkAVAJ""",Bahrain,1306728028022636544
_hm30,b'What happened to the people we were?',Bahrain,1306728021622218753
irs7adsharif,b'You wake up with ?good morning babe?\nI wake up with ?open the link and join the class?\nWe are not SAME bro',Bahrain,1306728007952986112
eng_alshabi,"b""Don't call me\n\n.""",Bahrain,1306727798275481600
itsBayanii,b'took me around 2 minutes to realise that i was trying to switch on the AC using the TV?s remote..',Bahrain,1306727725021921286
_rx9ff,b'i need my laptop back someone resurrect it my productivity level is ????',Bahrain,1306727708865560576
icygurll,b'@badmamiiiii @Ma66gh Not Overthinking',Bahrain,1306727676984598533
ralyassii,b'Good night',Bahrain,1306727524278378497
Nancy_ihaji,b'@RadioCitizenFM @bekimwamburi Mark me present\n@TeamMagwiji\n#citizenexpress',Bahrain,1306727180198645769
_twothousand_,b'bruh will never learn anything https://t.co/04BfBYjb6Q',Bahrain,1306727139698409472
G1nok,b'Queen https://t.co/OG1ZI21EBI',Bahrain,1306726987717894146
vvted6,b'The best sleep will start now?',Bahrain,1306726924237012992
bestvirgo8,"b""I stay up all night tell myself I'm alright""",Bahrain,1306726858084487174
SajaAlenezi,b'How your life feels is more important than how it looks.',Bahrain,1306726800832311297
_danaalhakkas,b'RT @Lulualthomairy: being the car dj is a very stressful job',Bahrain,1306726708008157185
MuwandoN,"b'@stevenfurtick Psalms 107:2\n2 Let the redeemed of the LORD say so,\nWhom He has redeemed from the hand of the adversary'",Bahrain,1306726691608420353
Yousif_Qamber,b'@lulwabuhsyeen Happy birthday ?',Bahrain,1306726686470418432
joodi_23a,b'@xnnothing Happy birthday ??????',Bahrain,1306726678299906048
i166l_,b'can men just shut the fuck up for just one day',Bahrain,1306726653540872195
Alanoudo_,b'RT @Lulualthomairy: being the car dj is a very stressful job',Bahrain,1306726596502532099
yaraamm_,b'So much to be grateful for?',Bahrain,1306726533990580226
NoraAl3nizi,b'The sign                      The face https://t.co/1cFjtfvk3H https://t.co/FSj4xBNHAf',Bahrain,1306726364591075329
3nd_m,"b'?Don?t overestimate someones feelings for you, that?s risky?.'",Bahrain,1306726325173080064
LM_SMN,b'RT @_Pexw: I am a professional player . https://t.co/aOkjs0yZzm',Bahrain,1306726301760450560
NMalbutairi,b'Whats meant for you will always find its way back to you',Bahrain,1306726276737183745
xnjm5,b'Tell me I am special !\nhttps://t.co/vE3ZfgyNsM',Bahrain,1306726043181617157
Saraabdullh92,b'My mother\nis not like any mother',Bahrain,1306725970364239873
omarnidhal7,b'The voice of your loved one when she is sleepy ?',Bahrain,1306725785991106562
Imaldanah,b'Now take me home alive',Bahrain,1306725663173468161
RaghadSaffar,b'@Lweela_ Hematology!',Bahrain,1306725563374108674
53666I,b'Best couple ever ??? https://t.co/IT13cXathk',Bahrain,1306725385678266370
wouIditmatter,b'Well https://t.co/hRZIGT3x2Y https://t.co/oAYZ1VfZ2P',Bahrain,1306725211090423811
Jassim_alwaraqi,b'@Ordinary1World Because men always keep staring at tempting backside of women like apes',Bahrain,1306724760768974859
_Simoon00,b'I strayed away to a place where illusional thoughts can be concealed. \nI disclosed my delusions to her and she was? https://t.co/2GxnHR6dEE',Bahrain,1306724679231700994
Halmulla38,b'@M7mdAlBannai18 Like is she that thirsty for attention. She isn?t a model or something! Come on.',Bahrain,1306724445764104199
Abz0113,b'Science lessons were the funniest ? https://t.co/G3hqKmbfbO',Bahrain,1306724414143238144
cu67dl,b'RT @itssadina: trust me I?m always ready to say goodbye',Bahrain,1306724255686631424
Abz0113,b'Playing Redass during lunch ? https://t.co/G3hqKmbfbO',Bahrain,1306724055630962688
_mnirah_,"b'@TEN506 Happiest Birthday to the most wonderful Friend &amp; Sister, May all your dreams come true ??'",Bahrain,1306723919651536899
dr294x,"b'It?s felling of betrayal, that I just can?t seem to shake!'",Bahrain,1306723890803216384
Abz0113,b'She?s in love with my gangster shit ?',Bahrain,1306723502557474829
barlishery,"b'RT @rrxxlz: The moment that made you a hypocrite, it?s the moment that I always feel disgust towards you'",Bahrain,1306723486405197824
RMZ_97_,b'I?m ? ready to spend my whole money on this store XO? https://t.co/hQuxZAZnXd',Bahrain,1306723454704652289
AlzainAlm_,b'people can?t ruin what they don?t know',Bahrain,1306723306356322305
AlnemerAlis,b'Final Fantasy VII https://t.co/BrG5x0awDf',Bahrain,1306723299456679937
kindahmvd,b'I look like 12 years old in here??? https://t.co/pA7PSo1LfI',Bahrain,1306723218284310528
ARS_Limited,b'RT @US5thFleet: Water Survival.  @USCG Guardsmen assigned to Patrol Forces Southwest Asia in #Bahrain conduct water survival training. PATF?',Bahrain,1306723184746655744
Halmulla38,b'Did she just paid for twitter to promote her pictures? Wow what a content',Bahrain,1306723175498240000
Hayamsu_,b'Real ones will always be there for you.',Bahrain,1306722975392165893
RaghadSaffar,b'@DAlrusayyis ENT definitely',Bahrain,1306722955049697291
jassomeid,b'Sal Houdini - I Keep Falling (Audio) https://t.co/OctAQ3FU3g via @YouTube\n\nMood : high in the sky ?',Bahrain,1306722755203796993
SaraahK___,b'@MeznaK_ I know righttt??',Bahrain,1306722223059861505
thesadangelll_,b'a feeling you just cant explain',Bahrain,1306722051496062979
ubled0,b'RT @_Pexw: I am a professional player . https://t.co/aOkjs0yZzm',Bahrain,1306721921212481539
FawazSays,b'@RefinedSrhn I just did https://t.co/0ucZ0AJc5a',Bahrain,1306721776982994950
su3oob,"b'Stop feeling, and start SEEING https://t.co/FTCcGnvsSa'",Bahrain,1306721725846089730
amuslim557,"b""I'm at Lenore Cafe in Al Khubar, Ash Sharqiyah https://t.co/SoURNKixGN""",Bahrain,1306721635349733376
