user,text,country,id
elculomasrixo,b'@LevophedP Ashe ??',El Salvador,1306703568322334720
maddiezelaya01,b'Cows eat more than squirrels eat...\nmood',El Salvador,1306703512064139265
nahum_erazo_,"b'Oh, the memories... https://t.co/wjV81SI3Ri'",El Salvador,1306703481542242308
N24HorasES1,b'RT @omarangulo503: Dueto con The King Flyp https://t.co/94Xr6phUyR',El Salvador,1306703172686184448
donner9028,"b'RT @I_Am_Yakiti: COMMISSIONS OPEN (2 SLOTS OPEN)\n\n- Specify the type of commission (Half or full body)\n- Give me details (Expresion, Pose,?'",El Salvador,1306702896050966529
ro_puente,b'@drmartinix Here you go:\n\nhttps://t.co/bJmC3bwC2D',El Salvador,1306702781189849091
rudyjangel,"b'Pop a 911, then pop another one...?\n#911iscoming https://t.co/NnZEEmiXtC'",El Salvador,1306702680790794243
RobbieRuud,b'Very tense moments were live @MotherwellFC. https://t.co/Yt1aCXMAWu',El Salvador,1306702580328927235
RobbieRuud,b'So close! @grantrussell_ https://t.co/R5w1QvjSdd',El Salvador,1306702557063122944
MaroKauil,b'IM READY BITCH!!!!!!!! ??????? https://t.co/HvHkQCbwun',El Salvador,1306702221946519553
JuanJoyaU,b'Awesome! https://t.co/PIHPsRD496',El Salvador,1306701671708397568
JustServy,b'@archillect yooooooooo de blob 3 be lookin sick',El Salvador,1306701637709430785
DavidEMateD,b'SHORT FILM!!!!!!!!!!!!!!!!!! https://t.co/zn2fBvaC0I',El Salvador,1306700977458892801
Gagof_Vongola,b'Oh shit here we go again. https://t.co/ucUALfLr5G',El Salvador,1306700807996309509
bequita_fc,"b'I love that my cats are getting along, but now they are partners in crime and these dickheads thought it be fun to? https://t.co/NqrAV1drdl'",El Salvador,1306700586033852418
eliescalantech,"b'In order to maintain ""corona-free"" countries, airports should be cautious. Please consider the 14 days quarantine (? https://t.co/TVL5y37Sky'",El Salvador,1306700255212310529
Arleen_Asalinas,b'@fsjavier17 Happy Bday ? muchas bendiciones!! ? https://t.co/mmbgKhTSnl',El Salvador,1306699680764637185
HTrolberg,"b'RT @I_Am_Yakiti: COMMISSIONS OPEN (2 SLOTS OPEN)\n\n- Specify the type of commission (Half or full body)\n- Give me details (Expresion, Pose,?'",El Salvador,1306699283295395840
RivasLuis17,b'RT @omarangulo503: Dueto con The King Flyp https://t.co/94Xr6phUyR',El Salvador,1306698867895918592
dmartsomthngidk,"b'@juanfsv81 No worries fren, keep on the good work. ??'",El Salvador,1306698587636731907
Jenni_Haru,b'Well time to leave Nijis 2nd live playlist aside for a while in preparation for Bang Dream 8th ?\n\nKinda made a play? https://t.co/dWS1A3Nij3',El Salvador,1306698565654372357
_Th1ng_,"b'RT @I_Am_Yakiti: COMMISSIONS OPEN (2 SLOTS OPEN)\n\n- Specify the type of commission (Half or full body)\n- Give me details (Expresion, Pose,?'",El Salvador,1306698464257019904
Tonymosiah11,b'Hey siri play AQUI ABAJO by Christian Nodal on Spotify',El Salvador,1306698333327699969
astridlisiu,b'Que nivel de selfishness ?',El Salvador,1306698134672871429
casaselsalvador,b'Blue skies #SanSalvador https://t.co/qYJRjzLN51',El Salvador,1306698056147099650
whoscarslyn,b'love when im at the doctor and hear random death screams in the building. medicaid is really awesome ya?ll',El Salvador,1306697998206988293
JuanJAlas,b'The next day you?re so cold.  https://t.co/iNY91pmnXN',El Salvador,1306697894846750720
IvanBur17903628,b'Playaaaaa https://t.co/SZwNT1LNZ2',El Salvador,1306697738655019012
Ingerivas,b'shut up and take my money.! https://t.co/stvQ3mwJKK',El Salvador,1306697624075096066
Ram98852670,"b'RT @FabioAleRomero: #spectember day 16\nThe Oxygen Fairy, a high derived hymenopteran from 250 Myh that are the size of blood cells, feeding?'",El Salvador,1306697182234501120
GinaaRedd,"b'At this point, I?m just ready to leave'",El Salvador,1306696897319579649
ErectForEla,"b'@SunburnedAlbino Imagine not buying the game because you?re incapable of separating the art from the artist, couldn?t be me.'",El Salvador,1306696743069904902
beemarie24,b'@shadam_jess Chance knew after 2minutes',El Salvador,1306696674300096512
gerardev_,b'Nice look! @AWSLatam https://t.co/6HfLWYhecB',El Salvador,1306696493630468099
AidaRivas_,b'@Andrea_S4 Me cae tan mal el small talk.',El Salvador,1306696380845563905
WendyRo08436281,b'RT @omarangulo503: Dueto con The King Flyp https://t.co/94Xr6phUyR',El Salvador,1306695464599711744
JorgePlatero12,b'RT @omarangulo503: Dueto con The King Flyp https://t.co/94Xr6phUyR',El Salvador,1306695081408311296
JustServy,b'@goobysart I had a couple of conversations with you does that count',El Salvador,1306694426178326530
EdUSAElSalvador,b'We will be learning from our EducationUSA Advisers in Canada (Jenika Heim) &amp; Mexico City (Yandhi Reynoso).\nThis web? https://t.co/tewqJ3xPKY',El Salvador,1306694414270636032
maeral,b'@ropita34 @joelmoreno4m @mocolles @AleMendez4M Amarrate el bloomer mariya!!!',El Salvador,1306694119788605440
MANUELMENA_SV,b'@CarmenElenaAFC mire https://t.co/q8v6V35URV',El Salvador,1306693841177714691
royo_master,b'Wooohoooo @acdc ??on @estudio_rock ? https://t.co/Y6G0ZmE3lS',El Salvador,1306693738056634369
royo_master,"b'#NowPlaying @ScottStapp ""Slow Suicide"" on @estudio_rock ? remembering long nights at #Astral949 ?? https://t.co/X19tvNfVAj'",El Salvador,1306693418215772167
carlosstan1,b'@gsaca Amen',El Salvador,1306693080901390336
carlangas_mau,"b'@Kamira_Nai Yes, it is'",El Salvador,1306692511268823040
kevinfromdabay,b'someone tell my ex to stop fucking around and come back so she can get me this ps5 ?',El Salvador,1306692449973055488
kevinfromdabay,b'where she @ thoe ? https://t.co/T3tVNvOJTz',El Salvador,1306692344826097669
Lucastro_15,b'fireproof de @onedirection \nmy girl (my God) de The Temptations ? https://t.co/QEVVv6OI5J',El Salvador,1306692057663254528
MaferArevalo78,b'i?m about to fckn kms:)',El Salvador,1306691872446992384
ortez88915049,b'RT @omarangulo503: Dueto con The King Flyp https://t.co/94Xr6phUyR',El Salvador,1306691795380850694
DaniAvalos02,b'@AleAlas29 The good doctor',El Salvador,1306690919895310336
RamonG2017,b'@emiliacosplay @asyyyc Don?t think playing vs timmy from iowa and johnny from texas in the mess that is solo q goin? https://t.co/Q2sfyFSGbc',El Salvador,1306690890988167168
meninofrank,b'When ur having an emotional breakdown and she holds your hand and doesn?t let go &gt;&gt;&gt;&gt;',El Salvador,1306690886240264192
SaulGuevara03,b'RT @SaulGuevara03: for: @Whisky_45 \nI always have a lot of fun chatting with you you are a very kind and beautiful person and we have a lot?',El Salvador,1306690840165847040
KaijuZilla98,"b'RT @I_Am_Yakiti: COMMISSIONS OPEN (2 SLOTS OPEN)\n\n- Specify the type of commission (Half or full body)\n- Give me details (Expresion, Pose,?'",El Salvador,1306690816862162946
JustServy,b'@pawpawchan48 themmmmmmmmmmmmmm aaaaaaaaaaaaaaaa &lt;3 https://t.co/G0TYxJCxm8',El Salvador,1306690391643693074
CharlieSofia_,b'WHAAAAT\nshut up and take my money. https://t.co/ReBHObEcSR',El Salvador,1306689824640901148
kevin_only,b'@karlitaelo A shi no??? ?',El Salvador,1306689473678319626
figueroa00c,b'@Jennleiva20 Expertas en among us son?',El Salvador,1306689347345883161
SNecrozma,b'@SaulGuevara03 @Whisky_45 sofia: hehehe lily always as playful as always hehehe ;3',El Salvador,1306689340551110673
SNecrozma,b'RT @SaulGuevara03: for: @Whisky_45 \nI always have a lot of fun chatting with you you are a very kind and beautiful person and we have a lot?',El Salvador,1306689299149135873
Se7ve7n_,b'Lol dude https://t.co/dY4sroyfz5',El Salvador,1306689038380929025
whoscarslyn,b'someone teach me how to make tik toks so i can mess with tanner all the time ?',El Salvador,1306688423479128068
uignito,b'RT @SaulGuevara03: for: @Whisky_45 \nI always have a lot of fun chatting with you you are a very kind and beautiful person and we have a lot?',El Salvador,1306688389136240642
AzarElixss2,"b'RT @farenhatem_777: Khamenei, damn you, Mmugusi. #????_??????'",El Salvador,1306688122705645572
sofmojito,b'?You paint with words...?',El Salvador,1306687842811338752
SaulGuevara03,b'for: @Whisky_45 \nI always have a lot of fun chatting with you you are a very kind and beautiful person and we have? https://t.co/pHThtdIfXa',El Salvador,1306687827070066691
RamonG2017,"b'@emiliacosplay @asyyyc Pros have scrims for like 10 hours a day, they can also play in-houses against their academy? https://t.co/9yHmygA8kC'",El Salvador,1306687767343177737
EstelaPerversa,b'Arrobame culera ? https://t.co/Vm9FgYBrs3',El Salvador,1306687553056190465
GLopez99_,b'RT @omarangulo503: Dueto con The King Flyp https://t.co/94Xr6phUyR',El Salvador,1306686292726513664
cris_energysv,b'@Guatevision_tv @tweet_stamp stamp',El Salvador,1306685565253890051
omarangulo503,b'Dueto con The King Flyp https://t.co/94Xr6phUyR',El Salvador,1306684593899216909
Lesley1760,"b'RT @I_Am_Yakiti: COMMISSIONS OPEN (2 SLOTS OPEN)\n\n- Specify the type of commission (Half or full body)\n- Give me details (Expresion, Pose,?'",El Salvador,1306683620090769408
Lorenzanale,b'@emmiaguirre15 Love you emmmita ??',El Salvador,1306683593738121217
gabrielaov07,b'@sapphicsrlit I need to know everything!!',El Salvador,1306683408379252736
THICCPUPUSA,b'@_pixelpeach Same',El Salvador,1306683363848196097
emilio,b'My comfort movies. https://t.co/qhs9cX1Cec https://t.co/EVXSSKfYBX',El Salvador,1306683014269865988
gcornejo81,b'Oh Shit! https://t.co/He7YhHpwNK',El Salvador,1306682007485849602
SamoGuerrero,b'@tzatza1616 @nayibbukele @MrspiderSV 100% Real no Fake ???',El Salvador,1306681813516062722
PattyBahian,b'ambot!',El Salvador,1306681684096552960
Kolashanpanpapi,b'RT @__Eliette: ?CHOMIN!',El Salvador,1306681569130819591
TatianaVides_,b'Plz don?t break my heart',El Salvador,1306681412746129408
__Eliette,b'?CHOMIN!',El Salvador,1306681391233540096
FrancisNovoa96,b'HOLY SHEEEEEEET https://t.co/wOc6q1inii',El Salvador,1306680639106830336
MarianaaaM20,b'@Daaaansv I LIKEEEEEEEE I LIKEEE?',El Salvador,1306680418377367553
MarianaaaM20,b'@Daaaansv I LIKEEEEEEEE I LIKEEE?',El Salvador,1306680418377367553
ABC1001FM,"b'#DanceFestivalPlaylist\nCamelPhat, ARTBAT - For a Feeling (Layton Giordani Remix)'",El Salvador,1306679944844632064
yucaluigi,"b'RT @I_Am_Yakiti: COMMISSIONS OPEN (2 SLOTS OPEN)\n\n- Specify the type of commission (Half or full body)\n- Give me details (Expresion, Pose,?'",El Salvador,1306679897499336704
Jenni_Haru,b'Wow lol this is just sad https://t.co/mwvpOoCy9H',El Salvador,1306679811478376448
siemprekatherin,b'@Julio32876721 Thank you?',El Salvador,1306679730293350400
Alex_afx2535,b'Ummmm chi chis!!! ??? https://t.co/jy27BpetNk',El Salvador,1306679254646693889
THICCPUPUSA,b'@spencer__head It?s on Sunday!',El Salvador,1306679223503843328
Miron993,b'Black Lives Matter co-founder teams up with pro-Chinese Communist Party group https://t.co/djQZSUSTnK https://t.co/nXP1Y3EwZu',El Salvador,1306679198191247361
Pereirabat3,b'Need again? https://t.co/YLkF5KE7aC',El Salvador,1306679010513084417
arneguerra,"b'Long live Pope Francis!  Be still in the presence of almighty God, creator of Heaven and Earth, of all the seen and? https://t.co/56UKqHTDj6'",El Salvador,1306678913691770880
THICCPUPUSA,b'Me during the Bad Bunny stream https://t.co/EPDbCXQUN9',El Salvador,1306678504650547200
_March_March,b'Necesitanding https://t.co/FaeBbcAyoe',El Salvador,1306678434534486018
DARKESTKNIGHT79,b'@realDonaldTrump Do you think of this nonsense yourself?',El Salvador,1306677853191364609
RamonG2017,b'@fedoragoose @endercasts You can program the keys on the pad to whatever you like so you can',El Salvador,1306677754478432256
d__gipson,"b'million dollar vision, you just need to stay down'",El Salvador,1306677567953526786
RamonG2017,b'@Instynct02 @IWDominateLoL Doesn?t matter if the team wins when rating the individual... you can be prime faker and? https://t.co/VbUuvwuPYB',El Salvador,1306677470435868672
DARKESTKNIGHT79,"b'I?m HEAVILY considering shipping my car to New Jersey.  Every time I say I?m never driving cross country again, I d? https://t.co/WNLIBg21pH'",El Salvador,1306677432099930132
MariaZamani1,"b'RT @farenhatem_777: Khamenei, damn you, Mmugusi. #????_??????'",El Salvador,1306677408414695425
RamonG2017,"b'@kczaban_ @VulcanLoL @MarkYetter Scrims, in-houses against their academy team, in-houses against other players'",El Salvador,1306676888606306304
ABC1001FM,b'#DanceFestivalPlaylist\nMorgan Page with HALIENE - Footprints (Tom Fall Remix)',El Salvador,1306676820738215938
RamonG2017,b'@VulcanLoL Good :)',El Salvador,1306676709694070787
OscarUrrutia,b'I NEED A BFF! PLEASE ?',El Salvador,1306676380973912064
abrahambenavids,b'U2 - All I Want Is You (Preview: U2 At The BBC) https://t.co/1Mn2tgn0nY a trav?s de @YouTube \n\n? ?Woooooooooow!!!!? ?',El Salvador,1306676321167314946
jojolion888,"b'RT @I_Am_Yakiti: COMMISSIONS OPEN (2 SLOTS OPEN)\n\n- Specify the type of commission (Half or full body)\n- Give me details (Expresion, Pose,?'",El Salvador,1306676156515659787
MaroKauil,b'QUEEN OF PREDICTIONS!!!!! ???????? https://t.co/gdWETj6dZ7',El Salvador,1306676000772820995
WhyNotTurtles,"b'RT @I_Am_Yakiti: COMMISSIONS OPEN (2 SLOTS OPEN)\n\n- Specify the type of commission (Half or full body)\n- Give me details (Expresion, Pose,?'",El Salvador,1306675087664439301
OmegaFolklore,"b'RT @I_Am_Yakiti: COMMISSIONS OPEN (2 SLOTS OPEN)\n\n- Specify the type of commission (Half or full body)\n- Give me details (Expresion, Pose,?'",El Salvador,1306674685229387777
phat_wheezy,b'You ever seen a sad person on a jet ski? Me neither https://t.co/YrUKkJ0YvD',El Salvador,1306674591822229506
punderwriter,"b'RT @I_Am_Yakiti: COMMISSIONS OPEN (2 SLOTS OPEN)\n\n- Specify the type of commission (Half or full body)\n- Give me details (Expresion, Pose,?'",El Salvador,1306674302025162753
DatCartoonist,"b'RT @I_Am_Yakiti: A friend is who listens to you and supports you, is everything. https://t.co/VJcMROrI5w'",El Salvador,1306674162686218248
Matadedo,b'@EvyRizz ??  A ver',El Salvador,1306673860947959809
DatCartoonist,"b'RT @I_Am_Yakiti: COMMISSIONS OPEN (2 SLOTS OPEN)\n\n- Specify the type of commission (Half or full body)\n- Give me details (Expresion, Pose,?'",El Salvador,1306673850466422784
InfiniteCombos,"b'RT @I_Am_Yakiti: COMMISSIONS OPEN (2 SLOTS OPEN)\n\n- Specify the type of commission (Half or full body)\n- Give me details (Expresion, Pose,?'",El Salvador,1306672896153202690
OneHellishStep,"b'RT @I_Am_Yakiti: COMMISSIONS OPEN (2 SLOTS OPEN)\n\n- Specify the type of commission (Half or full body)\n- Give me details (Expresion, Pose,?'",El Salvador,1306672794399207426
Defectivenaruto,"b'RT @I_Am_Yakiti: COMMISSIONS OPEN (2 SLOTS OPEN)\n\n- Specify the type of commission (Half or full body)\n- Give me details (Expresion, Pose,?'",El Salvador,1306672688929230848
ABC1001FM,b'#DanceFestivalPlaylist\nSteve Aoki &amp; Icona Pop - I Love My Friends (Armin van Buuren &amp; Avian Grays Remix)',El Salvador,1306672655232389122
psuedofolio,"b'RT @I_Am_Yakiti: COMMISSIONS OPEN (2 SLOTS OPEN)\n\n- Specify the type of commission (Half or full body)\n- Give me details (Expresion, Pose,?'",El Salvador,1306672626555854848
ClareShiney,"b'RT @I_Am_Yakiti: There are no more slots, but when I finish both commissions I will notify when they are available!\n\nThank you!'",El Salvador,1306672372074848258
kevinfromdabay,b'@ work thinking about the fat ass nap ima take when i?m off',El Salvador,1306672315250343936
ClareShiney,"b'RT @I_Am_Yakiti: COMMISSIONS OPEN (2 SLOTS OPEN)\n\n- Specify the type of commission (Half or full body)\n- Give me details (Expresion, Pose,?'",El Salvador,1306672281243049990
DaniMendez4M,b'Dos Top 3 #COE 2020 https://t.co/WOf8Ou5ahH',El Salvador,1306672215404969985
bravehero96,"b'RT @I_Am_Yakiti: COMMISSIONS OPEN (2 SLOTS OPEN)\n\n- Specify the type of commission (Half or full body)\n- Give me details (Expresion, Pose,?'",El Salvador,1306672086384103424
JordiTurcios,b'Always. @jairowmc https://t.co/DVImsKgmO7',El Salvador,1306672066503102464
eduardo_ota,b'@SamPortillo @AlejandroAC_ I read this tweet yesterday and while I was watching some videos right now I thought of? https://t.co/eZbtm1J4Vf',El Salvador,1306671991328518147
gland52,b'@Victor_Petruzzi The mick!!!!',El Salvador,1306671063351414785
drboopgranger,"b'RT @I_Am_Yakiti: COMMISSIONS OPEN (2 SLOTS OPEN)\n\n- Specify the type of commission (Half or full body)\n- Give me details (Expresion, Pose,?'",El Salvador,1306670659657805825
fher_eduardo,"b""what's stopping you from learning a lot from these smart guys?\n\n@applaudostudios  Developers Conference 2020 - Day? https://t.co/0u5NSbvqAn""",El Salvador,1306670647838466049
DavidBerrios010,b'@dasanjur Amen',El Salvador,1306670619422068736
RamonG2017,b'@Instynct02 @IWDominateLoL When you make a list of who?s the best INDIVIDUAL player the only relevant thing is that? https://t.co/epFhabYnlK',El Salvador,1306670402559774720
ABC1001FM,b'#DanceFestivalPlaylist\nArmin van Buuren &amp; Nicky Romero - I Need You To Know',El Salvador,1306669870596194311
josv_dvran,"b'Man, so true ? https://t.co/Qr7z31uSn6'",El Salvador,1306669789105008640
CanalesEd_,"b""i don't need a break, i need to stop""",El Salvador,1306669575740755970
indevii,b'Augmented reality combines the real world with the digital environment and presents great potential to innovate and? https://t.co/QJq6TS7EmE',El Salvador,1306669458384134144
Olivyx_official,b'@Alvaro845 Trankis...',El Salvador,1306669420476018688
ZGCuervo,b'@LeoNarv99094822 Ayes',El Salvador,1306669386707734530
I_Am_Yakiti,"b'There are no more slots, but when I finish both commissions I will notify when they are available!\n\nThank you! https://t.co/hGVw3jh6vf'",El Salvador,1306669364498886656
Marcos43822223,b'RT @I_Am_Yakiti: Dirty Pair Flash (1994-1996) https://t.co/LShq3dQn38',El Salvador,1306669332219473920
EdUSAElSalvador,b'Do you need to improve your English? Or maybe you want to study an undergraduate or graduate program? Visit our fre? https://t.co/ETMcAYn30o',El Salvador,1306669252263383041
carlosmore15,"b""RT @adrihernaandez_: u're in my mind every moment""",El Salvador,1306669107836850178
MironVentura,"b""@MarcellaBaietto Hahaha try to show her the karaoke version and you won't have any problem""",El Salvador,1306668867608096769
SuperStacey318,b'@TheJemmaKing Hi. I?m new and writing a #YA book right now. Nice to meet you!',El Salvador,1306668811949666309
ZGCuervo,b'@JA_serraper Besame......',El Salvador,1306668585385971713
joyo_taype,"b'RT @I_Am_Yakiti: COMMISSIONS OPEN (2 SLOTS OPEN)\n\n- Specify the type of commission (Half or full body)\n- Give me details (Expresion, Pose,?'",El Salvador,1306667093216112640
SurfsUpKENTA,b'RT @I_Am_Yakiti: Dirty Pair Flash (1994-1996) https://t.co/LShq3dQn38',El Salvador,1306666938005778433
WillPotterX,b'@vmauricio11 Guaaaaat!!!!',El Salvador,1306666767964569601
Walter86644469,b'@lilly_lg Idilio -Willie Colon ?',El Salvador,1306666721508458499
dave_quinta,b'RT @kaleman15: @applaudostudios is live! \nhttps://t.co/lImtJKYoMB',El Salvador,1306666665942437889
BlinkRamos,b'@SBSNOW I love her #JISOO',El Salvador,1306666624502697985
jkitaz08,b'????? holis https://t.co/4fBfV5dagu',El Salvador,1306666603711541248
alexarken,b'RT @I_Am_Yakiti: Dirty Pair Flash (1994-1996) https://t.co/LShq3dQn38',El Salvador,1306666357988175873
kaleman15,b'@applaudostudios is live! \nhttps://t.co/lImtJKYoMB',El Salvador,1306666348857171970
sathit34496530,b'RT @BlinkRamos: I love her #JISOO \n@BLACKPINK \n@ygofficialblink https://t.co/OwTEWVfie1',El Salvador,1306665978424487937
JCaleb143,b'@BarcaTimes Now we have overbooking',El Salvador,1306665776166961160
schap123,b'@amelendez81 @sociedadcivilsv @nayibbukele #MolleraSumida detected',El Salvador,1306665725940109313
Alejandroec01,b'Top 15 de canciones de @lorde ? \n\n15-Liability\n14- Royals\n13- Hard Feelings/Loveless\n12- Sober\n11- Tenis Court\n10-? https://t.co/GBZo5mf8Of',El Salvador,1306665667622563840
Sam_mat09,b'@BlackYellow Oscar and # 9 please',El Salvador,1306665587121311747
Fl0werBoyo,"b'RT @I_Am_Yakiti: COMMISSIONS OPEN (2 SLOTS OPEN)\n\n- Specify the type of commission (Half or full body)\n- Give me details (Expresion, Pose,?'",El Salvador,1306665344338198529
jef_sv,b'@El_Ayronman Con albur?  ???????',El Salvador,1306665328433389573
Veros_Veros_,"b'RT @I_Am_Yakiti: COMMISSIONS OPEN (2 SLOTS OPEN)\n\n- Specify the type of commission (Half or full body)\n- Give me details (Expresion, Pose,?'",El Salvador,1306665036908240901
GerardoRTobar,b'Ta bonito.\n\nIt was about time ????? https://t.co/kjYxIO8sp6',El Salvador,1306665031212445697
geovjosu20,b'@TRDiegoF Jese :(',El Salvador,1306664904678682624
xtianvladimir,b'Society or People that do not know history repeats it ... https://t.co/kxJiRu95cM',El Salvador,1306664741578964993
RainStarrk,b'RT @BlinkRamos: I love her #JISOO \n@BLACKPINK \n@ygofficialblink',El Salvador,1306664554252955650
RobbieRuud,b'@Ovaciondigital ?Southampton?',El Salvador,1306664498464460800
BlinkRamos,b'I love her #JISOO \n@BLACKPINK \n@ygofficialblink https://t.co/OwTEWVfie1',El Salvador,1306664421071220741
solorzanojess_,b'Mood: necesito que me apapachen???.',El Salvador,1306664410472214528
gabfuentess,b'sorry jou sorry jey https://t.co/pLPWUiIdM3',El Salvador,1306664017495289858
steelixcave,b'@Smugsterio @J_Ishiro The woke can be some of the biggest racists sometimes',El Salvador,1306664009605804032
valenti72046053,b'Welcome 20????',El Salvador,1306663682190053376
