user,text,country,id
mariaaalej_,"b""@sanduidequeso i thought ctrl was sza's album""",Dominican Republic,1306698826397503491
xtraemil,"b'if this is what i asked for, why am i worried about it?'",Dominican Republic,1306698135218073606
Javielubiera,b'On fire El surf chart del Broke. La costa pumping https://t.co/sdM22aOvE4',Dominican Republic,1306697918821412864
LexxxyBlanco,b'I look so kiddish with my hair in these two braids??',Dominican Republic,1306697713761890305
SwarpV5,b'RT @Sable_Abi: People already start flexing with their top 500 rank pls stop ??? https://t.co/wrH7qZRiRw',Dominican Republic,1306697685026721793
ManuelIvnReyes,b'On point. ? https://t.co/U5doW9wdkK',Dominican Republic,1306697408814948353
mediapawla,b'SWIPE  #blackisbeautiful #blackgirlmagic https://t.co/ogSzlnIz8S',Dominican Republic,1306697367970672640
Juanmigote,b'@Cgutierrez0 Active la .40',Dominican Republic,1306696875056263171
goldesssss,b'She?s right tho https://t.co/W6dgmBTrrM',Dominican Republic,1306696593790373889
SamayaGarciaa,b'@marvelynadames_ Im so down for it',Dominican Republic,1306696578464350208
animetic428,b'RT @Sable_Abi: People already start flexing with their top 500 rank pls stop ??? https://t.co/wrH7qZRiRw',Dominican Republic,1306696156009857026
melissa__weber,b'@EmmeliePaquette Congratulations!!',Dominican Republic,1306695861032935425
AmyJournee,b'RT @thelunasoleil: I just purchased my first whip in the DR ???? The process was way different than the U.S but it feels good to not have a?',Dominican Republic,1306694306695188481
goldesssss,b'Her mind&gt;&gt;&gt;&gt;&gt; https://t.co/ZI57kBGKtH',Dominican Republic,1306693789080317952
Yama__9,b'@ForTseKe @Nuria90C @__Trys_ totally agree tbh',Dominican Republic,1306693720679604229
kiasuchick,b'Santiago day. #RepublicaDominicana https://t.co/yvKYAaNQtv',Dominican Republic,1306693550491545601
Joaquinandresaf,b'Facebook 2013 https://t.co/QRX6LeDiH7',Dominican Republic,1306693345494945797
nanabananita,b'@gtconway3d Uniforms included?',Dominican Republic,1306692697755979776
justluz_,b'@ncalvarez_ kiere?',Dominican Republic,1306692669339557889
pxvloca,b'RT @Ricardo1Caravan: McGriddle &gt;&gt;&gt;&gt;&gt;&gt;&gt; McMuffin',Dominican Republic,1306692430079635457
nanabananita,b'@lonelyplanet @dhhrm_org Read about project Paperclips',Dominican Republic,1306692424522240000
airwayz,b'You dont need to keep trying if you are out of compliance!!!',Dominican Republic,1306692080148926464
raeX2_,b'RT @thelunasoleil: I just purchased my first whip in the DR ???? The process was way different than the U.S but it feels good to not have a?',Dominican Republic,1306691985655369728
_nina_bru,b'RT @thelunasoleil: I just purchased my first whip in the DR ???? The process was way different than the U.S but it feels good to not have a?',Dominican Republic,1306691886984331264
LexxxyBlanco,b'He so pretty??',Dominican Republic,1306691773973049347
juanchequeo,b'@Sarodj_Bertin por clave 95.9 #comomemuevo @WillRodRD',Dominican Republic,1306691759339180033
nanabananita,b'@SebGorka @Franklin_Graham @JoeBiden @realDonaldTrump @DouglasKMurray @davidpgoldman @BMorgenstern45 @hogangidley45 Check your facts please',Dominican Republic,1306691663813902338
nanabananita,b'@RVAT2020 @gtconway3d @OliviaTroye Brave to be respected',Dominican Republic,1306691517650735104
AntoniaLeonLeo1,"b""I'm voting for Bam Adebayo's game-saving block as the #ULTRAmoment of the week! #HeatMoment""",Dominican Republic,1306691005597523970
meetyourmouth,b'WAIT https://t.co/dTUEO7qzP8',Dominican Republic,1306690464762990592
MaJoOlivence,b'@Madehg_ Love u! ?',Dominican Republic,1306690366683385862
nanabananita,b'All those in favor of herd immunity should volunteer mask less in Covid positive units. let?s hurry this along.',Dominican Republic,1306690341064642560
anadalv6,b'@Maxipboi Alright then ?',Dominican Republic,1306689996204670978
Maxipboi,"b'@anadalv6 I took it off for the pic, I also was drinking water?'",Dominican Republic,1306689894983573521
anadalv6,b'@Maxipboi WHERE IS YOU MASK MAXIMO',Dominican Republic,1306689740234727430
thelunasoleil,b'And we match! Her name is Esmeralda ?',Dominican Republic,1306689643337973763
thelunasoleil,b'I just purchased my first whip in the DR ???? The process was way different than the U.S but it feels good to not h? https://t.co/B4ktEr4oT1',Dominican Republic,1306689472671686662
WrA1ThFK,b'RT @Sable_Abi: People already start flexing with their top 500 rank pls stop ??? https://t.co/wrH7qZRiRw',Dominican Republic,1306689434625155072
LexxxyBlanco,"b'One call, that?s all???'",Dominican Republic,1306689428790878228
LexxxyBlanco,"b'A nigga know if he not gone top my daddy when it comes to spoiling me, he gotta gtf??????'",Dominican Republic,1306689359601700864
vanderpumpstan,b'@slide_sld And yet the person married to her didn?t go see her either but they didn?t say anything about that',Dominican Republic,1306689350311256066
LexxxyBlanco,b'I?m such a daddy?s baby?',Dominican Republic,1306689204517306368
LexxxyBlanco,b'@_RichHomieRae That bitch say ?a love language??',Dominican Republic,1306688784034140160
DaisyBlock1,b'@coco_go83 anda a The Voice.',Dominican Republic,1306687821399420930
vanderpumpstan,"b'The shit they gave Garcelle for not going to see Erika in Chicago. Erm hello, neither did her HUSBAND!! #RHOBHReunion #RHOBH'",Dominican Republic,1306687672166031373
YenBurgos87,b'Paramore: Last Hope (LIVE) https://t.co/olGk2p3SJR',Dominican Republic,1306687253566164993
DarlieCharles,b'@muah_bae @rosechokola I wasn?t ready ???',Dominican Republic,1306686770302644229
gravityul,b'@yumihisuu DE IZAN? same king',Dominican Republic,1306685735152562181
eortiz_RD,b'@elizardbeta It was a good message but it didn?t capture me as a viewer...  i fell asleep',Dominican Republic,1306685151167025153
fineassbri,"b'@LexxWithTheX We out momz! Airbnb, car service, bubbly with scrawberrrrrrries n eerrthang! ?'",Dominican Republic,1306685057382445056
bryantd93,"b'@yurielem Thank u baby , love u ?'",Dominican Republic,1306682831750471682
mariainesc_,b'RT @Ricardo1Caravan: McGriddle &gt;&gt;&gt;&gt;&gt;&gt;&gt; McMuffin',Dominican Republic,1306682406934544386
rafaolivvera,b'@chartdata @paramore We stan https://t.co/aXPWx4Qjz4',Dominican Republic,1306682350697316359
Ericka_jasmine,"b'RT @morenitaa3x: My son does not let ANYTHING get pass me, he still telling everybody about the flat tire I caught almost 2 months ago ?'",Dominican Republic,1306682259186110469
addisonkardona,b'@romero I bet it must be comforting to continue receiving dedications of this kind',Dominican Republic,1306681903433633794
ileguzman,b'Need https://t.co/xWqxiU1TpF',Dominican Republic,1306681807279132672
karenminera,b'RT @Ricardo1Caravan: McGriddle &gt;&gt;&gt;&gt;&gt;&gt;&gt; McMuffin',Dominican Republic,1306681661636083720
Fdez_21,b'I wanna go home.',Dominican Republic,1306681326045671424
YenBurgos87,b'Korn - Freak on a leash',Dominican Republic,1306680451352985601
masileme,b'I haven?t slept in days ?',Dominican Republic,1306679032784793606
morenitaa3x,"b'My son does not let ANYTHING get pass me, he still telling everybody about the flat tire I caught almost 2 months ago ?'",Dominican Republic,1306678928384368641
EmmaTeresaMart1,b'@JoelHoekstra13 You?re sweet and Beautiful??...I see you tonight??',Dominican Republic,1306678814144172036
thatarielduran,"b'IDK, this is a tough one to call.... #connormcgregor #ikkidefenix #saintseiya https://t.co/5m4g0LvC06'",Dominican Republic,1306678265659174914
RealHC_,b'RT @_kasimia: I can?t deal w no negative \nass ppl like MOVE ??',Dominican Republic,1306677881859461126
renata_fds__,b'Kkkkkkkkkkkkkkkkkkkkkkkkkkkkk what is your name https://t.co/H9pmRXewXa',Dominican Republic,1306677410063155201
anastarkd,b'@notinthedarkweb It bothers me that cannot make the freakin? scrubbing sound (chuiqui-chuiqui).',Dominican Republic,1306676542827827200
rayventss,b'@Jeretonuniverse The Sign         /        The Face https://t.co/t4Ek6b2XWM',Dominican Republic,1306676350967783425
TherealHanly1,b'RT @_kasimia: I can?t deal w no negative \nass ppl like MOVE ??',Dominican Republic,1306676134600478723
YenBurgos87,b'Red Hot Chili Peppers - Can?t stop',Dominican Republic,1306675866622201860
eortiz_RD,b'@elizardbeta This movie is not it people',Dominican Republic,1306675622891139073
gravityul,b'@yumihisuu ON GOD',Dominican Republic,1306674948166029312
Polowavyy2,b'RT @chynnaszn: got paid $700. after tax shit was $580. https://t.co/e0P7Mb9bsl',Dominican Republic,1306674201332453379
_kasimia,b'I can?t deal w no negative \nass ppl like MOVE ??',Dominican Republic,1306673655611568135
Marv_Macho718,b'@WHOISCONWAY ? Machine bitch!!',Dominican Republic,1306673573227044865
vrijstar,b'RT @Sable_Abi: People already start flexing with their top 500 rank pls stop ??? https://t.co/wrH7qZRiRw',Dominican Republic,1306673450958966785
rudyto1988,b'@unasurun Usame ?',Dominican Republic,1306673353428795392
steveramke2,b'RT @Sable_Abi: People already start flexing with their top 500 rank pls stop ??? https://t.co/wrH7qZRiRw',Dominican Republic,1306672742884835328
lizmargaritava1,b'take me backkk ?@lizbuenoe https://t.co/3wxe8rP8wy',Dominican Republic,1306672704314105856
Vareour,b'RT @Sable_Abi: People already start flexing with their top 500 rank pls stop ??? https://t.co/wrH7qZRiRw',Dominican Republic,1306672555768639488
Derey_K,b'@hecgloyo LETS GOOOOI',Dominican Republic,1306672044990492673
klayf_,b'@MightyKeef U?re so funny ??. We want HOW XBOX FANS REACT',Dominican Republic,1306671855093387264
YenBurgos87,b'Queens Of The Stone Age - No One Knows \n\nDave Grohl in the drums ?? https://t.co/Q7EKsisws4',Dominican Republic,1306671721999740929
klayf_,b'@MightyKeef Still for the new video',Dominican Republic,1306671717960552456
EmilioBurgos01,b'A.S.B.D.???',Dominican Republic,1306671684179685376
BeeLeeZee,b'I straighten my hair and I look like a new woman',Dominican Republic,1306671589635887106
IslaTempestad,b'@eldiarioes @DiegoLarrouy Too big to fall.',Dominican Republic,1306671479782666240
chynnaszn,b'son whatttt!?!??????? https://t.co/yZSHt9oR5f',Dominican Republic,1306670884237848579
Amsukiiw,b'RT @Sable_Abi: People already start flexing with their top 500 rank pls stop ??? https://t.co/wrH7qZRiRw',Dominican Republic,1306670881821937666
CureDestiny,b'@357Bp YES YES',Dominican Republic,1306670808220209152
youngwuicho,"b'@lovingthesamo you?ve been soo far latelyyy, i don?t know the milesss ?'",Dominican Republic,1306669165617520640
BinGuapo6,b'@mmwiah Some tea ?? ??',Dominican Republic,1306668505496842240
tonyflorimon,"b'RT @Myfavoriteyr11: ""Miami NBA CHAMPION 2011! \nBut Remember the run and The End:\n""The Rabbit and the Turtle\'\'. \n Never underestimate the we?'",Dominican Republic,1306668306447896577
fiscaliaLV,b'Just posted a photo https://t.co/Y6wTdwWp8G',Dominican Republic,1306667940469780485
zarascomics,b'RT @GeraldDurden: @zarascomics @Ishikawa_Sachi Ready to steal all her research and use institutional sexism to hide his mediocricity on the?',Dominican Republic,1306667852066291713
masileme,b'Helados bon makes me feel so happy ?',Dominican Republic,1306667552710569990
YenBurgos87,b'Behind blue eyes by Limp Bizkit',Dominican Republic,1306667508561215489
tarnyss,b'RT @Sable_Abi: People already start flexing with their top 500 rank pls stop ??? https://t.co/wrH7qZRiRw',Dominican Republic,1306667440345096192
ShyraaKun,b'RT @Sable_Abi: People already start flexing with their top 500 rank pls stop ??? https://t.co/wrH7qZRiRw',Dominican Republic,1306667181288161280
Lxsabee,b'Every time  I watch coco I start crying this shit is starting to piss me off ?',Dominican Republic,1306666005066919938
_xoaalexandra,b'RT @_nemmmmeeee: it?s National Hispanic Heritage Month ????????????????????????????????????????',Dominican Republic,1306665640405741568
