user,text,country,id
HreinsiB,b'@oskarsmari7 Bam bam',Iceland,1306042452588011520
infinitygavassi,b'@manugavassi vive?',Iceland,1304647010780426240
BinniRognvalds,b'Just me and my cat! https://t.co/WLoJYnD5df',Iceland,1304125118155837443
infinitygavassi,"b'@artpassionmg ? um dos classicos de 2016, junto com w, moon lovers scarlet heart ryeo e while you were sleeping'",Iceland,1303556008913055744
infinitygavassi,"b'@artpassionmg ? um dos classicos de 2016, junto com w, moon lovers scarlet heart ryeo e while you were sleeping'",Iceland,1303556008913055744
infinitygavassi,"b'@artpassionmg ? um dos classicos de 2016, junto com w, moon lovers scarlet heart ryeo e while you were sleeping'",Iceland,1303556008913055744
infinitygavassi,"b'@artpassionmg ? um dos classicos de 2016, junto com w, moon lovers scarlet heart ryeo e while you were sleeping'",Iceland,1303556008913055744
infinitygavassi,"b'@artpassionmg ? um dos classicos de 2016, junto com w, moon lovers scarlet heart ryeo e while you were sleeping'",Iceland,1303556008913055744
infinitygavassi,"b'@artpassionmg ? um dos classicos de 2016, junto com w, moon lovers scarlet heart ryeo e while you were sleeping'",Iceland,1303556008913055744
