user,text,country,id
Mjaltehojesh,b'I loved you but you need to know that I have changed \nOu https://t.co/9XKlTaU2fW',Albania,1306661367471054849
eliveizaj,b'The Best of Liszt https://t.co/5PoDSzicdy via @YouTube',Albania,1306520455508094978
originalzachk,b'Hadda get some new VLone Hadda do this shit on my own ? @ Vlone https://t.co/Y1u1RqKJzl',Albania,1306389703273459713
PolXhaferi,"b""@windyoshi @RobCounts @OnEdgeOfWonder No. That is a very good video. I'm talking about the one Ben posted. At first? https://t.co/9lkpn0mTHv""",Albania,1306341759895691270
PolXhaferi,b'@windyoshi @RobCounts @OnEdgeOfWonder Yes. And this video seems to be old.',Albania,1306328221550628864
sweetie_pie0906,b'Java e pare e shkolles is the new Fashion week.',Albania,1306203639929765889
banago,"b'@betimdrenica @oaarifi @PayPal @stripe @braintree Albania, of course.'",Albania,1306175860479844353
Eriwhitemartian,"b'@bjondiinab Damn ,cancel auntie!!??'",Albania,1306171210359861250
Eriwhitemartian,b'@bjondiinab Well if you trying to look like those skinny models you will definitely die from anorexia',Albania,1306166630746124289
eliveizaj,b'George Michael: Live in London 2009 (Trailer) https://t.co/BRSzUcFh5i via @YouTube',Albania,1306148954019696640
banago,"b""@Abuamerican I think C63 is what I'm going to get next. But I also cannot wait to get my hands on an electric car.""",Albania,1306140852075540481
SiboraXhemali,b'RT @BesiStefa: Vlorida ?u never looked so beautiful before??? https://t.co/pOl86zttcv',Albania,1306108528168493057
banago,b'@Abuamerican What do you find wrong with electric cars?',Albania,1305932659017822210
LoriBazaj,"b'I should just be a bony bitch forever, its so much easier'",Albania,1305923961176326144
LoriBazaj,"b'Im soo weak nowwwww, why i gotta build up my muscles all over again ?'",Albania,1305923800438013953
VloraYouth,b'International Day of Democracy @SwedeninAL @Palmecenter https://t.co/jz42kFy7L4',Albania,1305855091463856131
banago,"b""That's a good jab ? https://t.co/2dVRqRhlve""",Albania,1305827265972928513
NacoDritan,b'RT @BesiStefa: Vlorida ?u never looked so beautiful before??? https://t.co/pOl86zttcv',Albania,1305826766641078272
banago,b'This is nice. https://t.co/UyZgxW7Xyt',Albania,1305800366072754179
retroalbania,b'RT @BesiStefa: Vlorida ?u never looked so beautiful before??? https://t.co/pOl86zttcv',Albania,1305793367113117696
BesiStefa,b'Vlorida ?u never looked so beautiful before??? https://t.co/pOl86zttcv',Albania,1305782863938363392
eliveizaj,"b'Beethoven\'s Symphony No. 9 ""Ode to Joy"" https://t.co/AzQ7DnL000 via @YouTube'",Albania,1305686214746537985
eliveizaj,"b'Mary J. Blige, U2 - One (Official Music Video) https://t.co/4BvfDWE58L via @YouTube \nIs it getting better'",Albania,1305533603019980802
eliveizaj,b'If I Can Dream - Elvis Presley with the Royal Philharmonic Orchestra  [ ... https://t.co/FMWMYjsqj8 via @YouTube \nA? https://t.co/0UBF9i4wsX',Albania,1305452725061193729
LoriBazaj,b'@JannatMian Speaking facts my baby ?',Albania,1305341343972167680
Raimond99036320,b'@TIME What is the meaning of the word Mulan ?',Albania,1305324935808778240
Eriwhitemartian,"b'@bjondiinab Hell nahh, fuck this guy'",Albania,1305150053888253952
Raimond99036320,b'@nytimes Wow ! Like  Virgin Mary lol',Albania,1304924163715534848
Raimond99036320,b'@CNN God send a ?touching ? message to him  lol',Albania,1304923106662850560
PolXhaferi,"b""@erikgs19 @photogater @bigbellypdx @AKLLL49 @FBIPortland Why not? Isn't now the perfect time for chaos ? Right befo? https://t.co/0Rxao7Lnn1""",Albania,1304920734830034945
PolXhaferi,b'@erikgs19 @photogater @bigbellypdx @AKLLL49 @FBIPortland Fire was invented a lot of time ago.  Antifa just uses it? https://t.co/eAzhbyI0ap',Albania,1304917873983397888
PolXhaferi,"b'@Reed85824244 @FBIPortland Noo kids! The FBI is lying! Trying to make a fool/stupid of ordinary people , by using k? https://t.co/jgvFiFp8Uc'",Albania,1304915308889726983
PolXhaferi,"b'@rudy19652020 @EBGforM4A @RepAdamSchiff Drinking Kool-Aid would have made him stupid , which would have made him th? https://t.co/uNgpcjaY1j'",Albania,1304881991821725700
PolXhaferi,"b""@BellaLuna468 @RepAdamSchiff Don't worry. Mr Schiff and his cabal friends have a plan to use tungsten rods launched? https://t.co/WewBaOzOaf""",Albania,1304881502363299842
banago,"b""@allie_nimmons What's wrong with that?""",Albania,1304863409658306560
eliveizaj,b'Wham! - Last Christmas (Pudding Mix) [Official Video] https://t.co/oZGiOiD740 via @YouTube \nHello!\nMy song for toda? https://t.co/X0sJsnbnWs',Albania,1304685803533144064
malokejam,"b""RT @kkkamiilaa: Don't forget Allah when you get what you prayed for.""",Albania,1304640030544191488
Eriwhitemartian,b'@FacePetull You re welcome?',Albania,1304497178568798208
Eriwhitemartian,b'@FacePetull Ill go ahead and tell that you have a great body?',Albania,1304470245088858112
Raimond99036320,"b'From Albania , in Loving memory to the victims of 9/11 . R.I.P. https://t.co/ajfpL6xj3c'",Albania,1304457374250528768
eliveizaj,b'Beethoven - Moonlight Sonata (FULL) https://t.co/ZVhNo1Rmys via @YouTube',Albania,1304433786483101696
PolXhaferi,"b""@amicloudy @TracySorensen1 @GrimblesOc @wspd1pio It's the so called Cabal/Deep State.""",Albania,1304425549369094146
PolXhaferi,"b""@ShephardErika @pjenks143 @pdx_lady @UeenDancing @wspd1pio @greggutfeld @VincentCrypt46 @TuckerCarlson You don't kn? https://t.co/6mvWRTtfJx""",Albania,1304424805236723715
PolXhaferi,b'@VicciA3 @leddy124 People should wake up! Why do people want doctors to sacrifice themselves for nothing. This data? https://t.co/ulY60hh6eB',Albania,1304421796511469571
VloraYouth,b'RT @ACvlora: American Corner Vlora members and Vlora Youth Center co-hosted a meeting on Girls in Technology. They shared their experience?',Albania,1304398131845566464
Mjaltehojesh,b'@6rus_ Nopeee',Albania,1304397423591161856
ACvlora,b'American Corner Vlora members and Vlora Youth Center co-hosted a meeting on Girls in Technology. They shared their? https://t.co/wimgVJbCtR',Albania,1304357353488355328
Mjaltehojesh,b'Reciprokeee https://t.co/EjmDNzoeIP',Albania,1304339419172868096
Mjaltehojesh,b'Emmm why should iiii https://t.co/q5UgIvuVYf',Albania,1304339077311983617
Eriwhitemartian,b'@awsomeblossomm Brock',Albania,1304138552180170752
WaterpennyW,"b""RT @PolXhaferi: @JohnDav08799777 @FatEmperor These criminals aren't doing this by mistake, but by design.    People should start to underst?""",Albania,1304111495555330049
PolXhaferi,"b'@RT_com @TheAntiPCProf By design from the cabal criminals , not by chance.'",Albania,1304099993926742018
MrDavidDaniel,"b""After a bit of a snag in Pogradec (where we were supposed to meet up with @jamesleithart) we're back in one of our? https://t.co/UC0ncWfRwM""",Albania,1304089882806153216
PolXhaferi,"b""@JohnDav08799777 @FatEmperor These criminals aren't doing this by mistake, but by design.    People should start to? https://t.co/sqeVvFnBKr""",Albania,1304084282714009603
ACvlora,"b'Teachers, do you want to learn how to organize and lead effective professional development events? If so, enroll to? https://t.co/ecjtUS2IFz'",Albania,1304006597023281152
eliveizaj,b'Bon Jovi - Bed Of Roses (Official Music Video) https://t.co/wjXHSQvXox via @YouTube',Albania,1303999915627085824
httphenri,b'@nusepashk All of em',Albania,1303828652640083968
httphenri,b'Different',Albania,1303813618165833729
PolXhaferi,"b'@RT_com This seems like a rollout of high robotic technology , more than guarding the bases.'",Albania,1303767774486056962
eliveizaj,b'U2 - One with lyrics https://t.co/McIfjMN0oO via @YouTube \n Is it getting better',Albania,1303702027764203521
ACvlora,b'Our YES?20 alumna Sefeda Lazaj and a member of American Corner Vlora shares her thoughts on being an exchange stude? https://t.co/QAlHrjacrI',Albania,1303627298457956352
aaldda_,"b'Yes breakups hurt, but my knee hurts more and i am only 17. :/'",Albania,1303561800047304704
Raimond99036320,"b'@RavioliLawyer @MaxdOutTrdr @albinkurti I?m guessing , 3 x a** ?'",Albania,1303530509335756801
Raimond99036320,"b'@predator984 @albinkurti After  5 years , you are going to say:  Sanxhak je Srbie ?'",Albania,1303528577665818630
Raimond99036320,"b'@SasaNik09097710 @albinkurti No matter where he is from.  , what it does matter is  his conscience . Got it ?  Welcome  to 21st Century !'",Albania,1303526138308898817
DBircaj,b'@USAmbAlbania You can help Albanians make progress ???????????',Albania,1303525008606666757
Raimond99036320,b'@Shajkacha1912 @albinkurti It?s a State bordering with Serbia',Albania,1303523920121860096
Raimond99036320,b'@Shajkacha1912 @albinkurti It?s a State bordering with Serbia',Albania,1303523920121860096
Raimond99036320,b'@Shajkacha1912 @albinkurti It?s a State bordering with Serbia',Albania,1303523920121860096
Raimond99036320,b'@Shajkacha1912 @albinkurti It?s a State bordering with Serbia',Albania,1303523920121860096
Raimond99036320,b'@Shajkacha1912 @albinkurti It?s a State bordering with Serbia',Albania,1303523920121860096
Raimond99036320,b'@Shajkacha1912 @albinkurti It?s a State bordering with Serbia',Albania,1303523920121860096
Raimond99036320,b'@Shajkacha1912 @albinkurti It?s a State bordering with Serbia',Albania,1303523920121860096
Raimond99036320,b'@Shajkacha1912 @albinkurti It?s a State bordering with Serbia',Albania,1303523920121860096
Raimond99036320,b'@Shajkacha1912 @albinkurti It?s a State bordering with Serbia',Albania,1303523920121860096
Raimond99036320,b'@Shajkacha1912 @albinkurti It?s a State bordering with Serbia',Albania,1303523920121860096
Raimond99036320,b'@Shajkacha1912 @albinkurti It?s a State bordering with Serbia',Albania,1303523920121860096
Raimond99036320,b'@Shajkacha1912 @albinkurti It?s a State bordering with Serbia',Albania,1303523920121860096
Raimond99036320,b'@Shajkacha1912 @albinkurti It?s a State bordering with Serbia',Albania,1303523920121860096
Raimond99036320,b'@Shajkacha1912 @albinkurti It?s a State bordering with Serbia',Albania,1303523920121860096
Raimond99036320,b'@Shajkacha1912 @albinkurti It?s a State bordering with Serbia',Albania,1303523920121860096
Raimond99036320,b'@Shajkacha1912 @albinkurti It?s a State bordering with Serbia',Albania,1303523920121860096
Raimond99036320,b'@Shajkacha1912 @albinkurti It?s a State bordering with Serbia',Albania,1303523920121860096
Raimond99036320,b'@Shajkacha1912 @albinkurti It?s a State bordering with Serbia',Albania,1303523920121860096
Raimond99036320,b'@Shajkacha1912 @albinkurti It?s a State bordering with Serbia',Albania,1303523920121860096
Raimond99036320,b'@Shajkacha1912 @albinkurti It?s a State bordering with Serbia',Albania,1303523920121860096
Raimond99036320,b'@Shajkacha1912 @albinkurti It?s a State bordering with Serbia',Albania,1303523920121860096
Raimond99036320,b'@Shajkacha1912 @albinkurti It?s a State bordering with Serbia',Albania,1303523920121860096
Raimond99036320,b'@Shajkacha1912 @albinkurti It?s a State bordering with Serbia',Albania,1303523920121860096
Raimond99036320,b'@Shajkacha1912 @albinkurti It?s a State bordering with Serbia',Albania,1303523920121860096
Raimond99036320,b'@Shajkacha1912 @albinkurti It?s a State bordering with Serbia',Albania,1303523920121860096
Raimond99036320,b'@Shajkacha1912 @albinkurti It?s a State bordering with Serbia',Albania,1303523920121860096
Raimond99036320,b'@Shajkacha1912 @albinkurti It?s a State bordering with Serbia',Albania,1303523920121860096
Raimond99036320,b'@Shajkacha1912 @albinkurti It?s a State bordering with Serbia',Albania,1303523920121860096
Raimond99036320,b'@Shajkacha1912 @albinkurti It?s a State bordering with Serbia',Albania,1303523920121860096
Raimond99036320,b'@Shajkacha1912 @albinkurti It?s a State bordering with Serbia',Albania,1303523920121860096
Raimond99036320,b'@Shajkacha1912 @albinkurti It?s a State bordering with Serbia',Albania,1303523920121860096
Raimond99036320,b'@Shajkacha1912 @albinkurti It?s a State bordering with Serbia',Albania,1303523920121860096
Raimond99036320,b'@Shajkacha1912 @albinkurti It?s a State bordering with Serbia',Albania,1303523920121860096
Raimond99036320,b'@Shajkacha1912 @albinkurti It?s a State bordering with Serbia',Albania,1303523920121860096
xaalk_,b'RT @JockPossum: In a mood for dire fortnite \n\nIn running shorts https://t.co/W01El4H8IU',Albania,1306732221546594304
togepidesu,b'RT @Yoaihime: blue ??? https://t.co/VQ2NLXAYy5',Albania,1306732140084822018
rexxon_woof,b'RT @JockPossum: In a mood for dire fortnite \n\nIn running shorts https://t.co/W01El4H8IU',Albania,1306731999835627523
Reid_the_Cat,b'RT @JockPossum: In a mood for dire fortnite \n\nIn running shorts https://t.co/W01El4H8IU',Albania,1306731942302437378
VanezaMonroe,b'My mom really said ?why are yall like that? when i said her favorite grandson was coming over tomorrow',Albania,1306731892033703937
KrissaHigashi12,b'@JoshinTosh_ mines arriving sept 29 - oct 2\n\nBUT ALMOST SLIGHT CLOSE TO SHIPPED\n\nin amazon\n\nJust a few move and It shipped',Albania,1306731834114560005
GiganticPaws,b'RT @JockPossum: In a mood for dire fortnite \n\nIn running shorts https://t.co/W01El4H8IU',Albania,1306731826988290048
Y00NGl69,b'@hottietaehyung3 i think im wrong because in the image its telling you to match up the equations with the terms at? https://t.co/SE5VuKA0oz',Albania,1306731750413029381
Meyueki,b'RT @Yoaihime: blue ??? https://t.co/VQ2NLXAYy5',Albania,1306731717273812992
DonutSuue,b'RT @Yoaihime: blue ??? https://t.co/VQ2NLXAYy5',Albania,1306731689570377728
KaiTatanka,b'RT @Yoaihime: blue ??? https://t.co/VQ2NLXAYy5',Albania,1306731684562448384
KrissaHigashi12,b'@NaughtyGeist I wonder if MHW/ MHR be worth it\n\nIf also\n\nWhat are the reasons?\n\nand how combat works?',Albania,1306731647103098880
really_username,b'RT @JockPossum: In a mood for dire fortnite \n\nIn running shorts https://t.co/W01El4H8IU',Albania,1306731595634802688
robbycchi,b'RT @Yoaihime: blue ??? https://t.co/VQ2NLXAYy5',Albania,1306731476831080451
EdwardTheBear12,b'RT @JockPossum: In a mood for dire fortnite \n\nIn running shorts https://t.co/W01El4H8IU',Albania,1306731440961396737
Larrythellama12,b'RT @JockPossum: In a mood for dire fortnite \n\nIn running shorts https://t.co/W01El4H8IU',Albania,1306731398405947392
VatanVuthi,"b'RT @rexhi_: [ Drum Kit Preview ] ""CHAMPION II"" BY REXHI https://t.co/hJdQBl3wgl via @YouTube \n\nYoo! Please help me share this.'",Albania,1306731230084427781
r4inah,b'@parislorrence (they are the same person)',Albania,1306731184194379776
Tenki101,b'RT @JockPossum: In a mood for dire fortnite \n\nIn running shorts https://t.co/W01El4H8IU',Albania,1306731092402040833
TheUnknownBirb,"b'@illumiloveyou The musicians murder weapon.\nOr, musical wolverine?s claws'",Albania,1306731065525055498
pk_fye,b'Spicy nuggets from mcds are valid ! \nfuck',Albania,1306730876634570758
HyenaIke,b'RT @JockPossum: In a mood for dire fortnite \n\nIn running shorts https://t.co/W01El4H8IU',Albania,1306730870485680128
happik4y,b'ty to everyone who ordered or donated for rileys hospital bill ??',Albania,1306730753611399169
KamenRiderFurry,b'RT @JockPossum: In a mood for dire fortnite \n\nIn running shorts https://t.co/W01El4H8IU',Albania,1306730711479660544
diogx_,b'@Mariana_milheir That bich is THA BICH PERIODT',Albania,1306730669998039040
undefinedxik,"b'RT @rexhi_: [ Drum Kit Preview ] ""CHAMPION II"" BY REXHI https://t.co/hJdQBl3wgl via @YouTube \n\nYoo! Please help me share this.'",Albania,1306730654567202816
KrissaHigashi12,b'@NaughtyGeist same MHW be my first but maybe Rise be my first',Albania,1306730560065241088
GrayAlister2,b'RT @JockPossum: In a mood for dire fortnite \n\nIn running shorts https://t.co/W01El4H8IU',Albania,1306730559557730305
evildjali,"b'RT @rexhi_: [ Drum Kit Preview ] ""CHAMPION II"" BY REXHI https://t.co/hJdQBl3wgl via @YouTube \n\nYoo! Please help me share this.'",Albania,1306730515286949888
Alex_J_Cleret,b'RT @JockPossum: In a mood for dire fortnite \n\nIn running shorts https://t.co/W01El4H8IU',Albania,1306730512522805249
Hanabu_chan,b'RT @Yoaihime: blue ??? https://t.co/VQ2NLXAYy5',Albania,1306730453211242502
AjvaziArt,"b'RT @rexhi_: [ Drum Kit Preview ] ""CHAMPION II"" BY REXHI https://t.co/hJdQBl3wgl via @YouTube \n\nYoo! Please help me share this.'",Albania,1306730348093595648
sk8terb76846167,b'i finished at 7:02 whew chile',Albania,1306730186835140608
AmonBars,b'RT @JockPossum: In a mood for dire fortnite \n\nIn running shorts https://t.co/W01El4H8IU',Albania,1306730158028664832
Y00NGl69,"b""@hottietaehyung3 im not completely sure but don't you just have to prove the awnser is right or something""",Albania,1306730118048559104
uskiiee,b'RT @Yoaihime: blue ??? https://t.co/VQ2NLXAYy5',Albania,1306730064596422658
TheGonso,b'RT @JockPossum: In a mood for dire fortnite \n\nIn running shorts https://t.co/W01El4H8IU',Albania,1306729837071986688
Y00NGl69,b'@hottietaehyung3 justification ?',Albania,1306729772320518145
Woxplosion,b'RT @JockPossum: In a mood for dire fortnite \n\nIn running shorts https://t.co/W01El4H8IU',Albania,1306729671992602625
yambrobeyotch,b'@jenovabuffay Do it coward',Albania,1306729544229908480
KrissaHigashi12,b'Oh yea what yall think about that Monster Hunter Rise?',Albania,1306729521916399617
j_neer12,b'@_____zach6 roadhouse&gt;&gt;&gt;&gt;',Albania,1306729500034691072
patelynngrant,b'@zeerenteria pretty ???',Albania,1306729392631144448
Y00NGl69,b'@hottietaehyung3 omg show me maybe i can help',Albania,1306729377997164545
j_neer12,"b'if the browns lose to the bengals that?s it, i quit'",Albania,1306729340579840001
Araiguma_KUUUUN,b'RT @JockPossum: In a mood for dire fortnite \n\nIn running shorts https://t.co/W01El4H8IU',Albania,1306729337274556416
BuniSocks,b'RT @Yoaihime: blue ??? https://t.co/VQ2NLXAYy5',Albania,1306729292391485446
PopsKC,"b'@thoughtswithn Plus dry mouth, tremors, constipation, blocked orgasm, zombified, ughh'",Albania,1306729233625108481
Y00NGl69,b'i been wanting ipad air 2 2019 ver for a while',Albania,1306729209469992963
Y00NGl69,b'okay so i can get a new ipad then https://t.co/wg25ZVLYiT',Albania,1306729080168030208
Flat__Ray,b'RT @Yoaihime: blue ??? https://t.co/VQ2NLXAYy5',Albania,1306728695147696128
Thunder_NTWRK,b'@sjavball defeats @BishopMiegeHS 2-0 to take the match! ????. Make sure to tune into our broadcast:? https://t.co/QrS7nshCPI',Albania,1306728691276410881
JoseWild3,b'RT @Yoaihime: blue ??? https://t.co/VQ2NLXAYy5',Albania,1306728547826966529
stayz3n_,b'RT @PaperJam126: @amongustruggles i cant dm but what just happened https://t.co/D9hhHjEIUu',Albania,1306728449428647937
102nor,"b'RT @rexhi_: [ Drum Kit Preview ] ""CHAMPION II"" BY REXHI https://t.co/hJdQBl3wgl via @YouTube \n\nYoo! Please help me share this.'",Albania,1306728433779707904
megs_vettel,b'RT @Yoaihime: blue ??? https://t.co/VQ2NLXAYy5',Albania,1306728416310423552
KinkyGijinky,b'RT @JockPossum: In a mood for dire fortnite \n\nIn running shorts https://t.co/W01El4H8IU',Albania,1306728387680055296
Kermakatti,b'RT @JockPossum: In a mood for dire fortnite \n\nIn running shorts https://t.co/W01El4H8IU',Albania,1306728344319406081
NaughtyLionBoi,b'RT @JockPossum: In a mood for dire fortnite \n\nIn running shorts https://t.co/W01El4H8IU',Albania,1306728327470747648
The_STUMPYNATOR,b'RT @Yoaihime: blue ??? https://t.co/VQ2NLXAYy5',Albania,1306728311561871363
xX__Hybrid__Xx,b'RT @JockPossum: In a mood for dire fortnite \n\nIn running shorts https://t.co/W01El4H8IU',Albania,1306728241550557185
XanderrFFXI,b'RT @Yoaihime: blue ??? https://t.co/VQ2NLXAYy5',Albania,1306728223049302016
Y00NGl69,b'they lied https://t.co/YO6ciuZA8P https://t.co/jhcSBiAy5d',Albania,1306728167881822209
i24MD,b'RT @Yoaihime: blue ??? https://t.co/VQ2NLXAYy5',Albania,1306728051472961536
Y00NGl69,b'somebody told me that the tears from your eyes are made of the same thing you pee out into the toilet',Albania,1306727911916032003
eternal0paradox,b'RT @Yoaihime: blue ??? https://t.co/VQ2NLXAYy5',Albania,1306727911702044673
wolfperfume,b'RT @JockPossum: In a mood for dire fortnite \n\nIn running shorts https://t.co/W01El4H8IU',Albania,1306727789635219462
wavygaz,"b'RT @rexhi_: [ Drum Kit Preview ] ""CHAMPION II"" BY REXHI https://t.co/hJdQBl3wgl via @YouTube \n\nYoo! Please help me share this.'",Albania,1306727767745204225
Drake_Forrester,b'RT @JockPossum: In a mood for dire fortnite \n\nIn running shorts https://t.co/W01El4H8IU',Albania,1306727767468388357
Y00NGl69,b'@jinkookgloss YEAHH',Albania,1306727740951977987
Alonso77_96,"b""RT @ertidesu: She knows she's just so amazing https://t.co/dHlqhGQPfq""",Albania,1306727684324700160
ertidesu,b'@lavendermokona Sure ??\n*pls contain me before I do smth stupid tho* ?',Albania,1306727646248742914
rexhi_,"b'[ Drum Kit Preview ] ""CHAMPION II"" BY REXHI https://t.co/hJdQBl3wgl via @YouTube \n\nYoo! Please help me share this.'",Albania,1306727611977150465
NunNan_6974,b'RT @Yoaihime: blue ??? https://t.co/VQ2NLXAYy5',Albania,1306727459014934528
Y00NGl69,"b""@jinkookgloss you're the reason ive been wanting peach rings since the start of the week bc you said it was your fa? https://t.co/Fd168wC4iZ""",Albania,1306727021452709888
Ludrasil,b'RT @JockPossum: In a mood for dire fortnite \n\nIn running shorts https://t.co/W01El4H8IU',Albania,1306726921787637762
RoboMattias,b'RT @JockPossum: In a mood for dire fortnite \n\nIn running shorts https://t.co/W01El4H8IU',Albania,1306726913864601600
CharredBunny,b'RT @Yoaihime: blue ??? https://t.co/VQ2NLXAYy5',Albania,1306726480676712448
Milana_GB55,b'RT @Yoaihime: blue ??? https://t.co/VQ2NLXAYy5',Albania,1306726237742694401
Panqueque_Art,b'RT @Yoaihime: blue ??? https://t.co/VQ2NLXAYy5',Albania,1306726114107285510
muskyIncineroa,b'RT @JockPossum: In a mood for dire fortnite \n\nIn running shorts https://t.co/W01El4H8IU',Albania,1306726107769704450
MartaGuedes_21,"b""RT @diogx_: Look at me and my baby aaahhhhhh we're so cuteeee I love him so much?""",Albania,1306726088983433216
Dante33464,b'RT @Yoaihime: blue ??? https://t.co/VQ2NLXAYy5',Albania,1306725914785525760
spetz2_0,b'RT @JockPossum: In a mood for dire fortnite \n\nIn running shorts https://t.co/W01El4H8IU',Albania,1306725845306716161
ATornCatEar,b'RT @JockPossum: In a mood for dire fortnite \n\nIn running shorts https://t.co/W01El4H8IU',Albania,1306725529236598784
marsofthestars_,b'Thank you for making me happy :^c',Albania,1306725363729534978
bambi_locs,"b""RT @DirtyLykSwine: Those uncles and aunties complaining about how we don't call them, do their kids call our parents?""",Albania,1306725198650118146
TheBlueishCub,b'RT @JockPossum: In a mood for dire fortnite \n\nIn running shorts https://t.co/W01El4H8IU',Albania,1306725154718973954
ty34dx,b'RT @JockPossum: In a mood for dire fortnite \n\nIn running shorts https://t.co/W01El4H8IU',Albania,1306725146489741312
Y00NGl69,b'@gastghost there is nothing for me in that school except the woodwork project to be honest with you',Albania,1306724886145097728
BronsonBrothers,b'Basically buying all the Bitcoin I can this month and this is why \n\n$BTC #BTC #Bitcoin #Crypto https://t.co/mqSFGtasbY',Albania,1306724859062480896
KidestosLuz,b'RT @JockPossum: In a mood for dire fortnite \n\nIn running shorts https://t.co/W01El4H8IU',Albania,1306724770612948992
onovoxvii,"b'RT @fivestargraficx: Guysss,    I don die ???\n\nAfter wining ?????? https://t.co/depfThCu6E'",Albania,1306724736592994318
kristicunga,b'Am I the only one who reads newsletters? ?',Albania,1306724675465154560
Unknown_exists,b'RT @Yoaihime: blue ??? https://t.co/VQ2NLXAYy5',Albania,1306724659854008322
Y00NGl69,"b""tw food \n\nif i don't get peach rings tommorow i will cry fr""",Albania,1306724646520262657
fivestargraficx,b'@Lyonkinge Their papa',Albania,1306724486075633667
it_matheus,b'RT @Yoaihime: blue ??? https://t.co/VQ2NLXAYy5',Albania,1306724359118225409
henpecked816,"b""@shanestewartrcg @lucasspeedway @LucasOilASCS @DissolvAlloy @Mrs_JStewart @JustinMarksDG Hell yes! I'll be there tomorrow!""",Albania,1306724248715657222
0luwab0ri,"b'RT @fivestargraficx: Guysss,    I don die ???\n\nAfter wining ?????? https://t.co/depfThCu6E'",Albania,1306724089747341316
xaalk_,b'RT @JockPossum: In a mood for dire fortnite \n\nIn running shorts https://t.co/W01El4H8IU',Albania,1306732221546594304
togepidesu,b'RT @Yoaihime: blue ??? https://t.co/VQ2NLXAYy5',Albania,1306732140084822018
rexxon_woof,b'RT @JockPossum: In a mood for dire fortnite \n\nIn running shorts https://t.co/W01El4H8IU',Albania,1306731999835627523
Reid_the_Cat,b'RT @JockPossum: In a mood for dire fortnite \n\nIn running shorts https://t.co/W01El4H8IU',Albania,1306731942302437378
VanezaMonroe,b'My mom really said ?why are yall like that? when i said her favorite grandson was coming over tomorrow',Albania,1306731892033703937
KrissaHigashi12,b'@JoshinTosh_ mines arriving sept 29 - oct 2\n\nBUT ALMOST SLIGHT CLOSE TO SHIPPED\n\nin amazon\n\nJust a few move and It shipped',Albania,1306731834114560005
GiganticPaws,b'RT @JockPossum: In a mood for dire fortnite \n\nIn running shorts https://t.co/W01El4H8IU',Albania,1306731826988290048
Y00NGl69,b'@hottietaehyung3 i think im wrong because in the image its telling you to match up the equations with the terms at? https://t.co/SE5VuKA0oz',Albania,1306731750413029381
Meyueki,b'RT @Yoaihime: blue ??? https://t.co/VQ2NLXAYy5',Albania,1306731717273812992
DonutSuue,b'RT @Yoaihime: blue ??? https://t.co/VQ2NLXAYy5',Albania,1306731689570377728
KaiTatanka,b'RT @Yoaihime: blue ??? https://t.co/VQ2NLXAYy5',Albania,1306731684562448384
KrissaHigashi12,b'@NaughtyGeist I wonder if MHW/ MHR be worth it\n\nIf also\n\nWhat are the reasons?\n\nand how combat works?',Albania,1306731647103098880
Zane_Rawson,b'Could quite honestly look at myself in the mirror for hours. #obsessed',Albania,1306731642011095041
really_username,b'RT @JockPossum: In a mood for dire fortnite \n\nIn running shorts https://t.co/W01El4H8IU',Albania,1306731595634802688
robbycchi,b'RT @Yoaihime: blue ??? https://t.co/VQ2NLXAYy5',Albania,1306731476831080451
EdwardTheBear12,b'RT @JockPossum: In a mood for dire fortnite \n\nIn running shorts https://t.co/W01El4H8IU',Albania,1306731440961396737
Larrythellama12,b'RT @JockPossum: In a mood for dire fortnite \n\nIn running shorts https://t.co/W01El4H8IU',Albania,1306731398405947392
VatanVuthi,"b'RT @rexhi_: [ Drum Kit Preview ] ""CHAMPION II"" BY REXHI https://t.co/hJdQBl3wgl via @YouTube \n\nYoo! Please help me share this.'",Albania,1306731230084427781
r4inah,b'@parislorrence (they are the same person)',Albania,1306731184194379776
Tenki101,b'RT @JockPossum: In a mood for dire fortnite \n\nIn running shorts https://t.co/W01El4H8IU',Albania,1306731092402040833
TheUnknownBirb,"b'@illumiloveyou The musicians murder weapon.\nOr, musical wolverine?s claws'",Albania,1306731065525055498
pk_fye,b'Spicy nuggets from mcds are valid ! \nfuck',Albania,1306730876634570758
HyenaIke,b'RT @JockPossum: In a mood for dire fortnite \n\nIn running shorts https://t.co/W01El4H8IU',Albania,1306730870485680128
happik4y,b'ty to everyone who ordered or donated for rileys hospital bill ??',Albania,1306730753611399169
KamenRiderFurry,b'RT @JockPossum: In a mood for dire fortnite \n\nIn running shorts https://t.co/W01El4H8IU',Albania,1306730711479660544
diogx_,b'@Mariana_milheir That bich is THA BICH PERIODT',Albania,1306730669998039040
undefinedxik,"b'RT @rexhi_: [ Drum Kit Preview ] ""CHAMPION II"" BY REXHI https://t.co/hJdQBl3wgl via @YouTube \n\nYoo! Please help me share this.'",Albania,1306730654567202816
KrissaHigashi12,b'@NaughtyGeist same MHW be my first but maybe Rise be my first',Albania,1306730560065241088
GrayAlister2,b'RT @JockPossum: In a mood for dire fortnite \n\nIn running shorts https://t.co/W01El4H8IU',Albania,1306730559557730305
evildjali,"b'RT @rexhi_: [ Drum Kit Preview ] ""CHAMPION II"" BY REXHI https://t.co/hJdQBl3wgl via @YouTube \n\nYoo! Please help me share this.'",Albania,1306730515286949888
Alex_J_Cleret,b'RT @JockPossum: In a mood for dire fortnite \n\nIn running shorts https://t.co/W01El4H8IU',Albania,1306730512522805249
Hanabu_chan,b'RT @Yoaihime: blue ??? https://t.co/VQ2NLXAYy5',Albania,1306730453211242502
AjvaziArt,"b'RT @rexhi_: [ Drum Kit Preview ] ""CHAMPION II"" BY REXHI https://t.co/hJdQBl3wgl via @YouTube \n\nYoo! Please help me share this.'",Albania,1306730348093595648
sk8terb76846167,b'i finished at 7:02 whew chile',Albania,1306730186835140608
AmonBars,b'RT @JockPossum: In a mood for dire fortnite \n\nIn running shorts https://t.co/W01El4H8IU',Albania,1306730158028664832
Y00NGl69,"b""@hottietaehyung3 im not completely sure but don't you just have to prove the awnser is right or something""",Albania,1306730118048559104
uskiiee,b'RT @Yoaihime: blue ??? https://t.co/VQ2NLXAYy5',Albania,1306730064596422658
TheGonso,b'RT @JockPossum: In a mood for dire fortnite \n\nIn running shorts https://t.co/W01El4H8IU',Albania,1306729837071986688
Y00NGl69,b'@hottietaehyung3 justification ?',Albania,1306729772320518145
Woxplosion,b'RT @JockPossum: In a mood for dire fortnite \n\nIn running shorts https://t.co/W01El4H8IU',Albania,1306729671992602625
yambrobeyotch,b'@jenovabuffay Do it coward',Albania,1306729544229908480
KrissaHigashi12,b'Oh yea what yall think about that Monster Hunter Rise?',Albania,1306729521916399617
j_neer12,b'@_____zach6 roadhouse&gt;&gt;&gt;&gt;',Albania,1306729500034691072
patelynngrant,b'@zeerenteria pretty ???',Albania,1306729392631144448
Y00NGl69,b'@hottietaehyung3 omg show me maybe i can help',Albania,1306729377997164545
j_neer12,"b'if the browns lose to the bengals that?s it, i quit'",Albania,1306729340579840001
Araiguma_KUUUUN,b'RT @JockPossum: In a mood for dire fortnite \n\nIn running shorts https://t.co/W01El4H8IU',Albania,1306729337274556416
BuniSocks,b'RT @Yoaihime: blue ??? https://t.co/VQ2NLXAYy5',Albania,1306729292391485446
PopsKC,"b'@thoughtswithn Plus dry mouth, tremors, constipation, blocked orgasm, zombified, ughh'",Albania,1306729233625108481
Y00NGl69,b'i been wanting ipad air 2 2019 ver for a while',Albania,1306729209469992963
Y00NGl69,b'okay so i can get a new ipad then https://t.co/wg25ZVLYiT',Albania,1306729080168030208
Flat__Ray,b'RT @Yoaihime: blue ??? https://t.co/VQ2NLXAYy5',Albania,1306728695147696128
Thunder_NTWRK,b'@sjavball defeats @BishopMiegeHS 2-0 to take the match! ????. Make sure to tune into our broadcast:? https://t.co/QrS7nshCPI',Albania,1306728691276410881
JoseWild3,b'RT @Yoaihime: blue ??? https://t.co/VQ2NLXAYy5',Albania,1306728547826966529
stayz3n_,b'RT @PaperJam126: @amongustruggles i cant dm but what just happened https://t.co/D9hhHjEIUu',Albania,1306728449428647937
102nor,"b'RT @rexhi_: [ Drum Kit Preview ] ""CHAMPION II"" BY REXHI https://t.co/hJdQBl3wgl via @YouTube \n\nYoo! Please help me share this.'",Albania,1306728433779707904
megs_vettel,b'RT @Yoaihime: blue ??? https://t.co/VQ2NLXAYy5',Albania,1306728416310423552
KinkyGijinky,b'RT @JockPossum: In a mood for dire fortnite \n\nIn running shorts https://t.co/W01El4H8IU',Albania,1306728387680055296
Kermakatti,b'RT @JockPossum: In a mood for dire fortnite \n\nIn running shorts https://t.co/W01El4H8IU',Albania,1306728344319406081
NaughtyLionBoi,b'RT @JockPossum: In a mood for dire fortnite \n\nIn running shorts https://t.co/W01El4H8IU',Albania,1306728327470747648
The_STUMPYNATOR,b'RT @Yoaihime: blue ??? https://t.co/VQ2NLXAYy5',Albania,1306728311561871363
xX__Hybrid__Xx,b'RT @JockPossum: In a mood for dire fortnite \n\nIn running shorts https://t.co/W01El4H8IU',Albania,1306728241550557185
XanderrFFXI,b'RT @Yoaihime: blue ??? https://t.co/VQ2NLXAYy5',Albania,1306728223049302016
Y00NGl69,b'they lied https://t.co/YO6ciuZA8P https://t.co/jhcSBiAy5d',Albania,1306728167881822209
i24MD,b'RT @Yoaihime: blue ??? https://t.co/VQ2NLXAYy5',Albania,1306728051472961536
Y00NGl69,b'somebody told me that the tears from your eyes are made of the same thing you pee out into the toilet',Albania,1306727911916032003
eternal0paradox,b'RT @Yoaihime: blue ??? https://t.co/VQ2NLXAYy5',Albania,1306727911702044673
wolfperfume,b'RT @JockPossum: In a mood for dire fortnite \n\nIn running shorts https://t.co/W01El4H8IU',Albania,1306727789635219462
wavygaz,"b'RT @rexhi_: [ Drum Kit Preview ] ""CHAMPION II"" BY REXHI https://t.co/hJdQBl3wgl via @YouTube \n\nYoo! Please help me share this.'",Albania,1306727767745204225
Drake_Forrester,b'RT @JockPossum: In a mood for dire fortnite \n\nIn running shorts https://t.co/W01El4H8IU',Albania,1306727767468388357
Y00NGl69,b'@jinkookgloss YEAHH',Albania,1306727740951977987
Alonso77_96,"b""RT @ertidesu: She knows she's just so amazing https://t.co/dHlqhGQPfq""",Albania,1306727684324700160
ertidesu,b'@lavendermokona Sure ??\n*pls contain me before I do smth stupid tho* ?',Albania,1306727646248742914
rexhi_,"b'[ Drum Kit Preview ] ""CHAMPION II"" BY REXHI https://t.co/hJdQBl3wgl via @YouTube \n\nYoo! Please help me share this.'",Albania,1306727611977150465
NunNan_6974,b'RT @Yoaihime: blue ??? https://t.co/VQ2NLXAYy5',Albania,1306727459014934528
Y00NGl69,"b""@jinkookgloss you're the reason ive been wanting peach rings since the start of the week bc you said it was your fa? https://t.co/Fd168wC4iZ""",Albania,1306727021452709888
Ludrasil,b'RT @JockPossum: In a mood for dire fortnite \n\nIn running shorts https://t.co/W01El4H8IU',Albania,1306726921787637762
RoboMattias,b'RT @JockPossum: In a mood for dire fortnite \n\nIn running shorts https://t.co/W01El4H8IU',Albania,1306726913864601600
KrisMP93,"b'@PrimeBane SPILL THE DETAILS, MONKEY!'",Albania,1306726691776020482
CharredBunny,b'RT @Yoaihime: blue ??? https://t.co/VQ2NLXAYy5',Albania,1306726480676712448
Milana_GB55,b'RT @Yoaihime: blue ??? https://t.co/VQ2NLXAYy5',Albania,1306726237742694401
Panqueque_Art,b'RT @Yoaihime: blue ??? https://t.co/VQ2NLXAYy5',Albania,1306726114107285510
muskyIncineroa,b'RT @JockPossum: In a mood for dire fortnite \n\nIn running shorts https://t.co/W01El4H8IU',Albania,1306726107769704450
MartaGuedes_21,"b""RT @diogx_: Look at me and my baby aaahhhhhh we're so cuteeee I love him so much?""",Albania,1306726088983433216
Dante33464,b'RT @Yoaihime: blue ??? https://t.co/VQ2NLXAYy5',Albania,1306725914785525760
spetz2_0,b'RT @JockPossum: In a mood for dire fortnite \n\nIn running shorts https://t.co/W01El4H8IU',Albania,1306725845306716161
ATornCatEar,b'RT @JockPossum: In a mood for dire fortnite \n\nIn running shorts https://t.co/W01El4H8IU',Albania,1306725529236598784
marsofthestars_,b'Thank you for making me happy :^c',Albania,1306725363729534978
bambi_locs,"b""RT @DirtyLykSwine: Those uncles and aunties complaining about how we don't call them, do their kids call our parents?""",Albania,1306725198650118146
TheBlueishCub,b'RT @JockPossum: In a mood for dire fortnite \n\nIn running shorts https://t.co/W01El4H8IU',Albania,1306725154718973954
ty34dx,b'RT @JockPossum: In a mood for dire fortnite \n\nIn running shorts https://t.co/W01El4H8IU',Albania,1306725146489741312
Y00NGl69,b'@gastghost there is nothing for me in that school except the woodwork project to be honest with you',Albania,1306724886145097728
BronsonBrothers,b'Basically buying all the Bitcoin I can this month and this is why \n\n$BTC #BTC #Bitcoin #Crypto https://t.co/mqSFGtasbY',Albania,1306724859062480896
KrisMP93,b'Four movies you?re pretty sure you like more than anyone else you know. https://t.co/gOLIixl1vM https://t.co/pjABjIVc4q',Albania,1306724797267677184
KidestosLuz,b'RT @JockPossum: In a mood for dire fortnite \n\nIn running shorts https://t.co/W01El4H8IU',Albania,1306724770612948992
onovoxvii,"b'RT @fivestargraficx: Guysss,    I don die ???\n\nAfter wining ?????? https://t.co/depfThCu6E'",Albania,1306724736592994318
kristicunga,b'Am I the only one who reads newsletters? ?',Albania,1306724675465154560
Unknown_exists,b'RT @Yoaihime: blue ??? https://t.co/VQ2NLXAYy5',Albania,1306724659854008322
Y00NGl69,"b""tw food \n\nif i don't get peach rings tommorow i will cry fr""",Albania,1306724646520262657
fivestargraficx,b'@Lyonkinge Their papa',Albania,1306724486075633667
monaa_du1,b'@listenbee4igo Thank you!',Albania,1306732078948659201
mii_a9,b'@taktccc @speedpyhack61 @milosevicsara15 @Gs19Kadir05 @AlexanderSorlth @loveontop78 @Starco_5Ever @_Lazrim born in SRJ sooooooo...',Albania,1306731752497577984
monaa_du1,b'@listenbee4igo Where? What?',Albania,1306730661311586305
zagorickigortat,b'@ikaprajvet Oke extra',Albania,1306730560962924544
nevermindjody,"b'@Pilnok Yup, not at all related to a game that just came out attached to a maybe IP jklol https://t.co/AXvObMMXao'",Albania,1306730521930674176
kosarkas15,b'@porgaviseslav You should make a comeback to twitter friend',Albania,1306730435729403906
ArlingtonBeech5,b'@RNevofficial @QPR Alright Ralph dont make this personal ha ha',Albania,1306728145723232256
mii_a9,b'@speedpyhack61 @milosevicsara15 @Gs19Kadir05 @AlexanderSorlth @loveontop78 @taktccc @Starco_5Ever @_Lazrim come to Montenegro',Albania,1306727901900025861
indigobryan1,b'@darkthr0neh0e I do that and my eyes close for 2 hours and I?m still awake ?',Albania,1306726551942094849
nevermindjody,"b""@Pilnok That's fucked up""",Albania,1306726377970896896
nevermindjody,"b'@KillerMartinis I think most cis men just hear ""cramps"" and assume it\'s on par with the cramps you get from running? https://t.co/uVYVTVjmih'",Albania,1306726267413303297
MilanMJovovic,b'#stemhorizons from Caltech https://t.co/MfPGOUeGY9',Albania,1306725058891722752
klxudiab,b'if you have my mom on insta she will react to every single story you post lmaoooooooo',Albania,1306724706557595649
Gabbbbly,b'@marinasandoval_ Is the teacher white? using that language? ?',Albania,1306724329426546690
mii_a9,b'@speedpyhack61 @_Lazrim @taktccc @loveontop78 @Gs19Kadir05 @Starco_5Ever @milosevicsara15 He is ortodox muslim from north macedonia',Albania,1306724008973553665
mii_a9,b'@speedpyhack61 @milosevicsara15 @Gs19Kadir05 @AlexanderSorlth @loveontop78 @taktccc @Starco_5Ever @_Lazrim ohhhh yesssssssss',Albania,1306723710787883010
mii_a9,b'@speedpyhack61 @milosevicsara15 @Gs19Kadir05 @AlexanderSorlth @loveontop78 @taktccc @Starco_5Ever @_Lazrim peace????????',Albania,1306723450552225792
altinaselimi1,b'RT @itsZamira: Wish list  :\n -  Peace of mind',Albania,1306722738908934144
booh_rui,b'RT @incokewetrust: Y?all worried about how much gigabytes the PS5 has but need to gig your son a byte to eat cause he?s hungry ??',Albania,1306722304974630913
nott_really,b'RT @itsZamira: Wish list  :\n -  Peace of mind',Albania,1306722266017865728
avh16,b'RT @KMaddocksUK: Join us! https://t.co/KBhGdbvsyu',Albania,1306719080846635013
kokainudrogu,b'@kalisyzz A mene to smara',Albania,1306717334036414464
JulienGradillas,"b'RT @Gabbbbly: They practiced for weeks, and this is what they came up with? ?'",Albania,1306717277241225217
itsZamira,b'@KiroGirl95 @_lorrr_ Different from all ?',Albania,1306714787305451520
snackstar,b'@moss__piglet Some of us are here for the nut flavor',Albania,1306714759040061440
mexicoofishy,b'@RShkurta @njedheevetmja tell her bro',Albania,1306712570204749824
radoleks,b'it?s over for yall https://t.co/Alaen49UoJ',Albania,1306711826697269250
majcina_scer,b'Cher ?? https://t.co/0Tb8OdylDl',Albania,1306710333847994370
raaadulovic,b'@milica21779161 Ludim',Albania,1306709453824290816
KiroGirl95,b'RT @itsZamira: Wish list  :\n -  Peace of mind',Albania,1306709115251691521
itsZamira,b'Wish list  :\n -  Peace of mind',Albania,1306708330572853250
IgorMilic7,b'@endzi029 photoshop!',Albania,1306707914363723776
incokewetrust,b'@enxxhi69 pse i paske prish floket m',Albania,1306707479435374593
incokewetrust,b'anyone wanna be my girfriend ?',Albania,1306705567616991232
MilicaSanjar2,b'@MontenegroWomen DO KAD?!',Albania,1306705400738320384
TubTub520,b'Oh lord since \nHer baby daddy separated from her. Now she been passed around by all of tucson. Smdh.',Albania,1306704986403819520
kosarkas15,b'@hoopshype Danny green?',Albania,1306704914547175426
seankellyr,b'@jennshapland Congratulations. It is well deserved.',Albania,1306704789313478656
LeggoMyDiegoo_,"b""Don't listen to her ladies buy him the ps5 https://t.co/nSMvuMHSoW""",Albania,1306704630894731264
LeggoMyDiegoo_,b'On my teenage fever vibes',Albania,1306704421879980032
alexyyyyys,b'oh honey',Albania,1306702878271307776
gentgashi4,"b""RT @itsZamira: '' Words are the new guns.  ''""",Albania,1306702744389025794
GjonniG,b'RT @DedGjo: It?ll always rub me wrong how the dances performed under communism were so much more orchestrated and expressive than anything?',Albania,1306701778516402176
LuiselcabesaX,b'RT @Tauron_E5150: Check out my impostor ?',Albania,1306701205905833987
Gabbbbly,"b'They practiced for weeks, and this is what they came up with? ? https://t.co/E8nIdhxtcQ'",Albania,1306701180769165313
Tauron_E5150,b'Check out my impostor ? https://t.co/rm3ZG43nNb',Albania,1306700924442865665
DedGjo,b'No matter what cultural concert I attend I see the same ideas recycled over and over again with little to no effort? https://t.co/hoxoVwvV1p',Albania,1306700818847072257
EricNBoyd,b'@ToylabHQ Thanks for the encouragement.',Albania,1306700605839282177
TubTub520,b'Neck hurt so bad. Just want lil baby and some pho..',Albania,1306700586625056769
MilicaSanjar2,b'@lokalna_vracara Isto......',Albania,1306700101226815489
mladi_metro,b'Me in the sheets            Me in the streets https://t.co/33R7Zm3bS0',Albania,1306699969190076427
TubTub520,b'My neck hurts so bad.',Albania,1306699969034772481
DedGjo,b'It?ll always rub me wrong how the dances performed under communism were so much more orchestrated and expressive th? https://t.co/j0lw4lBWHx',Albania,1306699740776747010
Ivaskinator_,b'@d0ticna Pope &gt;&gt;&gt;&gt;&gt;&gt;&gt;&gt;&gt;&gt;&gt;&gt;',Albania,1306699595699884032
EricNBoyd,"b'@ATosspott I find myself ""rotating"" with YT Channels I am subscribed to and I realize that may not be a good thing? https://t.co/T7yUgUm0WV'",Albania,1306699195462582273
linaamoo,b'@MissCuudi phew.. you?re safe... for now.........???',Albania,1306698899004948480
TubTub520,"b'I can sit quiet by some dudes. They gotta tell me how tough, or cool they are. Like. On there own. Now im nodding.? https://t.co/3F69A1xFEv'",Albania,1306698815789965312
jnlmda6,b'So what cool is when you Wife @RamriezGeorgina is talking to you in the phone and a guy asked out his car window If? https://t.co/EN2oflsdJd',Albania,1306698615960694785
EricNBoyd,"b""and wasn't aware of it until I shot these videos.  I used a Camcorder.  Not very stable but I should have held the? https://t.co/AhdwNeMpVr""",Albania,1306698562223386625
TubTub520,"b'From the handshake, to the bragging bout how good u use to be at a sport. All cuz im being me. Is insecurity playing out in front of me'",Albania,1306698443549671425
mladi_metro,b'Mastodon - March of the Fire Ants\nhttps://t.co/CQN2EY5hJp',Albania,1306698349148540929
EricNBoyd,b'1/ Reviewing majority of the videos I shot today and I am not happy.  My gait is far too bouncy and the videos are? https://t.co/3zYBrZv8dG',Albania,1306698122782011396
incokewetrust,b'@284ft u packin ?',Albania,1306697225289043968
incokewetrust,"b'@daysbeforemario @lilbaby4PF bro u been saying this for the whole week , we aint got time hurry up'",Albania,1306696933436805123
dirtyydAn___,b'And no we?re not fucking lazy for asking to have another day to ourselves https://t.co/szNfiVZsto',Albania,1306696064469098496
mandrosxv,b'@alexcantsaveher Choppa don?t know shit?',Albania,1306692899929636870
mmmatryoshka,b'@Kompletna iMbox ???',Albania,1306691938796568576
ArlingtonBeech5,b'@RNevofficial @DionDublinsDube Yes well I?d be feeling a lot more at ease! Should be a cracker. You doing anything? https://t.co/V3SZxeDd5s',Albania,1306691388336156673
nevermindjody,"b""@redditships Once there was this guy who\nGot dumped by a girl because he wasn't very cool and\nWhen they finally met? https://t.co/8nMwnLFnzc""",Albania,1306689778117681155
EricNBoyd,"b""Shot some new video and took new photos today.  A few RR items have been removed since early Summer.  I wasn't awar? https://t.co/RUOeQKMCs8""",Albania,1306689155812950018
KMaddocksUK,b'Join us! https://t.co/KBhGdbvsyu',Albania,1306688436930326531
mexicoofishy,b'@mrsbarackoganja hey baby..',Albania,1306687646606020608
ArlingtonBeech5,b'Remember this like it was yesterday! Never thought he?d be presenting homes under the hammer 25 years later ha ha.? https://t.co/Ys0QzgBCmp',Albania,1306686605470699520
mexicoofishy,b'@ushtarikrishtit damn u real asf',Albania,1306686556472856576
mexicoofishy,b'what he said https://t.co/qwv4szfMT0',Albania,1306686491108814850
StateSecretary3,b'RT @VanjaKljajevic: @EBRD #StarVenture is currently receiving applications in the #WesternBalkans. If you are an early-stage #startup with?',Albania,1306686314666958848
VanjaKljajevic,b'@EBRD #StarVenture is currently receiving applications in the #WesternBalkans. If you are an early-stage #startup w? https://t.co/XT6CprMLn0',Albania,1306686137897975810
mato5h1,b'RT @mexicoofishy: gito back? https://t.co/dPaIWDCYOT',Albania,1306685756212158466
indigobryan1,b'@aimeebchavez Yes u right ?also love the hair dude keep winning',Albania,1306685448073355264
dramskamakarona,b'@vakumiranasolja Goal',Albania,1306685298500345857
indigobryan1,b'@darkthr0neh0e U sleep 5ever foo daily naps non stop too I wish u had that skill I can never sleep or take naps during the day',Albania,1306685251234668544
mrsbarackoganja,b'RT @mexicoofishy: gito back? https://t.co/dPaIWDCYOT',Albania,1306684922170572800
neznamdjebijem,b'opet https://t.co/4jMOA0qREq',Albania,1306684633925464070
Suncica33,b'Strike a balance between taking the lead and heeding the advic... More for Aries https://t.co/88KNHKKwdo',Albania,1306684388118159360
inadrj,b'@lina_lxu Is that youuu????',Albania,1306683672960139264
mexicoofishy,b'gito back? https://t.co/Y3KSoN6f09 https://t.co/dPaIWDCYOT',Albania,1306683441786875904
Dorotino,"b'@JamroMZ ? Okay, sounds good'",Albania,1306682916710363136
maliprinc062,b'RT @kozica16: stupid autocorrect ?',Albania,1306682574341844999
kozica16,b'stupid autocorrect ?',Albania,1306682480771190788
bibleblacko,"b'RT @kozica16: ""and damaged people understand that every evil demon that exists down there was once a kind angel before it fell""'",Albania,1306682403860160512
kozica16,"b'""and damaged people understand that every evil demon that exists down there was once a kind angel before it fell""'",Albania,1306682355252420608
mexicoofishy,b'@kacurrelele ikr not really me.. so hey i heard jimin likes hot dogs... like literally',Albania,1306680979143172100
DrjElsa,b'@Anj3sa Happy birthday yll ????',Albania,1306680521863376896
LeggoMyDiegoo_,b'WHATS THE PRICE',Albania,1306679850283884544
sneebles_mcgee,"b""@SylvianArtist don't we all https://t.co/nppIQTPPGJ""",Albania,1306679634772348931
GjonniG,b'RT @DedGjo: I propose Malesor diaspora put funds together to create a Trump-esque wall situated between tuz and poddersville and we man it?',Albania,1306679480086339584
DedGjo,b'Worst case scenario we have goats placed in front of the wall with lamps hung over their horns to impersonate soldi? https://t.co/UVmtCHZHWP',Albania,1306679203228798976
LeggoMyDiegoo_,"b""There ain't enough money I gotta get paid""",Albania,1306679086115217408
AdiramCastro1,b'@DrinkAriZona yo so its not just my town that is trying to raise the prices?\ni cant even find the can at any circle? https://t.co/g1zfurHmTj',Albania,1306678993177866241
LeggoMyDiegoo_,b'To take me down then u gotta be brave',Albania,1306678971682054144
xaalk_,b'RT @JockPossum: In a mood for dire fortnite \n\nIn running shorts https://t.co/W01El4H8IU',Albania,1306732221546594304
togepidesu,b'RT @Yoaihime: blue ??? https://t.co/VQ2NLXAYy5',Albania,1306732140084822018
rexxon_woof,b'RT @JockPossum: In a mood for dire fortnite \n\nIn running shorts https://t.co/W01El4H8IU',Albania,1306731999835627523
Reid_the_Cat,b'RT @JockPossum: In a mood for dire fortnite \n\nIn running shorts https://t.co/W01El4H8IU',Albania,1306731942302437378
VanezaMonroe,b'My mom really said ?why are yall like that? when i said her favorite grandson was coming over tomorrow',Albania,1306731892033703937
KrissaHigashi12,b'@JoshinTosh_ mines arriving sept 29 - oct 2\n\nBUT ALMOST SLIGHT CLOSE TO SHIPPED\n\nin amazon\n\nJust a few move and It shipped',Albania,1306731834114560005
GiganticPaws,b'RT @JockPossum: In a mood for dire fortnite \n\nIn running shorts https://t.co/W01El4H8IU',Albania,1306731826988290048
Y00NGl69,b'@hottietaehyung3 i think im wrong because in the image its telling you to match up the equations with the terms at? https://t.co/SE5VuKA0oz',Albania,1306731750413029381
Meyueki,b'RT @Yoaihime: blue ??? https://t.co/VQ2NLXAYy5',Albania,1306731717273812992
DonutSuue,b'RT @Yoaihime: blue ??? https://t.co/VQ2NLXAYy5',Albania,1306731689570377728
KaiTatanka,b'RT @Yoaihime: blue ??? https://t.co/VQ2NLXAYy5',Albania,1306731684562448384
KrissaHigashi12,b'@NaughtyGeist I wonder if MHW/ MHR be worth it\n\nIf also\n\nWhat are the reasons?\n\nand how combat works?',Albania,1306731647103098880
really_username,b'RT @JockPossum: In a mood for dire fortnite \n\nIn running shorts https://t.co/W01El4H8IU',Albania,1306731595634802688
robbycchi,b'RT @Yoaihime: blue ??? https://t.co/VQ2NLXAYy5',Albania,1306731476831080451
EdwardTheBear12,b'RT @JockPossum: In a mood for dire fortnite \n\nIn running shorts https://t.co/W01El4H8IU',Albania,1306731440961396737
Larrythellama12,b'RT @JockPossum: In a mood for dire fortnite \n\nIn running shorts https://t.co/W01El4H8IU',Albania,1306731398405947392
VatanVuthi,"b'RT @rexhi_: [ Drum Kit Preview ] ""CHAMPION II"" BY REXHI https://t.co/hJdQBl3wgl via @YouTube \n\nYoo! Please help me share this.'",Albania,1306731230084427781
r4inah,b'@parislorrence (they are the same person)',Albania,1306731184194379776
Tenki101,b'RT @JockPossum: In a mood for dire fortnite \n\nIn running shorts https://t.co/W01El4H8IU',Albania,1306731092402040833
TheUnknownBirb,"b'@illumiloveyou The musicians murder weapon.\nOr, musical wolverine?s claws'",Albania,1306731065525055498
pk_fye,b'Spicy nuggets from mcds are valid ! \nfuck',Albania,1306730876634570758
HyenaIke,b'RT @JockPossum: In a mood for dire fortnite \n\nIn running shorts https://t.co/W01El4H8IU',Albania,1306730870485680128
happik4y,b'ty to everyone who ordered or donated for rileys hospital bill ??',Albania,1306730753611399169
KamenRiderFurry,b'RT @JockPossum: In a mood for dire fortnite \n\nIn running shorts https://t.co/W01El4H8IU',Albania,1306730711479660544
diogx_,b'@Mariana_milheir That bich is THA BICH PERIODT',Albania,1306730669998039040
undefinedxik,"b'RT @rexhi_: [ Drum Kit Preview ] ""CHAMPION II"" BY REXHI https://t.co/hJdQBl3wgl via @YouTube \n\nYoo! Please help me share this.'",Albania,1306730654567202816
KrissaHigashi12,b'@NaughtyGeist same MHW be my first but maybe Rise be my first',Albania,1306730560065241088
GrayAlister2,b'RT @JockPossum: In a mood for dire fortnite \n\nIn running shorts https://t.co/W01El4H8IU',Albania,1306730559557730305
evildjali,"b'RT @rexhi_: [ Drum Kit Preview ] ""CHAMPION II"" BY REXHI https://t.co/hJdQBl3wgl via @YouTube \n\nYoo! Please help me share this.'",Albania,1306730515286949888
Alex_J_Cleret,b'RT @JockPossum: In a mood for dire fortnite \n\nIn running shorts https://t.co/W01El4H8IU',Albania,1306730512522805249
Hanabu_chan,b'RT @Yoaihime: blue ??? https://t.co/VQ2NLXAYy5',Albania,1306730453211242502
AjvaziArt,"b'RT @rexhi_: [ Drum Kit Preview ] ""CHAMPION II"" BY REXHI https://t.co/hJdQBl3wgl via @YouTube \n\nYoo! Please help me share this.'",Albania,1306730348093595648
sk8terb76846167,b'i finished at 7:02 whew chile',Albania,1306730186835140608
AmonBars,b'RT @JockPossum: In a mood for dire fortnite \n\nIn running shorts https://t.co/W01El4H8IU',Albania,1306730158028664832
Y00NGl69,"b""@hottietaehyung3 im not completely sure but don't you just have to prove the awnser is right or something""",Albania,1306730118048559104
uskiiee,b'RT @Yoaihime: blue ??? https://t.co/VQ2NLXAYy5',Albania,1306730064596422658
TheGonso,b'RT @JockPossum: In a mood for dire fortnite \n\nIn running shorts https://t.co/W01El4H8IU',Albania,1306729837071986688
Y00NGl69,b'@hottietaehyung3 justification ?',Albania,1306729772320518145
Woxplosion,b'RT @JockPossum: In a mood for dire fortnite \n\nIn running shorts https://t.co/W01El4H8IU',Albania,1306729671992602625
yambrobeyotch,b'@jenovabuffay Do it coward',Albania,1306729544229908480
KrissaHigashi12,b'Oh yea what yall think about that Monster Hunter Rise?',Albania,1306729521916399617
j_neer12,b'@_____zach6 roadhouse&gt;&gt;&gt;&gt;',Albania,1306729500034691072
Y00NGl69,b'@hottietaehyung3 omg show me maybe i can help',Albania,1306729377997164545
j_neer12,"b'if the browns lose to the bengals that?s it, i quit'",Albania,1306729340579840001
Araiguma_KUUUUN,b'RT @JockPossum: In a mood for dire fortnite \n\nIn running shorts https://t.co/W01El4H8IU',Albania,1306729337274556416
BuniSocks,b'RT @Yoaihime: blue ??? https://t.co/VQ2NLXAYy5',Albania,1306729292391485446
PopsKC,"b'@thoughtswithn Plus dry mouth, tremors, constipation, blocked orgasm, zombified, ughh'",Albania,1306729233625108481
Y00NGl69,b'i been wanting ipad air 2 2019 ver for a while',Albania,1306729209469992963
Y00NGl69,b'okay so i can get a new ipad then https://t.co/wg25ZVLYiT',Albania,1306729080168030208
Flat__Ray,b'RT @Yoaihime: blue ??? https://t.co/VQ2NLXAYy5',Albania,1306728695147696128
JoseWild3,b'RT @Yoaihime: blue ??? https://t.co/VQ2NLXAYy5',Albania,1306728547826966529
stayz3n_,b'RT @PaperJam126: @amongustruggles i cant dm but what just happened https://t.co/D9hhHjEIUu',Albania,1306728449428647937
102nor,"b'RT @rexhi_: [ Drum Kit Preview ] ""CHAMPION II"" BY REXHI https://t.co/hJdQBl3wgl via @YouTube \n\nYoo! Please help me share this.'",Albania,1306728433779707904
megs_vettel,b'RT @Yoaihime: blue ??? https://t.co/VQ2NLXAYy5',Albania,1306728416310423552
KinkyGijinky,b'RT @JockPossum: In a mood for dire fortnite \n\nIn running shorts https://t.co/W01El4H8IU',Albania,1306728387680055296
Kermakatti,b'RT @JockPossum: In a mood for dire fortnite \n\nIn running shorts https://t.co/W01El4H8IU',Albania,1306728344319406081
NaughtyLionBoi,b'RT @JockPossum: In a mood for dire fortnite \n\nIn running shorts https://t.co/W01El4H8IU',Albania,1306728327470747648
The_STUMPYNATOR,b'RT @Yoaihime: blue ??? https://t.co/VQ2NLXAYy5',Albania,1306728311561871363
xX__Hybrid__Xx,b'RT @JockPossum: In a mood for dire fortnite \n\nIn running shorts https://t.co/W01El4H8IU',Albania,1306728241550557185
XanderrFFXI,b'RT @Yoaihime: blue ??? https://t.co/VQ2NLXAYy5',Albania,1306728223049302016
Y00NGl69,b'they lied https://t.co/YO6ciuZA8P https://t.co/jhcSBiAy5d',Albania,1306728167881822209
i24MD,b'RT @Yoaihime: blue ??? https://t.co/VQ2NLXAYy5',Albania,1306728051472961536
Y00NGl69,b'somebody told me that the tears from your eyes are made of the same thing you pee out into the toilet',Albania,1306727911916032003
eternal0paradox,b'RT @Yoaihime: blue ??? https://t.co/VQ2NLXAYy5',Albania,1306727911702044673
wolfperfume,b'RT @JockPossum: In a mood for dire fortnite \n\nIn running shorts https://t.co/W01El4H8IU',Albania,1306727789635219462
wavygaz,"b'RT @rexhi_: [ Drum Kit Preview ] ""CHAMPION II"" BY REXHI https://t.co/hJdQBl3wgl via @YouTube \n\nYoo! Please help me share this.'",Albania,1306727767745204225
Drake_Forrester,b'RT @JockPossum: In a mood for dire fortnite \n\nIn running shorts https://t.co/W01El4H8IU',Albania,1306727767468388357
Y00NGl69,b'@jinkookgloss YEAHH',Albania,1306727740951977987
Alonso77_96,"b""RT @ertidesu: She knows she's just so amazing https://t.co/dHlqhGQPfq""",Albania,1306727684324700160
ertidesu,b'@lavendermokona Sure ??\n*pls contain me before I do smth stupid tho* ?',Albania,1306727646248742914
rexhi_,"b'[ Drum Kit Preview ] ""CHAMPION II"" BY REXHI https://t.co/hJdQBl3wgl via @YouTube \n\nYoo! Please help me share this.'",Albania,1306727611977150465
NunNan_6974,b'RT @Yoaihime: blue ??? https://t.co/VQ2NLXAYy5',Albania,1306727459014934528
Y00NGl69,"b""@jinkookgloss you're the reason ive been wanting peach rings since the start of the week bc you said it was your fa? https://t.co/Fd168wC4iZ""",Albania,1306727021452709888
Ludrasil,b'RT @JockPossum: In a mood for dire fortnite \n\nIn running shorts https://t.co/W01El4H8IU',Albania,1306726921787637762
RoboMattias,b'RT @JockPossum: In a mood for dire fortnite \n\nIn running shorts https://t.co/W01El4H8IU',Albania,1306726913864601600
CharredBunny,b'RT @Yoaihime: blue ??? https://t.co/VQ2NLXAYy5',Albania,1306726480676712448
Milana_GB55,b'RT @Yoaihime: blue ??? https://t.co/VQ2NLXAYy5',Albania,1306726237742694401
Panqueque_Art,b'RT @Yoaihime: blue ??? https://t.co/VQ2NLXAYy5',Albania,1306726114107285510
muskyIncineroa,b'RT @JockPossum: In a mood for dire fortnite \n\nIn running shorts https://t.co/W01El4H8IU',Albania,1306726107769704450
MartaGuedes_21,"b""RT @diogx_: Look at me and my baby aaahhhhhh we're so cuteeee I love him so much?""",Albania,1306726088983433216
Dante33464,b'RT @Yoaihime: blue ??? https://t.co/VQ2NLXAYy5',Albania,1306725914785525760
spetz2_0,b'RT @JockPossum: In a mood for dire fortnite \n\nIn running shorts https://t.co/W01El4H8IU',Albania,1306725845306716161
ATornCatEar,b'RT @JockPossum: In a mood for dire fortnite \n\nIn running shorts https://t.co/W01El4H8IU',Albania,1306725529236598784
marsofthestars_,b'Thank you for making me happy :^c',Albania,1306725363729534978
bambi_locs,"b""RT @DirtyLykSwine: Those uncles and aunties complaining about how we don't call them, do their kids call our parents?""",Albania,1306725198650118146
TheBlueishCub,b'RT @JockPossum: In a mood for dire fortnite \n\nIn running shorts https://t.co/W01El4H8IU',Albania,1306725154718973954
ty34dx,b'RT @JockPossum: In a mood for dire fortnite \n\nIn running shorts https://t.co/W01El4H8IU',Albania,1306725146489741312
Y00NGl69,b'@gastghost there is nothing for me in that school except the woodwork project to be honest with you',Albania,1306724886145097728
BronsonBrothers,b'Basically buying all the Bitcoin I can this month and this is why \n\n$BTC #BTC #Bitcoin #Crypto https://t.co/mqSFGtasbY',Albania,1306724859062480896
KidestosLuz,b'RT @JockPossum: In a mood for dire fortnite \n\nIn running shorts https://t.co/W01El4H8IU',Albania,1306724770612948992
onovoxvii,"b'RT @fivestargraficx: Guysss,    I don die ???\n\nAfter wining ?????? https://t.co/depfThCu6E'",Albania,1306724736592994318
kristicunga,b'Am I the only one who reads newsletters? ?',Albania,1306724675465154560
Unknown_exists,b'RT @Yoaihime: blue ??? https://t.co/VQ2NLXAYy5',Albania,1306724659854008322
Y00NGl69,"b""tw food \n\nif i don't get peach rings tommorow i will cry fr""",Albania,1306724646520262657
fivestargraficx,b'@Lyonkinge Their papa',Albania,1306724486075633667
it_matheus,b'RT @Yoaihime: blue ??? https://t.co/VQ2NLXAYy5',Albania,1306724359118225409
henpecked816,"b""@shanestewartrcg @lucasspeedway @LucasOilASCS @DissolvAlloy @Mrs_JStewart @JustinMarksDG Hell yes! I'll be there tomorrow!""",Albania,1306724248715657222
0luwab0ri,"b'RT @fivestargraficx: Guysss,    I don die ???\n\nAfter wining ?????? https://t.co/depfThCu6E'",Albania,1306724089747341316
Y00NGl69,"b'@koosgay aww, well i hope you find a job so you can get your slime ??'",Albania,1306723946398711814
henpecked816,b'@TexasMo76066798 I call dibs.',Albania,1306723939754926082
Swing_Racc,b'RT @Massive_Liam: this bee dog toy has been in my car for almost 2 years https://t.co/USGlASKvSy',Albania,1306732080802529283
Zane_Rawson,b'Could quite honestly look at myself in the mirror for hours. #obsessed',Albania,1306731642011095041
HatchetMary,b'RT @Massive_Liam: this bee dog toy has been in my car for almost 2 years https://t.co/USGlASKvSy',Albania,1306729592707854344
_Keroa_,b'RT @Massive_Liam: this bee dog toy has been in my car for almost 2 years https://t.co/USGlASKvSy',Albania,1306728815041736705
boxjockston,b'RT @Massive_Liam: this bee dog toy has been in my car for almost 2 years https://t.co/USGlASKvSy',Albania,1306728237314183170
Un_Leps,b'RT @Massive_Liam: this bee dog toy has been in my car for almost 2 years https://t.co/USGlASKvSy',Albania,1306727856614014976
SigurimiShtet,b'@VhtityOW That?s weird because some of my cousins have a last name really similar to ?Molosachi? but spelled different',Albania,1306727559023951874
SigurimiShtet,"b'@VhtityOW If you read Strabo &amp; Thucydides, you will know the Epirotes were not Greek https://t.co/37HMVpPZN0'",Albania,1306726759916875778
KrisMP93,"b'@PrimeBane SPILL THE DETAILS, MONKEY!'",Albania,1306726691776020482
DangoMang0,b'RT @Massive_Liam: this bee dog toy has been in my car for almost 2 years https://t.co/USGlASKvSy',Albania,1306726233678503940
KrisMP93,b'Four movies you?re pretty sure you like more than anyone else you know. https://t.co/gOLIixl1vM https://t.co/pjABjIVc4q',Albania,1306724797267677184
Minaashido420,b'RT @Massive_Liam: this bee dog toy has been in my car for almost 2 years https://t.co/USGlASKvSy',Albania,1306724596532600834
SigurimiShtet,b'@VhtityOW It?s not a larp :)',Albania,1306723064756015105
KrisMP93,b'@thupka1982 Better-er idea: Trade AA and other stuff for DeBrusk. https://t.co/U1ZkwDL39P',Albania,1306723041523556352
jairramirez52,b'RT @Massive_Liam: this bee dog toy has been in my car for almost 2 years https://t.co/USGlASKvSy',Albania,1306719193098850309
KrisMP93,"b'Dear Kenneth Holland,\nDisregard OEL, acquire Dumba.'",Albania,1306718463562407936
asleepyfire,b'RT @Massive_Liam: this bee dog toy has been in my car for almost 2 years https://t.co/USGlASKvSy',Albania,1306713496768446469
Reimaru92,b'RT @Massive_Liam: this bee dog toy has been in my car for almost 2 years https://t.co/USGlASKvSy',Albania,1306711965633589250
BowerJrOlivas,b'RT @Massive_Liam: this bee dog toy has been in my car for almost 2 years https://t.co/USGlASKvSy',Albania,1306710947201978373
carmenluxxxx,b'@CiaraHempseed Same girl again?',Albania,1306710895016382464
carmenluxxxx,b'What a little sociopath https://t.co/YWa8re83Ix',Albania,1306710302629617664
surgeoisme,b'RT @Massive_Liam: this bee dog toy has been in my car for almost 2 years https://t.co/USGlASKvSy',Albania,1306708417952784385
EdgyMintyTicTac,b'RT @Massive_Liam: this bee dog toy has been in my car for almost 2 years https://t.co/USGlASKvSy',Albania,1306708181024825344
DiegoRebrujo067,b'RT @Massive_Liam: this bee dog toy has been in my car for almost 2 years https://t.co/USGlASKvSy',Albania,1306706942220546048
MegaDriveBrad,b'RT @Massive_Liam: this bee dog toy has been in my car for almost 2 years https://t.co/USGlASKvSy',Albania,1306706674632228865
AWeakEgg,b'RT @Massive_Liam: this bee dog toy has been in my car for almost 2 years https://t.co/USGlASKvSy',Albania,1306705602895384576
the_neku2,b'RT @Massive_Liam: this bee dog toy has been in my car for almost 2 years https://t.co/USGlASKvSy',Albania,1306704122662588422
ko_bonus,b'RT @Massive_Liam: this bee dog toy has been in my car for almost 2 years https://t.co/USGlASKvSy',Albania,1306702372605919232
CaptainJulez,b'RT @Massive_Liam: this bee dog toy has been in my car for almost 2 years https://t.co/USGlASKvSy',Albania,1306700910073126912
SraDimitri,b'RT @Massive_Liam: this bee dog toy has been in my car for almost 2 years https://t.co/USGlASKvSy',Albania,1306698737821990914
unaimanati,b'RT @Massive_Liam: this bee dog toy has been in my car for almost 2 years https://t.co/USGlASKvSy',Albania,1306697333183254529
MinimumPaper,b'RT @Massive_Liam: this bee dog toy has been in my car for almost 2 years https://t.co/USGlASKvSy',Albania,1306696196216549382
NoPeekersArt,b'RT @Massive_Liam: this bee dog toy has been in my car for almost 2 years https://t.co/USGlASKvSy',Albania,1306695969908690944
45Watcher45,b'RT @PolXhaferi: @VicciA3 @leddy124 People should wake up! Why do people want doctors to sacrifice themselves for nothing. This data is ever?',Albania,1306695032628490250
Gee_7556,b'RT @Massive_Liam: this bee dog toy has been in my car for almost 2 years https://t.co/USGlASKvSy',Albania,1306694416741130240
OnceUnknown1,b'RT @Massive_Liam: this bee dog toy has been in my car for almost 2 years https://t.co/USGlASKvSy',Albania,1306694221403951110
TheHarib0kid,b'RT @Massive_Liam: this bee dog toy has been in my car for almost 2 years https://t.co/USGlASKvSy',Albania,1306693933708316674
brunohendezz,b'RT @Massive_Liam: this bee dog toy has been in my car for almost 2 years https://t.co/USGlASKvSy',Albania,1306693471835750403
TheGoblord,b'RT @Massive_Liam: this bee dog toy has been in my car for almost 2 years https://t.co/USGlASKvSy',Albania,1306692582710312960
_JoeyChavez,b'RT @Massive_Liam: this bee dog toy has been in my car for almost 2 years https://t.co/USGlASKvSy',Albania,1306690992230277120
KINGOFDABRONIES,b'RT @Massive_Liam: this bee dog toy has been in my car for almost 2 years https://t.co/USGlASKvSy',Albania,1306690736130273283
Strawberrypony1,b'RT @Massive_Liam: this bee dog toy has been in my car for almost 2 years https://t.co/USGlASKvSy',Albania,1306689907214163988
ilikesharpteeth,b'RT @Massive_Liam: this bee dog toy has been in my car for almost 2 years https://t.co/USGlASKvSy',Albania,1306689630331437057
catdisc_chris,b'RT @Massive_Liam: this bee dog toy has been in my car for almost 2 years https://t.co/USGlASKvSy',Albania,1306688384149094403
carmenluxxxx,b'I wish I could eat my own pussy. I wanna know what it taste like??',Albania,1306686606829477888
red_cafe95,b'I WANT THEM BACK TOGETHER!!\n#ElaStiThesiMou #axilleasrenata #evageliasiriopoulou #marinoskonsolos https://t.co/yWSPTfjHMZ',Albania,1306684121926840320
Vocalenvoca,b'RT @Massive_Liam: this bee dog toy has been in my car for almost 2 years https://t.co/USGlASKvSy',Albania,1306680812474109952
SHOEGUMBY,b'RT @Massive_Liam: this bee dog toy has been in my car for almost 2 years https://t.co/USGlASKvSy',Albania,1306679015558840321
KrisMP93,b'@idkmiranduh Impossible. Hot Rod is the greatest movie ever made. https://t.co/8uN21BVHYT',Albania,1306678784913940480
Anbition_,b'RT @Massive_Liam: this bee dog toy has been in my car for almost 2 years https://t.co/USGlASKvSy',Albania,1306678001812361216
stellie8i8,b'RT @Massive_Liam: this bee dog toy has been in my car for almost 2 years https://t.co/USGlASKvSy',Albania,1306675567463469059
ClippyClippy1,b'RT @Massive_Liam: this bee dog toy has been in my car for almost 2 years https://t.co/USGlASKvSy',Albania,1306675289402028032
WildinDiva,b'RT @Massive_Liam: this bee dog toy has been in my car for almost 2 years https://t.co/USGlASKvSy',Albania,1306675001769316358
_pbjo,b'RT @Massive_Liam: this bee dog toy has been in my car for almost 2 years https://t.co/USGlASKvSy',Albania,1306674623434706948
KyKesque,b'RT @Massive_Liam: this bee dog toy has been in my car for almost 2 years https://t.co/USGlASKvSy',Albania,1306673840454602754
ShinMegamiJimi,b'RT @Massive_Liam: this bee dog toy has been in my car for almost 2 years https://t.co/USGlASKvSy',Albania,1306673595649753092
Alexdoodles5,b'RT @Massive_Liam: this bee dog toy has been in my car for almost 2 years https://t.co/USGlASKvSy',Albania,1306672439569547265
_InsertUser_,b'RT @Massive_Liam: this bee dog toy has been in my car for almost 2 years https://t.co/USGlASKvSy',Albania,1306672246413570050
EkzDeeMan,b'RT @Massive_Liam: this bee dog toy has been in my car for almost 2 years https://t.co/USGlASKvSy',Albania,1306670176910352384
chutico01,b'RT @Massive_Liam: this bee dog toy has been in my car for almost 2 years https://t.co/USGlASKvSy',Albania,1306669905887072256
HeartenedKorbo,b'RT @Massive_Liam: this bee dog toy has been in my car for almost 2 years https://t.co/USGlASKvSy',Albania,1306668398529708032
KrisMP93,"b'@thupka1982 Kuemper, sure. OEL, go away. Eff paying that guy Draisaitl money to 35-36.'",Albania,1306667239098126336
WeirdWhispers,b'RT @Massive_Liam: this bee dog toy has been in my car for almost 2 years https://t.co/USGlASKvSy',Albania,1306666853394071552
UncleSciz,b'RT @Massive_Liam: this bee dog toy has been in my car for almost 2 years https://t.co/USGlASKvSy',Albania,1306666097018507264
enemykrab,b'RT @Massive_Liam: this bee dog toy has been in my car for almost 2 years https://t.co/USGlASKvSy',Albania,1306665545811582976
ToneTony777,b'RT @Massive_Liam: this bee dog toy has been in my car for almost 2 years https://t.co/USGlASKvSy',Albania,1306663747101089793
Aether115,b'RT @Massive_Liam: this bee dog toy has been in my car for almost 2 years https://t.co/USGlASKvSy',Albania,1306663622949642246
Final_Xion,b'RT @Massive_Liam: this bee dog toy has been in my car for almost 2 years https://t.co/USGlASKvSy',Albania,1306663365029384193
cdc1345711,b'RT @Massive_Liam: this bee dog toy has been in my car for almost 2 years https://t.co/USGlASKvSy',Albania,1306663338672304128
YaGrlYokoNorris,b'RT @Massive_Liam: this bee dog toy has been in my car for almost 2 years https://t.co/USGlASKvSy',Albania,1306662821481062410
MetalSonicStan,b'RT @Massive_Liam: this bee dog toy has been in my car for almost 2 years https://t.co/USGlASKvSy',Albania,1306662201260941313
NovaD4C,b'RT @Massive_Liam: this bee dog toy has been in my car for almost 2 years https://t.co/USGlASKvSy',Albania,1306662162384007174
SRM_Arts,b'RT @Massive_Liam: this bee dog toy has been in my car for almost 2 years https://t.co/USGlASKvSy',Albania,1306662062383398914
Tin2Mint,b'RT @Massive_Liam: this bee dog toy has been in my car for almost 2 years https://t.co/USGlASKvSy',Albania,1306661427315453957
Mjaltehojesh,b'I loved you but you need to know that I have changed \nOu https://t.co/9XKlTaU2fW',Albania,1306661367471054849
WonderWaffle93,b'RT @Massive_Liam: this bee dog toy has been in my car for almost 2 years https://t.co/USGlASKvSy',Albania,1306661360575623168
Mosmickwus,b'RT @Massive_Liam: this bee dog toy has been in my car for almost 2 years https://t.co/USGlASKvSy',Albania,1306661330762506241
Misterfan2000,b'RT @Massive_Liam: this bee dog toy has been in my car for almost 2 years https://t.co/USGlASKvSy',Albania,1306661104765067264
SrDesventura,b'RT @Massive_Liam: this bee dog toy has been in my car for almost 2 years https://t.co/USGlASKvSy',Albania,1306660887755927554
KrisMP93,b'@thupka1982 Stay far away from both. https://t.co/WDPlC6Xmrj',Albania,1306660259600019456
MooorishMMM,"b'@Indian_Bronson @HarmlessYardDog I think the ethni-state china wins out, but only in the cities, not the rural part? https://t.co/GjKZKJeJDQ'",Albania,1306654016026279936
Anike9999,b'RT @Massive_Liam: this bee dog toy has been in my car for almost 2 years https://t.co/USGlASKvSy',Albania,1306653076393095169
arnoldp2210,b'RT @Massive_Liam: this bee dog toy has been in my car for almost 2 years https://t.co/USGlASKvSy',Albania,1306651876377591808
liburnbeqiri,b'RT @SigurimiShtet: Skenderbeg was the greatest Albanian who ever lived',Albania,1306647272428572673
carmenluxxxx,"b'I?ve been dying for a photo shoot. I have so many concepts. Im so excited, my girl is doing the photos is absolutel? https://t.co/VCmi6pCczJ'",Albania,1306645175679111169
ClaudiaRevolter,b'RT @Massive_Liam: this bee dog toy has been in my car for almost 2 years https://t.co/USGlASKvSy',Albania,1306644996108496897
carmenluxxxx,b'IM FINALLY GETTING NEW PROMO SHOT NEXT WEEK THANK FUCK',Albania,1306644987841376256
carmenluxxxx,b'I was feeling poetic the other day so I bought a book to write it down in. Now I?ve got writers block. Fuck sakes lol.',Albania,1306644808635527169
carmenluxxxx,b'Their songs are soooo corny but I fucking STANNED them as a young teenager',Albania,1306644055535673344
carmenluxxxx,b'15 year old me wants 28 year old me to dance to this shit today so I said yes. 4 pm show here we come lmfao. https://t.co/O7NvsBjXFv',Albania,1306643832834908160
Zane_Rawson,b'@jordynshea @kkamiele @blaiselepine Are we all one big family now https://t.co/gteb9gIdYr',Albania,1306643684138516480
HeartPyra,b'RT @Massive_Liam: this bee dog toy has been in my car for almost 2 years https://t.co/USGlASKvSy',Albania,1306642130652164096
whoomf,b'RT @Massive_Liam: this bee dog toy has been in my car for almost 2 years https://t.co/USGlASKvSy',Albania,1306641494019911681
Lazy_Naxor,b'RT @Massive_Liam: this bee dog toy has been in my car for almost 2 years https://t.co/USGlASKvSy',Albania,1306638995628134400
carmenluxxxx,b'@nicky_ninedoors Bruh they still haven?t taken it down and the profile picture is LITERALLY SEX and I?ve had like 3? https://t.co/w0Cz1YUSL3',Albania,1306634391041355777
notcolthaugen,b'the office is such bottom tier comedy i legitimately cannot believe that show has fans',Albania,1306633860344508424
Noestoyparanah,b'RT @Massive_Liam: this bee dog toy has been in my car for almost 2 years https://t.co/USGlASKvSy',Albania,1306632827509899265
Rybos_,b'RT @Massive_Liam: this bee dog toy has been in my car for almost 2 years https://t.co/USGlASKvSy',Albania,1306631253509115905
that1skeleyton,b'RT @Massive_Liam: this bee dog toy has been in my car for almost 2 years https://t.co/USGlASKvSy',Albania,1306631129827405832
jaremek113,b'RT @Massive_Liam: this bee dog toy has been in my car for almost 2 years https://t.co/USGlASKvSy',Albania,1306627940764061698
