user,text,country,id
KiinggNobzz,"b'RT @MoicesDeLaCruz: She?s a need, not a want'",Greece,1306703321160323072
thormee_,b'you guys should follow @iamaustn he is new here thank u.',Greece,1306703207897464833
Start_Dey_Figa,b'A bad bitch is loading ankasa',Greece,1306703120974651392
kevinnitt,b'LMFAO What the fuck happened who did this',Greece,1306703001529339909
vicssmallweewee,b'@VicBucksCat hey cat i love you lol',Greece,1306702709295378437
TimsDatDude,b'Never met anyone that likes Weeknd as much as me tbh',Greece,1306702220856041472
manolhs,"b'NASA to Host Preview Briefings, Interviews for First Crew Rotation Mission with SpaceX via NASA https://t.co/b3gw8mZU9Q'",Greece,1306700787402313729
manolhs,"b'NASA Awards Modification to Safety, Mission Assurance Services Contract via NASA https://t.co/ghHQWFgxj7'",Greece,1306700785829515269
KillaJai1,"b""@VotesNickiMinaj Let's vote for her for game changer as well. She sure as hell deserves!""",Greece,1306700721816055808
gguclock,"b'thank you, jeon jungkook. you?ll always have special a place in my heart.'",Greece,1306700296500936714
onhereforbts,b'western artists have been doing this for years but nobody breathes. now they wanna speak when it comes to BTS? brin? https://t.co/Pfl952O1lU',Greece,1306700274116046850
pwkilleen,b'RT @keithfrankish: A thief stole my brisket. But he was being manipulated by the local crime boss. My beef is not with him.',Greece,1306699859634905096
SoSaysTheQueen,b'@BillShannonArt @JuddsKidding @eentertainment Exactly lol',Greece,1306699344851218434
manolhs,"b""Rapists will be castrated and child rapists executed in Nigerian state's new law https://t.co/Wpnb5D19KO""",Greece,1306699235186929664
Edith_M_C,b'RT @CFORocioMostole: RT si Break of Day\nFav si Head for the stars',Greece,1306698992118648833
iamaustn,b'RT @thormee_: wizkid don cause wahala for upcoming artistes',Greece,1306698853912117248
TimsDatDude,b'@lesha_bear Do the lords work!!',Greece,1306698516748791809
Karmasayshi,b'@YoWaybes Im not followed but I?ll like and reply anyway',Greece,1306698386549202949
k2krazy24,b'RT @FrMrBruh: Gamestop looked me dead in my eye and said my PS4 was worth $6.89',Greece,1306698367322423303
Karmasayshi,b'@Hulvvc @natalieL0L Hulvc thanks for saving my dog from that wild fire',Greece,1306698094931857408
Yesica55806518,b'RT @poohjiemin: ??????? ?? ???? ?????\n????? ????? ?? ??????????\n??????? ? ???? ???? ????\n?? ???? ????\n??? ????? ????\n??? ?? ?? ???? \n?? ????',Greece,1306698014975819779
FrMrBruh,b'Gamestop looked me dead in my eye and said my PS4 was worth $6.89',Greece,1306697880158248960
lavinasfans1,b'RT @poohjiemin: These are the kings I stan?(????) https://t.co/0VlSFuI19m',Greece,1306697841772048385
SmilesMedia6,b'See video clips of events at https://t.co/zXQ9wEuJZD like this trailer https://t.co/8RWQeRSO8k  and more.',Greece,1306697492214489088
_honeybunnyjjk_,b'@ympromises corto wuu',Greece,1306697483796402176
_honeybunnyjjk_,b'@Ggugkie_ grises',Greece,1306697348819505152
Sofi04544952,b'RT @MariaLucifermo: Good morning Best couple ever???? https://t.co/31kCvL7nbo',Greece,1306697077976698880
TimsDatDude,b'EXPOSE HER https://t.co/VyGs2lhHGp',Greece,1306696746085560322
ThomasO44314963,b'@DJ_Weege Now that is what we call an EPIC picture',Greece,1306696329402306560
vicssmallweewee,b'I love @stargirl12342',Greece,1306696200813514758
TimsDatDude,b'Nah keep that energy! Cause I was DADDY this morning before you got dressed for work ? https://t.co/wLFSJisajB',Greece,1306695865030127618
_honeybunnyjjk_,b'@Ggugkie_ Fake Love',Greece,1306695594698665986
jackymcjack,b'RT @AlonzoCortez03: I am not anyone?s crush \n\nI am not anyone?s crush \n\nI am not anyone?s crush \n\nI am not anyone?s crush \n\nI am not anyone?',Greece,1306695472833277954
ChrisColcho,b'@__blackclover @LaPucaAtomica @HagridFCB @FabrizioRomano Atleti can only afford Suarez for free',Greece,1306693732901761030
eccehomoe,"b'evet, once again, i dont need to be loved by you ??'",Greece,1306693668070449152
TimsDatDude,b'@StarGangBeauty I made it look legit af I even made up fake emails ?',Greece,1306693407201521664
lilithnotstina,b'RT @TimsDatDude: Lmao give up!!',Greece,1306693382081785863
TimsDatDude,"b'@xonymsaj Do it from jump next time, thanks'",Greece,1306693311047049217
onhereforbts,b'I deadass had to turn off auto play and hide the other artists. I felt bad but it was annoying asl https://t.co/Ee0CHRPxlC',Greece,1306693169443201026
npatsiouras,b'@JustJakeSimpson Expect to see that a lot. #Miners are coming.',Greece,1306692983010594817
TimsDatDude,b'You coulda @ me https://t.co/TYgcE6XwHm',Greece,1306692898562486272
onhereforbts,b'@cherrymunik kpop really ain?t that serious https://t.co/wEL1wYcahX',Greece,1306692887565029377
spacemermeid,b'*respectfully adds to fic ideas folder* https://t.co/mLwa96htnM',Greece,1306692683474317312
kissesofcandies,b'WHY MY WIFE LOOK SO FUCKING GOOD RN?????',Greece,1306692314824400896
TheOlutoyosi,b'RT @thormee_: wizkid don cause wahala for upcoming artistes',Greece,1306691938758909953
EVTOPlA,b'@trueaspenblue @phiIiaback Not a fan of fiction movies',Greece,1306691388038357014
EVTOPlA,"b""@Outsideness I'm working on it.""",Greece,1306690685865783298
SmilesMedia6,b'Where you at Super paint party with #Djdannuno Dan and ? See more photos from that evening on? https://t.co/QPh0YEUxh9',Greece,1306690608258584576
TimsDatDude,b'Lmao give up!! https://t.co/PYrHDAQiHw',Greece,1306690460686180357
CarolineTillott,b'Great to hear George ! Fabulous ! https://t.co/brvFpEmaGY',Greece,1306690301042532357
annabrosis,b'@seulgan @bigbrother_gr Follow @lilikakalitsh ?',Greece,1306690124336504844
EVTOPlA,"b""@NotEnlightenedC Not really, y'all just aren't very funny.""",Greece,1306689190290219009
SMGuld2021,"b'@Emishor Lol?, 3-4 full time?'",Greece,1306688793169272843
JunstaDomous,"b'@FirstTake @stephenasmith Nah, 2011 Dallas shocked the world Craig....the world https://t.co/TY7Mk9APye'",Greece,1306688633215295499
MissCoCo_OhMy,b'RT @TimsDatDude: That I went out of town cause I had an NFL try out ???',Greece,1306688311000473618
RightSideOfFunk,"b""I'm at Maria?s Taverna in Plaka, Lasithi https://t.co/JtopKeKC6B""",Greece,1306688221456277512
EVTOPlA,b'@HaloCEofficial @OrderandBlood A 16 year phase.',Greece,1306688116846137344
SoSaysTheQueen,b'@VicDrake45 @nypost Yea u did lolol those lil bumps are enamel. They are the small sections of tooth that fused tog? https://t.co/jxMRj28wEw',Greece,1306688001041457164
SMGuld2021,b'@Greek_In_Sweden Ed Mondo:)',Greece,1306687656642965504
vicssmallweewee,b'We listening to peep tonight https://t.co/Bij7QxYLRp',Greece,1306687639442067461
kissesofcandies,b'I AM SIMPING VERY HARD RN GOODNIGHT',Greece,1306687508063846401
EVTOPlA,b'@NotEnlightenedC Regretting it already',Greece,1306687307026702344
Karmasayshi,b'@mscharwie Y u always sound drunk lmao',Greece,1306687103867195394
XhafaAnxhela,"b'@minaaa_l Waiting for yr littt pics n outfits,u can?t disappoint me ?'",Greece,1306687009147191299
MaNy_An1mE,b'@addivt WWWWW STREETS NEED',Greece,1306686755597201408
vicssmallweewee,b'This class is so fucking boring https://t.co/OfFGr7rpOW',Greece,1306686725431984132
MariaLucifermo,b'@lucks_eterna Deckerstar ?',Greece,1306686646872616960
oluwa_millar,b'RT @thormee_: wizkid don cause wahala for upcoming artistes',Greece,1306686547606020102
kissesofcandies,"b'""oh my girlfriend, my wife"" GOODNIGHT PASSING AWAY ????'",Greece,1306686508456456195
EVTOPlA,"b'@paxchristus0 @Frostich_ ""I don\'t care about the ""Browning of America"" as long as its not in my neighborhood.""'",Greece,1306686136530673670
hassansasman,b'RT @thormee_: wizkid don cause wahala for upcoming artistes',Greece,1306686135599595520
EVTOPlA,b'@HillaryFan420 @goywithaploy3 Toxoplasmosis',Greece,1306685742949769225
LydonGod,b'?? Dark matter lives in immortal black holes ??\n\nThe faith you know operates in light and dark matter both have imm? https://t.co/EIEf4bGB7Y',Greece,1306685685789843457
TimsDatDude,b'That I went out of town cause I had an NFL try out ??? https://t.co/S1hZYuq16Y',Greece,1306685624687226881
ShandroRPL,"b'@jozuintern No, they know I don?t want tomatoes from a grill https://t.co/thJZhZIoiE'",Greece,1306685611454205954
Alexandrakis,b'Air Terra EA 918 is now boarding...\n\n7 happy songs: \n\nhttps://t.co/ICfeoJ27Gt \n\n6 not so happy songs:? https://t.co/DcVU1QnjHg',Greece,1306685378376560640
vicssmallweewee,b'@DTJ24_ it was literally up for like 30 seconds but go off i guess ?',Greece,1306685218833793026
vicssmallweewee,b'@DTJ24_ Then stop tweeting about everyone',Greece,1306684995709349894
acristinaxo_,b'RT @vicssmallweewee: Sometimes I just be thinking in class why are people so stupid',Greece,1306684834413072384
ShandroRPL,b'@jozuintern Can?t be me https://t.co/6T79tjZ1Z6',Greece,1306684567353516033
gguclock,b'@wearepoweruk @ygofficialblink @selenagomez @BTS_twt Please can you play Dynamite ? by @BTS_twt #BTS_Dynamite . Thank you?',Greece,1306684291645087744
manolhs,"b""Dog 'cries' as he's forced to eat chilli in Chinese binge-eating internet trend https://t.co/wHd9POzfkV""",Greece,1306684152494911489
thormee_,b'@taiwolabode thank you!',Greece,1306684060153118720
Eunsang66198298,"b""RT @MIIAMORJISOO: Stream ICE CREAM if y'all want selpink to win on inkigayo! @BLACKPINK #BLACKPINK""",Greece,1306684043388358656
kevinnitt,b'I get attached too fast',Greece,1306683081542295553
AlexMartinFR,b'RT @itsoctoper: Trying to make the new Docs website for @pestphp and I want some opinions which of these docs are better (more readable fir?',Greece,1306683071446634498
EVTOPlA,b'@NotEnlightenedC Prob not.',Greece,1306682998042099712
vicssmallweewee,b'Same??? https://t.co/Mytstk0M3l',Greece,1306682962965147649
PhotosFeen,b'My Jordan year. \nMy kobe year. \nAnd the big 2-5 \nY?all not ready. \nShit neither am I. But I been counting my blessings. Just wait on it ?',Greece,1306682509221076993
follatonwoods,"b'There are definitely things that still need touching up, .ie., add more wear and tear on the handles and blue rubbe? https://t.co/tSgmhjNCrN'",Greece,1306682231738585095
PhotosFeen,b'@ChecksAndNexk You right you right',Greece,1306682161538437120
gguclock,b'I voted for BTS - Dynamite on CK105.5 ! Vote at https://t.co/xLjqzlbVKs',Greece,1306682117854818310
follatonwoods,"b""Something I made to celebrate tomorrow's re-release of one of my favourite childhood games ever, Super Mario Sunshi? https://t.co/qxmfq7zu1s""",Greece,1306682109428477952
EVTOPlA,"b'@PoisonPilled @nomorehonk Fappin to lesbian porn and he told me, ""it ain\'t Christ-like""'",Greece,1306682020836323329
MariaLucifermo,b'@deckerstarfanz Me too?',Greece,1306681981514768386
PhotosFeen,b'Burberry winter coat\nAye it?s getting cold. But not cold enough where I stay. Someone come get this Burberry coat.? https://t.co/YHBgPFOJun',Greece,1306681970169184256
AlonzoCortez03,b'@PotatoVerseVEVO @qthaxx @RinF2_ @SomeCallMeBlu @RocketLeague If not they are dumb as shit',Greece,1306681254859816961
TimsDatDude,b'@letjida Lmaoooooo you know the vibes',Greece,1306680805922570240
thormee_,b'finally! https://t.co/yfiml0m7el',Greece,1306680511696375810
skantzman,b'Fullfillness #skantzman #manolisskantzakis #photography #photographer #night #light #emotion #emotional #photo_void? https://t.co/Qi7H09oNK8',Greece,1306680347569131528
