user,text,country,id
NosaraNumberOne,"b""@Bubbette23 @AnaCabrera @EricTrump  seems significantly mis-informed here. It's NOT optional. When the NY AG is rea? https://t.co/04sICaJei9""",Costa Rica,1306698181443346432
NCTzenLife_,b'thinking https://t.co/5kdmJH3K9Q https://t.co/gPWN7VnPTe',Costa Rica,1306697762319204352
NCTzenLife_,b'do i give in to capitalism today?? or just sit &amp; eat my lunch',Costa Rica,1306697155839537152
jkshins,b'treasure cb later this is so exciting',Costa Rica,1306696180320079872
NosaraNumberOne,"b""@Jillbiden46 @JoeBiden I'm voting for Joe for sure, but I've also been waiting for more than a week for? https://t.co/Pp0eia0xTS""",Costa Rica,1306696076880015360
tyonglee__,"b""Maybe I should've gone to bed earlier""",Costa Rica,1306695265726808071
eme09700594,b'Doble moral. https://t.co/Y3DACMIon1',Costa Rica,1306694933546496013
fedezappa,b'Mood: https://t.co/psKXrVNeaX',Costa Rica,1306694819922825217
arro_conleche,"b""@ljsquadlatam @LeslieOnAir @LeslieOnAir I Want #ExtraVotes For Lauren Jauregui For Y100 Michiana's Artist of the Summer""",Costa Rica,1306693156365369346
binnfairy,b'@adoresyong Felix de stray kids',Costa Rica,1306692964756992002
baltazavrulus,b'RT @dailytyongn: Taeyong during smrookies era : a thread https://t.co/wyYiI3qVWW',Costa Rica,1306692932657991681
doIonger,b'itici!',Costa Rica,1306692193319559170
KZ_Howell,b'RT @TheJunkPicker: Ellie Douglas Author - @AuthorEllie \nNew Horror From Way Down Under\nhttps://t.co/enEALR8AEc',Costa Rica,1306691747381211138
arro_conleche,b'@ayplatanitos Obvio',Costa Rica,1306691064342904833
tyonglee__,"b""I guess we really shouldn't force ourselves to anyone especially when they're the one who stops replying. Even when? https://t.co/gbZoBj2zht""",Costa Rica,1306690973708161024
nctcarebears,b'RT @jungwoopure: i was watching an old live and i really miss luwoo tbh. shippers are annoying af but i?m looking forward to seeing lucky t?',Costa Rica,1306690765893050385
binnfairy,b'@kcwlvy Same',Costa Rica,1306690750227320837
TheJunkPicker,b'RT @TheJunkPicker: TJP: 4.3 rating/46 reviews. Kindle #1 historical biographies/#8 humor for 3 consecutive days June 2016; Kindle free #5 h?',Costa Rica,1306690635689271313
bakuhasu,"b'I remember buying a 8800gt and that can barely play it at 30 FPS at medium. Now I can break that classic game, I fu? https://t.co/oOGBUtSRip'",Costa Rica,1306690596690518017
RowanaRenn,"b'RT @TheJunkPicker: Yet another review of a J.S. Fletcher novel, The Talleyrand Maxim. https://t.co/Uh3WAqAkeR'",Costa Rica,1306690377575997442
RowanaRenn,b'RT @TheJunkPicker: Ellie Douglas Author - @AuthorEllie \nNew Horror From Way Down Under\nhttps://t.co/enEALR8AEc',Costa Rica,1306690349054730250
RowanaRenn,b'RT @TheJunkPicker: TJP: 4.3 rating/46 reviews. Kindle #1 historical biographies/#8 humor for 3 consecutive days June 2016; Kindle free #5 h?',Costa Rica,1306690332696948737
TheJunkPicker,b'Ellie Douglas Author - @AuthorEllie \nNew Horror From Way Down Under\nhttps://t.co/enEALR8AEc',Costa Rica,1306690213188694016
cpaez37,b'@cmartcami @natijota Tan same ??',Costa Rica,1306689697184468992
tyonglee__,"b""Fuck this shit, I'm out :&gt;""",Costa Rica,1306689374931746817
jkshins,b'@LES_BNM i love u ?',Costa Rica,1306689287321268225
spacebootzz_,b'@alemilavasq AHHHH netflixparty juju',Costa Rica,1306689287149191168
tyonglee__,"b""Okay I'm fucked""",Costa Rica,1306688868884783104
nobodyy_94,b'@oscarase8 What ? Como ?',Costa Rica,1306688360220684289
woosforehead,b'RT @jungwoopure: here?s ur jungwoo dose of the day https://t.co/BE2t3BBkA1',Costa Rica,1306688069731483648
tyonglee__,"b'@grecieuse How can I prove it, hm?'",Costa Rica,1306687990903664641
Mar_g08,b'Real ? https://t.co/yslnsqXvOo',Costa Rica,1306687986692763649
Liza0Connor,b'RT @TheJunkPicker: TJP: 4.3 rating/46 reviews. Kindle #1 historical biographies/#8 humor for 3 consecutive days June 2016; Kindle free #5 h?',Costa Rica,1306687967294038044
tyonglee__,"b""@grecieuse Nope, it suits you since you're a cutiepie :&gt;""",Costa Rica,1306687880887062528
tyonglee__,"b""@grecieuse Nope, you're the one who forget things not me....""",Costa Rica,1306687580709113856
sooyoung_jnk,b'@itsjustthisday @aintnobody09 me being iconic',Costa Rica,1306687573339889664
jkshins,b'@cherrybullet MAY DAY',Costa Rica,1306687536576765952
jvngwife,b'RT @jungwoopure: here?s ur jungwoo dose of the day https://t.co/BE2t3BBkA1',Costa Rica,1306686879194963970
jkshins,b'@cignature_J9 BABY',Costa Rica,1306686805278949381
jkshins,b'@treasuremembers STOP IM SO SAD',Costa Rica,1306686602110959617
jkshins,b'@CIX_twt u?re so sexy',Costa Rica,1306685865192759296
voguelucass,b'RT @jungwoopure: low quality pics of a high quality moment https://t.co/w5e0PNp1t6',Costa Rica,1306685721395130368
jkshins,b'@superm THE SERVE',Costa Rica,1306685569087479816
jkshins,b'@CRAVITY_twt kewtie',Costa Rica,1306685047668441088
voguelucass,b'RT @jungwoopure: here?s ur jungwoo dose of the day https://t.co/BE2t3BBkA1',Costa Rica,1306684937504919553
AuthorEllie,b'RT @TheJunkPicker: TJP: 4.3 rating/46 reviews. Kindle #1 historical biographies/#8 humor for 3 consecutive days June 2016; Kindle free #5 h?',Costa Rica,1306684925010038784
jkshins,b'@WE_THE_BOYZ I LOVE YOU',Costa Rica,1306684680952066051
sorahsexyy,b'Heyy all this is BOT',Costa Rica,1306684583195209728
tyonglee__,b'I hate my own insecurities tbh ?',Costa Rica,1306683206159093761
Ian_Cordero90,b'@emanuelsh99 Yes sir?',Costa Rica,1306683174089633792
jkshins,b'@miyaohyeah @pumakorea @PUMA miss you',Costa Rica,1306683096364978180
jkshins,b'@miyaohyeah @pumakorea @PUMA HELLO',Costa Rica,1306683056644919297
thekofibaddway,b'I swear. Baby girl inna big man ting. https://t.co/xrvWrYLbtw',Costa Rica,1306683015708454920
apogeesan,b'RT @jungwoopure: low quality pics of a high quality moment https://t.co/w5e0PNp1t6',Costa Rica,1306682407798669314
thekofibaddway,b'D Black Drop Sextape But Sake Of the Shawty fine Ghana no want spread am.',Costa Rica,1306682279595520002
DylanaGarcia17,"b""@VAV_official Estamos en puesto numero 3 en el chart! Let's go Vampz, we can doing this! We are of number three in? https://t.co/0OzHM6y1Wn""",Costa Rica,1306682230392188929
moiolico,"b'RT @TheJunkPicker: Yet another review of a J.S. Fletcher novel, The Talleyrand Maxim. https://t.co/Uh3WAqAkeR'",Costa Rica,1306682006693195777
Ilyjwvmj,b'con danceracha yeah beibi @Stray_Kids https://t.co/HlQixcYM0j',Costa Rica,1306681559911665667
jungwoopure,b'my soul leaves my body everytime xiaojun &amp; kun sing',Costa Rica,1306681481310371841
jaee_minn,b'@dxngscbae Sleep tight jenaaaaaa????',Costa Rica,1306681125239058432
tvasgon,b'Feel you https://t.co/7SpE50Rjft',Costa Rica,1306681096122314752
yohywonn__,b'@yerbacontuco interactuemoss mas :(',Costa Rica,1306680531099283457
tyonglee__,b'@grecieuse Alrighty noted! ?',Costa Rica,1306679952188661762
binnfairy,b'@jngvie Aa jeongin best boy',Costa Rica,1306679753861103617
carawaterfall,"b'@JoseHernandezDz Congrats, Jose!'",Costa Rica,1306679694088187904
tyonglee__,b'@grecieuse Because you suddenly appeared and idk I was hesitating because I might be even more annoying to you :&lt;',Costa Rica,1306679132437110784
jkshins,b'why is she the prettiest ever https://t.co/IQy2o0lW5A',Costa Rica,1306678947476910080
tyonglee__,b'This sucks like for real https://t.co/wuGImFgA4O',Costa Rica,1306678847912341505
yohywonn__,b'@melitoily interactuemoss mass :(',Costa Rica,1306678800906846210
jkshins,b'I CANT BELIEVE https://t.co/Fisechw4hu',Costa Rica,1306678707382345730
jkshins,b'another win for not shy deserve',Costa Rica,1306678629561180165
binnfairy,b'@daelknw Minho best boy',Costa Rica,1306678536292401155
g10_v,b'@SrLampson Gaven ????',Costa Rica,1306678452729327617
pfg_ps,b'RT @fullsunhecanie: love u so much?\n#NCTDREAM \n#NCT127 \n#NCTzen \n#Nc https://t.co/LP8z40RQWI',Costa Rica,1306678076835651584
binnfairy,b'@X1fever Junho best boy',Costa Rica,1306678053356081154
tyonglee__,b'@grecieuse I almost start to spam you on mentions then proceed on dm...',Costa Rica,1306677938281013248
bisexyonce,b'cause babe aaaall we got \nare champagne problems now https://t.co/Q9w5ezq2BW',Costa Rica,1306677771284996096
tyonglee__,"b""@INTLpals Let's""",Costa Rica,1306677736438509568
JohanUlloa15,b'@JAlberto_Shack When i started ballin i was yooooouuungggg\nTodo el album es mortal',Costa Rica,1306677680079806465
binnfairy,b'@itzhwn Minho best boy',Costa Rica,1306677603575697409
TenMark10,b'@uribboo i hope j t m is JOHNNY TEN MARK in the same unit',Costa Rica,1306677407009714178
tyonglee__,b'@grecieuse I almost started to spam....',Costa Rica,1306677233046618112
SamaraInfoCente,"b'Sarah and her team at True Blue Vue are dedicated to bringing you relaxation, healing, and pain relief through the? https://t.co/AcxdA5DEvT'",Costa Rica,1306676837989470208
fullsunhecanie,b'love u so much?\n#NCTDREAM \n#NCT127 \n#NCTzen \n#Nc https://t.co/LP8z40RQWI',Costa Rica,1306676705050808320
yohywonn__,b'@X1A0JUNIE interactuemoss aaa',Costa Rica,1306676533508149251
binnfairy,b'@hvnbnie Chris best boy',Costa Rica,1306676256826687489
cherrymischivus,b'RT @TheJunkPicker: TJP: 4.3 rating/46 reviews. Kindle #1 historical biographies/#8 humor for 3 consecutive days June 2016; Kindle free #5 h?',Costa Rica,1306676240116576260
clowning111,b'RT @jungwoopure: low quality pics of a high quality moment https://t.co/w5e0PNp1t6',Costa Rica,1306676031697358850
csrqlrrl,b'@kjwoolvrr Not alone @NCTsmtown_127',Costa Rica,1306675927036948481
csrqlrrl,b'@kjwoolvrr Sit down @NCTsmtown_127',Costa Rica,1306675810842087424
csrqlrrl,b'@Aleyong127 Awaken',Costa Rica,1306675685700886533
binnfairy,b'@hyuckiisun Aa felix best boy',Costa Rica,1306675678876762120
binnfairy,b'@ymskyz Same',Costa Rica,1306675592813834240
yohywonn__,b'@mootstvr ONE IT',Costa Rica,1306675289813127173
fullsunhecanie,b'@direeaa happybirthday',Costa Rica,1306675247676944384
Dam_2903,b'YOU?RE MY FAVORITE #CHROMATICA @ladygaga #911iscoming',Costa Rica,1306675140340703234
binnfairy,b'@cryforjeongin Aa jeongin best boy',Costa Rica,1306675074204868610
michellecox33,b'RT @TheJunkPicker: TJP: 4.3 rating/46 reviews. Kindle #1 historical biographies/#8 humor for 3 consecutive days June 2016; Kindle free #5 h?',Costa Rica,1306675011500077063
sehunnie171,b'RT @dailytyongn: Taeyong during smrookies era : a thread https://t.co/wyYiI3qVWW',Costa Rica,1306674215458799621
superior_gurl_,b'RT @jungwoopure: low quality pics of a high quality moment https://t.co/w5e0PNp1t6',Costa Rica,1306674053470593024
