user,text,country,id
OSKM_Fingers,b'RT @gyaigyimii: Cartoons  by @jessy_shanti. Hit her up for yours ?????Idey bee https://t.co/q4L0WmfDNz',Ghana,1306703835583385600
Mariey_x,b'?????these two https://t.co/WpKCkur6S3',Ghana,1306703831439417346
african_pantha,b'@vibes__N Eating will still go down ?',Ghana,1306703828771893249
CocoaPharmacist,b'RT @yencomgh: D Black to release new track with Nina Richie #NothingOnMe ?????? https://t.co/q06NgUs1Rx',Ghana,1306703828415385602
zukoloveclub,b'Listen it?s the thought that counts ok https://t.co/GaK50hVyNj',Ghana,1306703825957519360
AlifoSeth,b'Hear and follow Alifo Music on #SoundCloud https://t.co/ynBy5N64s1',Ghana,1306703824116121603
am_pending,b'Drop a line from any D Black song \n\ni wan see something?',Ghana,1306703821972951041
Mensaa23,"b""@sephy_oo Oh I get he might not be the best character but I've never liked him for that. It's his rap that matters.""",Ghana,1306703821452783616
ab___ena,b'RT @Opresii: Why are people in my DM asking for D Black en video? I be video director give D Black anaa??',Ghana,1306703820332949512
luielle,b'RT @GUAPO_4L: @DBLACKGH @trace_ghana @NinaRicchie good afternoon bro. https://t.co/vewdBpd6B7',Ghana,1306703816545447943
Oooh_Teee,b'@larrygaisie I didn?t like it at first but he?s already accustomed to the league and at a very good age for us. He? https://t.co/xDW4SZgSmN',Ghana,1306703816478388224
madakraaa,b'RT @ankamemaame: Street Boy nso me girl y3 Dadabee? https://t.co/7DttoJW0YH',Ghana,1306703815610183681
papayaw_skinny,b'RT @brahnana10: The love I have for my imaginary girlfriend is beyond amazing ??',Ghana,1306703815371116546
abeka_baron,b'RT @gyaigyimii: If you are a professional barber  based in Kumasi text +971563089052 on WhatsApp. He needs someone  for his  barbershop at?',Ghana,1306703814955851783
GodwillSark,b'RT @gyaigyimii: Malang Sarr. Imagine pairing this guy Zouma or Thiago Silva. https://t.co/023V4f0cDG',Ghana,1306703812313391105
Jnr_Morgan1,b'@QuasiBurnerx Top notch vibe',Ghana,1306703810237267970
KwekuBaah_,b'We have a Minister for monitoring and evaluation. Nice',Ghana,1306703808970600448
close_range_,"b""RT @RescueMission16: You're an Okada rider &amp; spokesperson for an illegal association. What do u say abt that? Umaru Sanda\nSolomon Akpanaba:?""",Ghana,1306703808148451328
micsdoor,"b'RT @ViralVideoGhana: Chaii, life no balance at all ??. Dr UN on the dance floor ?\n\nDr. UN | D Black | Manchester United | Medikal | leak |?'",Ghana,1306703806957268993
GreyFynn,"b'RT @GermanAmbGhana: Handing over of 8 bed intensive care unit at Sekondi-Takoradi Regional Hospital today by ?@giz_ghana? , funded by ?? Go?'",Ghana,1306703806814711815
kwophy,b'@Mr_Swrites Shiphauzz. Close to usher Fort',Ghana,1306703799231406081
HopeKeteni,b'RT @icgcworldwide: God can turn your mess into a message.',Ghana,1306703798216339456
close_range_,"b""RT @slytlyusevirgin: Umaru Sanda to Okada Rep:\nYou're an Okada rider and a spokesperson for an illegal association. What do u say abt that??""",Ghana,1306703797729857536
naa__ayorkorr,b'Oya Let?s carry it',Ghana,1306703797247451138
yawjunior_,b'Loop on ??? https://t.co/mtQ5rnaClA',Ghana,1306703795586564101
daddys_onlyson,b'RT @osgoodpaekid: Abeg rt gv my Chairman mk he change d shoes small ? https://t.co/1Kzpfeu5QE',Ghana,1306703794139549698
Dont_Be__Lazy,b'RT @fucceverybody_: The whole world ebi this guy???',Ghana,1306703793959186432
_gyesi,b'RT @osgoodpaekid: Abeg rt gv my Chairman mk he change d shoes small ?',Ghana,1306703786895958018
gyaegyimiino,b'RT @brahnana10: The love I have for my imaginary girlfriend is beyond amazing ??',Ghana,1306703785893519360
RealHitz360,b'Kelvyn Boy ? Mata (Prod. by?Samsney) https://t.co/LdABGOVyNx',Ghana,1306703784501039105
AbdulwadudMoh15,b'@elchico_negro Wow. Easy dear?',Ghana,1306703784345731073
MarisAnita7,b'RT @sessieyeb: Biggie is an ozone shipper aswearugud ???? #BBNaija',Ghana,1306703784215748608
kyei_,"b'RT @kwophy: I just want to say that, if you trust in God, and you eat your Avocado, and remove TZ and Kenkey from your diet, everything is?'",Ghana,1306703782693216257
_el_muchino,b'RT @bobshmurdagh: Good afternoon. Please take time and retweet till my student finds his helper. He was very brilliant way back JHS. He has?',Ghana,1306703780340170754
Ibrahim_r27,b'@iMiaSanMia @VI_nl Fc bayern is my favorite team but we?re too stingy when it comes to spending on players',Ghana,1306703775856459776
cubethegreat,b'@Wo__GyimieNo @Qwesi_siroq Bicycle brake ?',Ghana,1306703775600705536
bra_eko,b'RT @Nasty00007: I jux finish editing D black ein sextape with black and white filter er aswear Mr Desmond be porn lord riding paa nie',Ghana,1306703774547931144
wagyimianaa,"b'RT @Amgsarkcess: So what is so special about these Nigerian dema tweet eei ?, anytime Davido,Wizkid or Burnaboy tweets then booom 45k,but w?'",Ghana,1306703774422118403
PkHoody,b'@Yung_La89 @drayy09 Read your book. Siaa',Ghana,1306703770856886288
PrinceSark16,b'RT @OtiAdjei: Christian Atsu will be alright. He will come good. The talent and the attitude is still there.',Ghana,1306703769820946432
Sekyibea__,b'To eat or not to eat???',Ghana,1306703769544122368
LikkleSalty,b'RT @donkorolivia5: For licking press 1                                           For doggy press 2                                     To s?',Ghana,1306703768453611520
dearpurplelane,b'@Jay__Sterling Or you go handle your thing?',Ghana,1306703768273248262
Joshen_onfroy,"b'RT @Ankamagyimi: Thiago Alcantara is better than Ziyech, Pulisic, Kai Havertz, Kovacic and Jorginho combined but Chelsea fans aren?t ready?'",Ghana,1306703763680489474
djtsetsegh,b'@JupitarOfficial @kelvynboymusic_ Dx will be ?',Ghana,1306703762384449536
Daavi_aku_,"b'RT @___Selorm: Bro per the fifa ratings ,You need D Black in your fantasy team.whaaat Nigga is complete player ???'",Ghana,1306703759658102786
Hernan_Jnr,b'RT @brahnana10: The love I have for my imaginary girlfriend is beyond amazing ??',Ghana,1306703757565210628
TheOnlyPappi,b'RT @__theSeyram: Childhood Bliss? \n\nShots by me https://t.co/ptsvp0zvX2',Ghana,1306703756898295810
ThoughtPillow,b'@Omowumii_iam We are neighbours jaree',Ghana,1306703756495593472
TeamIyke,"b'RT @afuagolda: Happy Birthday to this Unique &amp; Amazing King of Iykeresa Kingdom @iykennama.....Hurraaayyyy?????????On this Special Day, I w?'",Ghana,1306703756034224139
akiseep,b'Old kumawood films are refreshing ?',Ghana,1306703753266028544
shatta_medy,"b""RT @asaaseradio995: I'm a proud Shatta Movement fan since day one till now and I've been present at all @shattawalegh concerts - Patrick Me?""",Ghana,1306703752154345472
DollarBilll20,b'RT @brahnana10: The love I have for my imaginary girlfriend is beyond amazing ??',Ghana,1306703752007757824
GHOneTV,b'NPP is not the originator of Planting For Food And Jobs. @JDMahama did it and they just changed the name. ? Kofi Adams (NDC)\n#ElectionHub',Ghana,1306703750841528320
sourcednewsgh,b'#manifesto2020 WHY IS OPPOSITION #NDC NOT SCRUTINIZING THE #NPP MANIFESTO LIKE THE LATTER(NPP) IS DOING CURRENTLY I? https://t.co/yAcygcm5Pv',Ghana,1306703749398712321
Gh360songs,b'Fameye ? My Love (Prod. By Liquid?Beatz) https://t.co/dr7WGfQk3T',Ghana,1306703748593528837
dotsesena,b'@Naa_Korkoix ??he?s all in all so dont worry',Ghana,1306703745376542720
morrismawulison,"b'RT @nathan_quao: I see some of my fellow Man United fans are still harbouring hopes, dreams of signing top players. It will end in tears an?'",Ghana,1306703743497502722
PerpetualTinda3,b'Politicians will say anything just to win your votes. We?re are in 2020 be wise!  #Election2020??',Ghana,1306703742444728331
Wadonthenet,b'RT @AsieduMends: You guys still dey wear nose mask dey comot ?? Ebi like squad shun oo Ei ?',Ghana,1306703741765197824
cosby_by,b'RT @_iamsamani: You update yet? https://t.co/IsLi7m1RwW',Ghana,1306703739898728448
ghwatara1,"b'RT @slig_gh: Though we are divided by opinion, we must unite for the good of the country. @Fosdaghana1 @oxfaminghana #SLIG4Peace #Election2?'",Ghana,1306703739726835712
_Mikaelson1,b'RT @brahnana10: The love I have for my imaginary girlfriend is beyond amazing ??',Ghana,1306703737398931456
BoatengDuodu,"b""RT @gyae_me: No matter what happens. Don't be a kwasia!""",Ghana,1306703735897427972
naa__ayorkorr,b'But you said it a serious agenda',Ghana,1306703735683461120
KwadwoMhan,b'RT @Nasty00007: I jux finish editing D black ein sextape with black and white filter er aswear Mr Desmond be porn lord riding paa nie',Ghana,1306703734093815810
am_pending,b'@Yung_La89 @Anskatice_ u dey lie???',Ghana,1306703724589580288
iam_HarryJustin,b'RT @Nasty00007: I jux finish editing D black ein sextape with black and white filter er aswear Mr Desmond be porn lord riding paa nie',Ghana,1306703720789540864
Thea_Eck9,b'@rakaromie Well ???????????????',Ghana,1306703720382631936
gyagyimeee,b'@CorneliaFireee mesee?',Ghana,1306703720370130944
EdwardTekpetey,b'RT @icgcworldwide: Your will-power will not get you through. It is only the grace of God that breaks the weight of guilt in your heart. htt?',Ghana,1306703718738538502
meister_kwame,b'United fans complaining really dey funny me . Give us the Glazers and we will give you Bartomeu',Ghana,1306703718562197504
mawumimi,b'RT @munaryam: At alll!!!',Ghana,1306703717983555586
_althomp,b'@abuckman_ James Hunt',Ghana,1306703717249548294
miss_akore,b'RT @bobshmurdagh: Good afternoon. Please take time and retweet till my student finds his helper. He was very brilliant way back JHS. He has?',Ghana,1306703717199220737
mwininac,"b'RT @awotaspring: Well, hello? https://t.co/GrBKNpmzqg'",Ghana,1306703716985327617
ManKujoe,"b'RT @Citi973: You don?t want to finish graduate school and then make a life from okada riding. You can have a better option, and we will giv?'",Ghana,1306703715106205697
schoolBoyfrm5th,b'RT @amisdiaries: Are you still celibate? Why?',Ghana,1306703712258269184
na_na_yaah,b'@teikoszn Could you please share the details of what happened so we can learn a thing or two from your boy?',Ghana,1306703708496048129
KobbyDhrasty,b'RT @bobshmurdagh: Good afternoon. Please take time and retweet till my student finds his helper. He was very brilliant way back JHS. He has?',Ghana,1306703708026294276
ellee_eee,b'RT @Symphonyyyy_y: Get serious with God!',Ghana,1306703707741081613
osgoodpaekid,b'Abeg rt gv my Chairman mk he change d shoes small ? https://t.co/1Kzpfeu5QE',Ghana,1306703706524708864
lilyy4eva,b'@nengiofficial_ Use this as her dp oooo. This is beautiful',Ghana,1306703702762426373
Aboa_Banku,b'RT @WhyteManBurner: Another Banger!!! @JupitarOfficial x @kelvynboymusic_  #Neighbor \n ?????????????????????? https://t.co/xAipchSF17',Ghana,1306703696613584897
MakedaDadson,b'@iLatif_ Just wait till you experience it',Ghana,1306703696462520325
limitless_sheph,b'DONE ? champ.. we could ONLY make   ODD 10+ cash  out  today before Marseille ruined everything- WE GO AGAIN - let?? https://t.co/jzUAmeNiSW',Ghana,1306703694516432896
Naa_Baake,b'RT @Mr_Swrites: So the manufacturers did a concrete job?',Ghana,1306703682877222914
isshhaam,"b'RT @Odadee_Official: Having set the pace for being the first year group to win us the @NSMQGhana trophy, ?dade? 1995 are leading the charge?'",Ghana,1306703682155802625
realbezaleel,"b'RT @limitless_sheph: HERE NOW.. \ndrop your number &amp; name for TOKEN \n\n    ODD  200+ \n    ODD  200( 2x 2x 2x)  1600+  DROPS AT LATE NIGHT, ST?'",Ghana,1306703681480515584
kelly__oa,b'RT @henrywampah: This you????? https://t.co/QQ6HSrM0yu',Ghana,1306703675344257024
sulemana11,b'RT @bobshmurdagh: Good afternoon. Please take time and retweet till my student finds his helper. He was very brilliant way back JHS. He has?',Ghana,1306703673310031877
bxddbxchh,b'She doesn?t even wear earrings Lmaoooo then when she wears it you?ll cry oo?? https://t.co/PxdFotsqsq',Ghana,1306703672768856067
djtsetsegh,b'RT @JupitarOfficial: 20 || 09 || 2020\n#NEIGHBOR ft @kelvynboymusic_ \nPreorder now!!! https://t.co/4UyT0J6t4c',Ghana,1306703672596889607
JohnSarich2,"b""RT @Fog_Fegan: Well, if you are a jobseeker, then it's only 8 per month. If you are a dole bludger then it's only 40 per month. Fairly stro?""",Ghana,1306703672139636736
Joenyansafo23,b'RT @donkorolivia5: https://t.co/RH8XrCokS9 for full video click here ????. The banging over me saf . #DBlackTheLickingKing',Ghana,1306703671909113856
SyrousPope,b'RT @brahnana10: The love I have for my imaginary girlfriend is beyond amazing ??',Ghana,1306703669824548873
Hernan_Jnr,b'@RealHerby Boys dey talk oo ??',Ghana,1306703665416278017
HDharmilorlar,b'RT @parpkinshawarma: Quote RT this tweet and get no likes or RTs by 6 pm today. Winner gets this meal delivered tomorrow. \nGood morning ???',Ghana,1306703665286320129
Yenko_heblews,b'RT @brahnana10: The love I have for my imaginary girlfriend is beyond amazing ??',Ghana,1306703665068224512
BoamahMQueen_,"b""But for real, don't you think it should be out by now?\n\nMe mmom dierr I'll check it next year God willing after fin? https://t.co/AJtYxqxk4L""",Ghana,1306703662786502657
