user,text,country,id
job83_nsci,b'RT @srivatsayb: 2 Crore Jobs/yr: MISSING\nData of Migrants: MISSING\nNirav &amp; Mehul Bhai: MISSING\n\nPM Cares Fund: MISSING\n100 Smart Cities: MI?',India,1306703896740536320
AshimKMukherjee,"b'RT @srivatsayb: ?-23.9% GDP, lowest ever in history\n?Worst Unemployment in 45 yrs\n?Farm Income lowest in 14 yrs\n?High GST &amp; Profit PSUs sol?'",India,1306703892600647680
Jay_B_jayson,b'RT @dotnetforall: How to use Left Join in C# Linq #csharp #dotnet  #programmer #programming #dotnetforall #100DaysOfCode #DEVCommunity  htt?',India,1306703884073799681
onlyalam,"b""@kunalkamra88 @KanganaTeam Fucking couldn't stand under sun for a second. Man had to run with umbrella for madam. B? https://t.co/L5GKw33H5p""",India,1306703877308178432
Jay_B_jayson,b'RT @dotnetforall: Searches made Fast using HashSet in C# #csharp #dotnet  #programmer #programming #dotnetforall #100DaysOfCode #DEVCommuni?',India,1306703872547840001
NarenBB,b'Taboola adopts pre-bid brand safety technology https://t.co/JONmGuN8uZ https://t.co/Y7BMAJcKRk',India,1306703867124412416
blvvamsi,"b""@shonti90 Tinpot cup anyway. Klopp doesn't give 2 shits about it ?""",India,1306703866793086976
utpalmkt,b'Taboola adopts pre-bid brand safety technology https://t.co/X5oNqou3nP https://t.co/OVoU6QFeTr',India,1306703865056698368
ReplyToNaveen,b'Taboola adopts pre-bid brand safety technology https://t.co/wSajSbM1Xi https://t.co/NebMbyX43b',India,1306703863420837888
Varshan194,b'Baby(Italian) &gt;&gt;&gt;&gt; Euphoria (HBO).\nSoundtrack',India,1306703855908843521
KapilRa37759074,"b""RT @Tarak_Additct: Rahul Gandhi ji didn't even tag Modi.... But Modi tagged him while quoting him.... ?????\n\n#NationlUnemploymentDay\n#Natio?""",India,1306703838355705856
ceres_heart,b'RT @staeri95: There are two types of Stays :\n1. Who have a crush on Changbin\n2. Who dont know that they have a crush on Changbin.',India,1306703818596458496
somu_chan,"b'@Priyanka311059 very easy to say against privatization its always the end customer who gets the benefit, in this case, farmers.'",India,1306703818021765120
varungupta3009,"b'NASA to Host Preview Briefings, Interviews for First Crew Rotation Mission with SpaceX via NASA https://t.co/0j1zGQFXL7'",India,1306703804231028738
manojk679,"b'RT @TVMohandasPai: How can this be anti farmer? This gives farmers more choice. Nobody is forcing any farmer to do anything,no force for co?'",India,1306703768533086208
Marketingshetty,b'How One Startup Went From Almost Shutting Down to Raising More Than $1 Million https://t.co/dJwp2TFZha',India,1306703763936247809
shiv_for_india,"b'RT @Tejasvi_Surya: Before day ends, let?s pray for health &amp; longevity to our fountain of inspiration, modern architect of this eternal civi?'",India,1306703763630034944
akshaydeshraj,"b'""Backlinks"" is a feature ! https://t.co/i9kSPpGtfj'",India,1306703745829355523
peacemachine123,b'The only major difference between me and a pigeon is that pigeons shit on people and I get shit from people.',India,1306703722081263616
wadhwade,"b'RT @TVMohandasPai: How can this be anti farmer? This gives farmers more choice. Nobody is forcing any farmer to do anything,no force for co?'",India,1306703694642151426
ShirtShanks,b'She?s a brat but she?s also so soft and loving ? https://t.co/vJC6Sdzn5d',India,1306703676501712896
raunaveen,"b'RT @Captain_Mani72: @surnell I am feeling extremely sad, chief. He has been full of energy and supported our teams wonderfully.'",India,1306703659624026114
jd32768519,b'RT @mehdi_nisar1: Allah alone is sufficient ??',India,1306703651725926400
SheshenderSingh,"b""@MyLeaderRahul If Congress come back in to power then we don't have our lands. China would have it.""",India,1306703639549849600
CapHaddock121,"b'@NatashaFatah And @ImranKhanPTI spends half his time talking about Fascit Narendra Modi, rather than running his own country'",India,1306703589763477504
Sk08797,"b""RT @srivatsayb: -23.9% GDP fall and 150+ million jobless is 'Vision' and 'Agenda' of Modiji\n\nApparently, Liberals on Twitter don't like thi?""",India,1306703563607875584
Father_of_Jack,"b'RT @TVMohandasPai: How can this be anti farmer? This gives farmers more choice. Nobody is forcing any farmer to do anything,no force for co?'",India,1306703562232090624
bnisarg1,b'@GiriSonnaSeri @Flipkart But.. for u r issue .. i think u r solutiondont work ..... i am from karnataka... but i do? https://t.co/37XXtTQ0JD',India,1306703555735089152
c_H_i_N_k_U,"b""@shaaninani if i get find a wife, &amp; if she earns more than me, i will be the proudest\nthat's how relationships are? https://t.co/HzFpsLUDJX""",India,1306703541566758912
pandaramvijayn1,b'RT @prasannavishy: Kerala Gold Smuggling Case: NIA Interrogates State Minister K T Jaleel; Centre Informs Parliament That One Of The Prime?',India,1306703525108277248
AkritiG45951693,"b'RT @SharmaShradha: He is known for provoking polarising reactions for his journalism. In this interview, Arnab Goswami answers questions th?'",India,1306703515532759041
thridharaa,"b""@mehakdoosajj ABAHAHAHHA let's spend the night together from now until forever""",India,1306703508821819392
Gargi32354857,"b'RT @KiranKS: One of the best videos of @SadhguruJV \n\nThe narration is about Alexander, but you will learn that ""Sikandar"" actually came fro?'",India,1306703478438453248
Chirag000786,"b'RT @KiranKS: Retweet this if you feel from the bottom of your heart, that @narendramodi is the best PM India ever had!\n\n#HappyBirthdayPMModi'",India,1306703473820528640
MODIfiedVikas,"b'RT @TVMohandasPai: How can this be anti farmer? This gives farmers more choice. Nobody is forcing any farmer to do anything,no force for co?'",India,1306703448818081793
Always_Happy66,"b'RT @AbhishBanerj: Name one dish from your state that you would like everyone to try.\n\nI recommend ""alu posto""'",India,1306703443873026049
imrankhan3624,"b""RT @srivatsayb: Modiji has full data on Madhuri's kitchen garden but has no data on migrants!\n\nPriorities of New India's PM..""",India,1306703439896948741
arun_prem,b'@deepaksidd I think its TENET ?',India,1306703411350581249
k_ashesh,b'RT @Vibhinnaideas: Stay home. Stay safe! ?https://t.co/mnEmdo3ieG',India,1306703399417556992
iamvijaypole,"b'Intrinsic vs. Extrinsic Motivation, How to Get Going When You Don?t Feel Like It https://t.co/Mg3LuOFJPx https://t.co/OKsgVcJ9zm'",India,1306703361798844418
BinwieSusan,b'RT @CostlyDr: Every Case of Gender Based Violence that go unpunished feeds a culture of impunity that enables occurrence and multiplication?',India,1306703352978436097
rohanbopanna,b'Moving on to the quarter-finals at the @internazionalibnlditalia open.. @denis.shapovalov #roma #foroitalico? https://t.co/Ud1EmHXOUr',India,1306703338142969856
Always_Happy66,"b""RT @surnell: Unsolicited advice to @KanganaTeam Don't trust any media. At this time it suits them for increasing their TRP. They provoke yo?""",India,1306703333080481793
WordOfPrabhakar,b'RT @prasannavishy: Farmers Will Grow What Markets Want: What  Agriculture Reforms Will Achieve @S_Sivakumar https://t.co/a94vZ1bfAN\nFinally?',India,1306703301325418496
trollcube,"b'RT @swamy07: I voted you last election by mistake... You are disgrace to Kannada, kannadigas and Karnataka.... I will influence my relative?'",India,1306703282320994304
JaikumarCS1,b'RT @priyaaarya: Filed a complaint against Ms. Sangeeta Gopa. A socialite politically well connected honey trapper and a close friend of arr?',India,1306703270870622208
PhotographyTWM,"b'My new tutorial video, Wedding Levitation Photo Manipulation Tutorial https://t.co/dupuwEKYFP Show your girl some s? https://t.co/J70lGcTeAL'",India,1306703263371276290
pradeeprao_,b'This is a mind-blowing #5G concept movie from @docomo\n\n#EmergingTech #AR #VR #MR #Drones #FlyingCars #HealthTech? https://t.co/Y1qGIrJMRw',India,1306703248947109888
mddanish140598,"b""RT @chinmoyee5: We have celebrated  Baal Divas , Shakti Divas ... For the first time we r celebrating Rashtriya Berozgar Divas in our PM's?""",India,1306703244803022848
TheJahangirAlam,"b""RT @srivatsayb: Tommy Now attacked me &amp; other Congressmen saying 'unfortunately' we are talking about Unemployment &amp; GDP on Modi's Birthday?""",India,1306703239727865857
san3148,b'@harshvardhan007 @iona_sheryl @Tejasvi_Surya @narendramodi Ha ha thanks for accepting bjp is behind it. ??????',India,1306703227132342273
NextFuture18,b'RT @srivatsayb: Youths are ANGRY and abandoning Modi over lack of Jobs\n\nAllies are SAD and abandoning Modi over anti-Farmer laws\n\nLooks lik?',India,1306703225458892803
DPS_DevParu,b'@RahulGandhi How can Congress plan a nonsense so well &amp; call birthday of our PM as an unployment day? Why BJP can n? https://t.co/lJPg8nmN9w',India,1306703223621783554
Ajumplakdibampa,b'@chronozsh They explain in the article why :( thankfully the production house is going to try to find a new home. H? https://t.co/mRj7Lkycx4',India,1306703218802532352
HsYrGP2N98jzFyY,"b""RT @Sowmyareddyr: ???? ?.??.????????? ????????' ??? ??????????? ???? ??????. \n\nBeing involved in the Dravidian movement, the movement again?""",India,1306703206223814656
mehakdoosajj,"b'RT @thridharaa: I?m not soft, I?m sensitive bitch I will not hesitate to punch you in the face while I?m crying.'",India,1306703195452747777
stackrish,b'Do you remember when you joined Twitter? I do! #MyTwitterAnniversary https://t.co/yKRj767TOZ',India,1306703191719903232
PazhamN,b'@vaisu_tweets Number of likes to his tweet says he is SANGHI',India,1306703177941573632
Surjo2021,"b""RT @TVMohandasPai: Opinion No Prime Minister has done as much for India's development as PM Modi in his 6 years - FE. A tribute to our grea?""",India,1306703169213399046
DPS_DevParu,b'@republic How can Congress plan a nonsense so well &amp; call birthday of our PM as an unployment day? Why BJP can not? https://t.co/8tI9BKZVAv',India,1306703152666738688
sansing740818,b'@Ajaykshriv @SrBachchan @juniorbachchan shame',India,1306703080860405761
reclusewrld,"b""RT @Varshan194: Oof fuck this app.\nThere's nothing here""",India,1306703046181662720
PrdeepChaudhar2,b'RT @klrahul11: Wishing our honorable Prime Minister @narendramodi a very happy birthday. May god bless you with good health and happiness.?',India,1306703039852576775
somu_chan,"b'@PritamC92519438 @narendramodi Let me tell you, ""so called"" friends of food processing minister will be forced to b? https://t.co/12ydLnKYH2'",India,1306703029593231361
DPS_DevParu,b'@KaifKhanalig1 @narendramodi @Mohamma28888791 How can Congress plan a nonsense so well &amp; call birthday of our PM as? https://t.co/HMRZha6DQ8',India,1306703011394154496
k_ashesh,b'RT @nihart1024: OMG! Just spotted a BMTC bus with a bicycle rack!\nThe driver was really nice and let me try it out :) ?? https://t.co/7iAE6?',India,1306703006461644800
eswar_sundar,b'RT @BTP_Offl: 300K Tweets Has Been Registered Under This Tag By Thalapathy Fans..!! \n\n#INDIAsMostRTedVIJAYSelfie #Master @actorvijay',India,1306703002321862656
amjeet786,"b'RT @KiranKS: Retweet this if you feel from the bottom of your heart, that @narendramodi is the best PM India ever had!\n\n#HappyBirthdayPMModi'",India,1306703001566937089
mehdi_nisar1,b'@ScheibeFuhrer @madeforbrettLEE Very sad. @BetrayedByBrettLee',India,1306702989155905536
promila_joshi,b'RT @srivatsayb: Youths are ANGRY and abandoning Modi over lack of Jobs\n\nAllies are SAD and abandoning Modi over anti-Farmer laws\n\nLooks lik?',India,1306702932121919489
burnoutcandle,"b'#RespectYourPM\nTo show my respect , I am tweeting about #NationalUnemploymentDay ??'",India,1306702930079145984
MidhileshMomidi,b'@Allcorrect13 @CricBookArun @DailyTejas @cricket_worm It hardly takes 2-3 years or even less \nAlready some are in C? https://t.co/A0qa6TDVnA',India,1306702927793278976
rhythm_555,b'RT @srivatsayb: #RespectYourPM?\n\nHe lied about Jobs\nHe lied about Galwan\nHe lied about Corona\nHe lied about PMCares\nHe lied about Migrants?',India,1306702925813739521
itsAbhilashH,b'RT @klrahul11: Wishing our honorable Prime Minister @narendramodi a very happy birthday. May god bless you with good health and happiness.?',India,1306702867344977920
Sunny97925472,b'@Anuradh33096079 Hi good morning',India,1306702866288054273
loveconquerallx,b'@Rheana_Kingston ????????i love you too',India,1306702817013444608
DPS_DevParu,b'@narendramodi How can Congress plan a cheap game so well &amp; call birthday of our PM as an unployment day? Why BJP ca? https://t.co/hKSuqhaRL4',India,1306702793751707648
anvar_shahin,b'RT @BTP_Offl: 300K Tweets Has Been Registered Under This Tag By Thalapathy Fans..!! \n\n#INDIAsMostRTedVIJAYSelfie #Master @actorvijay',India,1306702780497715200
VasantAjmeri,"b'RT @TVMohandasPai: How can this be anti farmer? This gives farmers more choice. Nobody is forcing any farmer to do anything,no force for co?'",India,1306702772528537600
Lovepettyquotes,"b'RT @AbhishBanerj: 2018 NDTV Yuva conclave:\n\nFirst sentence of Ravish while introducing Akhilesh: ""tolerant to criticism"" (in Hindi)\n\nAkhile?'",India,1306702708590612480
snegidhi,"b""RT @Vibhinnaideas: I want two more slices. I'm making a sandwich. https://t.co/g1IJvKqJD3""",India,1306702693327450113
nxruw,b'RT @staeri95: @yongbokkie_STAY Same!!!! ?? ? https://t.co/BwBEsZ0LyV',India,1306702675963244545
SamhithVijai,b'@Miss_Thxr Miss thor gonna shit on the whole lobby next season',India,1306702661702488064
lals131999,"b'RT @TVMohandasPai: What happened to the 5,86,024 women missing in India? | | Goa Chronicle. ?@PrinceArihan? ?@smritiirani? ?@AmitShah? We n?'",India,1306702636905762816
minisingh1990,b'RT @nandini05: I had a gut feel coz rhea is too hardcore. I wont be surprised if she is one of the murderers.\n#ArrestCulpritsOfSSR https://?',India,1306702634632454144
rajprajapati542,"b""RT @anupsoans: Don't 'forget' to RT - It's about people with Alzheimer's""",India,1306702630198980608
ppls_democracy,"b'@Captain_Mani72 Frankly, this article is  as disingenuous as the reporting on most pro-govt  TV channels. The write? https://t.co/VE8uhZ533J'",India,1306702617184071680
spsubrahmanyam,"b'RT @KiranKS: 1) Go to https://t.co/emqS6QrCbQ\n2) Just put in Bengaluru as location.\n3) Hit search.\n\nYou will find 81,480 job postings, righ?'",India,1306702612151009285
SudarshanMukhe6,b'RT @nCore_games: Important Press Statement \nInterim order passed by Hon`ble Bombay City  Civil Court\n\n @akshaykumar @vishalgondal @GOQii #J?',India,1306702601182994435
oyearpit,b'@stfudivija Sorceryyy?',India,1306702590395047936
GopalKeshri,b'We can see cruel Nizam in KCR.\n\nA case warrants against the police officer for insulting national flag.\n\nCc? https://t.co/5VeHqSK8q4',India,1306702553858453504
ureeebaba,"b'RT @TamannnaL: Being alone is an upgrade. Maturity follows, sort yourself out or you end up being drama in someone else?s life and yours to?'",India,1306702539296059392
sandeep_sudheer,"b'NASA to Host Preview Briefings, Interviews for First Crew Rotation Mission with SpaceX via NASA https://t.co/hshLmzP5kz'",India,1306702510137237505
manoj_bansal26,"b'RT @Tejasvi_Surya: ""... the status of *one Congress Party ?youth? today""\n\nCorrected that for you, @INCIndia.'",India,1306702502587281408
RohithNair,"b'For those wondering about the indoor/outdoor records, World Athletics has not distinguished between the two since 2? https://t.co/6VgA7pzAiz'",India,1306702495373115392
Tabrez050352242,b'RT @ElyasThumbeSDPI: #National_Unemployment_Day \n#National_Unemployed_Day \n#NationalUnemploymentDay \nIndia witnessed a LIAR PM MODI who ach?',India,1306702472346468355
ChandyAnil,b'RT @srivatsayb: Youths are ANGRY and abandoning Modi over lack of Jobs\n\nAllies are SAD and abandoning Modi over anti-Farmer laws\n\nLooks lik?',India,1306702470169665540
MonsterUnleash1,"b'RT @Go_Movie_Mango: So today we are having this new feature called True \nINDOLOGY Resources , inspired from @TIinExile where we will list h?'",India,1306702415182270464
thridharaa,"b'I?m not soft, I?m sensitive bitch I will not hesitate to punch you in the face while I?m crying.'",India,1306702400422436865
BharatiyaVayam,b'@Kaalateetham Biased and narrow minded view.',India,1306702293903966209
