user,text,country,id
NonofoM,b'RT @jemie_neam: It was a day. I thank all those who have been with me throughout my studies. Today was a sign that your suppport has been s?',Botswana,1306689799189860352
Obiwa1,b'My daily struggle ? https://t.co/sIJ98RiKIS',Botswana,1306685918447898626
jemie_neam,b'Batho ga ba itse gore kwena ne ele mantsiane before e joiner herbal life',Botswana,1306685661186060291
jemie_neam,b'Happy birthday to this phenomenal https://t.co/8D1hpF1ESg incredibly beautiful sister.May God grant you all that yo? https://t.co/e2Vyj70VLT',Botswana,1306684055916867585
jemie_neam,b'@AobakweKgwatal1 ??? thank you so much darling.',Botswana,1306682379772321792
jemie_neam,b'@Okamatty_B Thanks alot darling.??',Botswana,1306682075542679557
TsaoneTumelo,b'RT @jemie_neam: It was a day. I thank all those who have been with me throughout my studies. Today was a sign that your suppport has been s?',Botswana,1306673891927109633
ict4life,b'@MampexL Amen',Botswana,1306672944937082887
thinavhuyo_m,b'@NthabiOk @JnrLelow ???today hona ke boni gori ao nrate shem',Botswana,1306672345483030536
ict4life,b'@Shandaca1 Classic witchcraft',Botswana,1306671881148399616
MCeaCollen,b'@Neilwejoy How is it important',Botswana,1306667713146880006
thinavhuyo_m,b'@NthabiOk @http_goitsi @kuttloanoo @nonsssssss ???o thomile akere',Botswana,1306665976021254146
ComingValdez,"b'@StellenboschFC good day,when you guys are starting to prepare for the new season,i wish to bring my son down to jo? https://t.co/D5VyDJ1xzp'",Botswana,1306654291017560064
muzimbeni,"b'@MohapiSetenane Codessa freedom, sigh. No freedom at all ?'",Botswana,1306648534096187392
MCeaCollen,b'@MimoMokgosi Yes and yes',Botswana,1306648090452070400
MCeaCollen,"b""@jaemmiee @KFartom I'm gonna start talking \nJust now""",Botswana,1306647212085194753
MCeaCollen,b'@Miss_Fipaza Dont be hater we still gonna be here',Botswana,1306646414257197056
MCeaCollen,b'@Nicky__Amanda \nI appreciate You do make a statement',Botswana,1306646011331465217
NNESE12,b'@LorraineHubona Tsena shotput',Botswana,1306644353868271616
jemie_neam,b'@MarumoNelson Thanks mate',Botswana,1306642584186621952
Base_diponeng,b'@iamlancaster1 TRUE LEADER',Botswana,1306638817907093506
muzimbeni,"b""Taba ya Gavin Hunt le chiefs ae ntshwere xap ake happy ??? I'm breathing through the wound .?? @robertmarawa? https://t.co/xQkBJ0JSvm""",Botswana,1306633097874726912
injaivukile,b'Straight to fight mode ????? https://t.co/3lp92GTe8N https://t.co/QbDn27FyqJ',Botswana,1306631747468242944
Javaslucky,"b""@lyds_monyeps It's time to seal the deal""",Botswana,1306631740685987844
Gillian_M_D,"b'RT @jemie_neam: I am on the other hand holding Technician diploma in construction, NCC in Plumbing and pipe fitting, Tradee C and B in plum?'",Botswana,1306626902153670656
Gillian_M_D,b'RT @jemie_neam: It was a day. I thank all those who have been with me throughout my studies. Today was a sign that your suppport has been s?',Botswana,1306626893995798528
jemie_neam,"b'I am on the other hand holding Technician diploma in construction, NCC in Plumbing and pipe fitting, Tradee C and B? https://t.co/pGPgmu3EEe'",Botswana,1306626564394823683
jemie_neam,b'It was a day. I thank all those who have been with me throughout my studies. Today was a sign that your suppport ha? https://t.co/Yy6xS8QiKE',Botswana,1306625582386630657
EarlOfGC,b'RT @Base_diponeng: @EarlOfGC @CEDA_BW Taj well representd ???',Botswana,1306610704670240770
Base_diponeng,b'@EarlOfGC @CEDA_BW Taj well representd ???',Botswana,1306608851748368389
Kesegokset,b'@Kon_krete ??ke lemogetse thateng???',Botswana,1306605169505972226
tumi_0591,b'@MsLemmy A friend of mine went through shit.Little gf a boleletswe ka her miscarriages?',Botswana,1306605049313976320
Base_diponeng,b'@Softcheeks_30 1st pic ???',Botswana,1306590313268477955
Sprukies,b'@Nthapeleng__ I like your thinking',Botswana,1306580549813796864
tletsatle1,b'An inspiring friend may catalyze a revelation about a deep psy... More for Pisces https://t.co/pB85jtRoxd',Botswana,1306579819241459713
AkwenaMapula,"b""@nsambocca Chomi we can't keep up le 2am any longer????????10pm ra laela ????#Nibadala""",Botswana,1306568975082491905
ComingValdez,"b'@mzwandileMasina ,good day bhuti,i know Xhosa is not your language#Mbanjwa'",Botswana,1306568525033725952
Boss_Dii,b'@YvetteDiedricks ?????? I know I?m invited ???',Botswana,1306568120925147138
jemie_neam,"b""Some of you haven't noticed I havent been myself lately. I don?t hide that I have anxiety &amp; depression.both, with m? https://t.co/xksTqD3Q1I""",Botswana,1306564306901835777
ComingValdez,b'@StandardBankZA my dream is to start my soccer academy in somerset east(E.C)organise young boys from the age of 6-1? https://t.co/FemHU7Sosa',Botswana,1306562414310232065
_morare,b'@MimiReeds Before the formation of Bophutha-tswana Batswana used to refer themselves as Basootho',Botswana,1306560895452143617
_morare,b'@RastaArtist Freddie Douglas that one',Botswana,1306560267074129920
thinavhuyo_m,b'@Paballo_Budha @blksntr @nonsssssss hear me out??',Botswana,1306551829942218753
MG_Chowder,b'RT @ict4life: Thank you  for not giving up on us God.\nThank you that we are never too lost to be saved.\nThank you that we are never too far?',Botswana,1306551328320163840
Base_diponeng,b'@akom2511 @StevieG_Dj The list is endless ??',Botswana,1306548213898452993
Javaslucky,"b""@PortableZozo The hand that gives, it's better than the one that receives. God bless!""",Botswana,1306522823448571906
LESEDI_SHAI,"b""@Advovolicious Isn't that human brain ?????????? https://t.co/Q0U1k4aatL""",Botswana,1306520176867844097
ict4life,b'Never sit on your problems because solutions will also sit far away from you. Always look and seek out for answers? https://t.co/PXdPbLjCfF',Botswana,1306518469458964480
Taurus_Aerglo,b'Mjolo or pure maths ??',Botswana,1306517093546893312
Holly65462608,"b""RT @jemie_neam: You remember the bad times more than the good times, because when you're struggling you cry for a week but when you succeed?""",Botswana,1306513904927899649
jemie_neam,"b""You remember the bad times more than the good times, because when you're struggling you cry for a week but when you? https://t.co/CR92vU3YVB""",Botswana,1306512929852981248
NNESE12,b'@PosabMo @OneMMphothwe Slumber le chiliboy',Botswana,1306507053272387585
jemie_neam,b'@kidoskovich Bana ba lobsec...they turn the place to hell..bana ba rona',Botswana,1306504343101861890
Mafentabeni,b'Your creative self-expression is flourishing as you find the c... More for Virgo https://t.co/kpzBt4qjXW',Botswana,1306503231078461440
SirAlexSebika,b'RT @Kesegokset: @SirAlexSebika Ba mphile island yele???? https://t.co/LitXRB6bCh',Botswana,1306502513902878721
Kesegokset,b'@SirAlexSebika Ba mphile island yele???? https://t.co/LitXRB6bCh',Botswana,1306501634709753857
injaivukile,"b'@Phehello_Mo Yeah I get that, imagine saying ""this is the most anticipated album since Reasonable Doubt"" and he say? https://t.co/tVELX5cABA'",Botswana,1306498132927221761
mmolokiseth,b'RT @NNESE12: Ke slumber fela https://t.co/bTbyMw977m',Botswana,1306497961162166272
injaivukile,"b'@Phehello_Mo Can we take this dude serious tho? He says ""a classic is coming"" before hearing it and calling other n? https://t.co/NfcEqprkhc'",Botswana,1306493096197316608
Taurus_Aerglo,b'@DjMaphorisa Amen ?',Botswana,1306491036768890880
NNESE12,b'Ke slumber fela https://t.co/bTbyMw977m',Botswana,1306487488588939264
injaivukile,"b'@Phehello_Mo You know I been waiting for this,let me check it out'",Botswana,1306486527543988224
injaivukile,b'@Phehello_Mo Plug us ??',Botswana,1306479930738384896
thulasizwemakh2,b'@DjMaphorisa We are waiting for it',Botswana,1306478288672612354
dj_xc,"b'@jack if you are with them, FU  #FreeKanyeWest'",Botswana,1306475105875304450
ict4life,b'@Tebza_NC Happy birthday to you',Botswana,1306474147757920256
ict4life,b'@Magobholi_Z School of excellence',Botswana,1306473291041906689
nadia_peaches,b'@Knight_Skhosana Lol oho',Botswana,1306472485148340226
mphohadzhi,b'@Matevhu_ @IdolsSA Lets do an interview  Dm me',Botswana,1306468615399632896
nadia_peaches,b'@Tebza_NC Happy birthday ?',Botswana,1306454018026283008
pearl_masele,b'@sexydjbabylynn We need people like u please!',Botswana,1306453268130926593
mphohadzhi,b'Are you worried about the second wave ?   #Level1Lockdown   #LockdownSA https://t.co/BwPVU5EYxP',Botswana,1306449354153234432
mphohadzhi,"b""@PeterDanielsZA @MararaMoabelo And that's just part one. Imagine if it has part 1-3. It means you would have spent? https://t.co/x1PWrjqFiC""",Botswana,1306448208240017413
nadia_peaches,b'@Knight_Skhosana Lol what?s stopping you?',Botswana,1306447945424920576
mphohadzhi,"b'@PeterDanielsZA @MararaMoabelo ??? Imagine watching a movie and someone cry for the whole ten minutes , like really guys.'",Botswana,1306440709080317953
WeirdMish,"b""@Siyanda_Ceee And that's powerful ??""",Botswana,1306388419694800898
WeirdMish,b'When #Paradise2 drops one has to have a dictionary by his side because Ku wow ??? https://t.co/5ptfrRl5hI',Botswana,1306362380515971073
RakgadiE,b'RT @ict4life: Thank you  for not giving up on us God.\nThank you that we are never too lost to be saved.\nThank you that we are never too far?',Botswana,1306361033725022208
KgomotsoMagagu2,"b""@Boity Please give me your diet plan then i'll take it from there\nI like what i see ??""",Botswana,1306359005036634113
_Nyambe_,b'RT @YandaniBoko: Honourable Gobotswang is a messenger sent by NGO and not by US (UDC) - Hon Yandani Boko https://t.co/pgbvU9DMzm',Botswana,1306357199623589889
prweshhh,b'Very important ?? https://t.co/iA8tk7Fy2t',Botswana,1306346487077466112
MolamoMosehla,b'.@ninetyone_sa I want to learn more about the bursary offering for 2021. Learn more by clicking the button below #Changeblazers',Botswana,1306340683641479168
muzimbeni,"b""@turing_1991 I like how you've started your statement.  It should have ended where it started.""",Botswana,1306338485125738499
NNESE12,b'@bechwa_Dhumbu Ene yoo',Botswana,1306336500032954370
jemie_neam,b'@Okamatty_B ??????why you choose death..kana mala le one tsala..imagine traffic like this.???',Botswana,1306334960572395522
NNESE12,b'@Iamcheddar Bo 3billion',Botswana,1306319073232531456
SeseTetiwe,"b'RT @Hlogi_N: Really is, I love it.'",Botswana,1306316146006806528
Hlogi_N,"b'Really is, I love it. https://t.co/Kj1Sm62yEa'",Botswana,1306313688308158465
pearl_masele,"b""I played my part did u? Let's be doers and less talk. We can do this Icons https://t.co/o3MjZ9ZfLv""",Botswana,1306311144815157253
SamuelSavvy,"b""@KalanqaPrince It's on Deezer my nigga. Can't share. Hardy""",Botswana,1306308231376048129
ComingValdez,"b'@IanWright0 good day Ian,can you invite my son over for assesment,he play as an attacking midfielfer in pretoria,south africa\n\nkind regards'",Botswana,1306298773547683847
Just_LevyN,"b""RT @ict4life: It'll be worth it \n\nOne day, you'll look back on your life with gratitude and thank God for all the ways He prepared you for?""",Botswana,1306296891093798912
_Tshelane,"b'RT @Kesegokset: ""Le shapo akere"" o batla both hands makgowa??\nMme re easy hela?? https://t.co/m44WE7OLwU'",Botswana,1306294723452207113
Kesegokset,"b'""Le shapo akere"" o batla both hands makgowa??\nMme re easy hela?? https://t.co/OqvgnenJCw https://t.co/m44WE7OLwU'",Botswana,1306293632333381635
Given_Ketelo,"b""@RealMrumaDrive That's the correct way to say it?""",Botswana,1306287144470802435
Given_Ketelo,b'When government announces alert level 1\nStudents: https://t.co/repf8JKcXY',Botswana,1306286744254513152
Hlogi_N,"b""Re dula kasi, there's no need. Alcohol is available 24/7 https://t.co/6N32esQmot""",Botswana,1306286142199865345
MCeaCollen,b'@SandrazSlott What kind of super are you looking',Botswana,1306284822998982656
prweshhh,"b'Im doing so well , haven?t binged on any series?s on Netflix ever since I watched The Social Dilemma on Sunday ?? A? https://t.co/3jYdHMp4QQ'",Botswana,1306283037446090754
jemie_neam,b'I never wish death upon anybody who wrongs  me.I wish sudden explosive diarrhoea while stuck on traffic with freque? https://t.co/4Z4m7zwTTn',Botswana,1306281585239568384
itsiwani,b'natural selection https://t.co/ES58PNbdhc',Botswana,1306732412408397835
kabo_grant,"b'RT @M_Ja7y: Eggs for sale... P45 for 30, P36 for 24, P27 for 18 and P18 for 12. Free delivery in Tlokweng, P5 delivery fee in Gabs and P10?'",Botswana,1306732264332701700
ShantelThato,b'Happy New Year ????',Botswana,1306732098573742082
AidenTore,b'@Jacenorman You do what',Botswana,1306732001718947846
lopsczezy,b'&gt;&gt;&gt;&gt;&gt;&gt;&gt; onlyfans\n\nAkere @Dj_Svie https://t.co/Ak0hnOqeLX',Botswana,1306731761536315392
TebogoCfunk,b'I need love and affection ? https://t.co/KaX1ZLJdMd',Botswana,1306731581395079169
TebogoCfunk,"b""I don't want to give you the wrong impression.""",Botswana,1306731265769566210
TebogoCfunk,b'Life has been so. Wow????',Botswana,1306730945672871936
AnLSelfors,b'RT @ChiefKeef: I need a red panda bear where they at',Botswana,1306730884238905346
TebogoCfunk,"b'@CiCiSota__ Just a few hours, never mind ???'",Botswana,1306730807290212352
MbakoMotshwari,b'@nthabsy_pule Im turnt... Turned up?',Botswana,1306730681687564289
Katlego_Hobs,b'RT @citizenwoto: Married women can now apply for plots ??????',Botswana,1306729925408428034
Katlego_Hobs,b'@Laone_Wetshoo Dazit my guy...??',Botswana,1306729782621679616
Abigail_Bodibe,"b'@Leatile_kowa Ee, so I steam regularly'",Botswana,1306729665344741377
Rabie__22,b'@Motheo_Prims @wannabadbish You know the drill. Lessgidit nikka??',Botswana,1306729520238661635
Dj_Svie,"b""Tsk.. I'm running out of spices""",Botswana,1306729023532392449
Romeo_Roian,"b'CAN?T BELIEVE I?M LAYING HER TO HER FINAL REST IN THE MORNING ??\nREST IN ETERNAL PARADISE GRANDMIZZLE, YOU?LL FOREV? https://t.co/yN0kf5lQme'",Botswana,1306728863322562561
Katlego_Hobs,b'Big ups mfana?? https://t.co/gYHqOz5NuT',Botswana,1306728509348470784
BagotsiBagotsi,b'RT @GosaleK: Happy Birthday BB',Botswana,1306728440306040835
Laura_Bots,b'@JWadikgosi Do the taxes then have fun ??',Botswana,1306728350233264128
siyolise_mokobi,b'RT @teej_the_joy: My contribution to Bisexuality week this week is you don?t have to be having sex with same sex relationships to know you??',Botswana,1306727707875725315
spiedolla,b'RT @p_emang: Happy birthday to me bitches!!!?? https://t.co/K7qiRRoxJV',Botswana,1306727613898067968
Leatile_kowa,b'RT @GosaleK: Happy Birthday BB',Botswana,1306727607774388224
Katlego_Hobs,b'?....where else are they put?? https://t.co/gtgG3jnVg4',Botswana,1306727274037882881
nthips90,b'RT @Kanyo_M: I love how if anything is expensive we just say 2 milliyone! ???',Botswana,1306727131880263680
Katlego_Hobs,b'?preaaach!!! https://t.co/JoCFChJtMv',Botswana,1306726650919428097
brentofolis,b'I need my accounting degree to get me these figures https://t.co/Nzovcy3sex',Botswana,1306726569122172930
nthips90,b'@MrAFKale I?m people',Botswana,1306726480253202432
bambi_locs,b'I keep saying https://t.co/0v7ZP34NKh',Botswana,1306726424217350147
FusiGrace,"b'@CEDA_BW @Mphoeng_M @SethebeManake @EarlOfGC @gossmotho Just went through the engagement, so insightful and there i? https://t.co/xWEYhR3fPR'",Botswana,1306726401102565380
LesediPearl,b'RT @FoodieWithTheB_: Who Got A Sweet Toof??? ??? https://t.co/3gZ4roYoOv',Botswana,1306726263629983745
ModiseSquare,"b'RT @M_Ja7y: Eggs for sale... P45 for 30, P36 for 24, P27 for 18 and P18 for 12. Free delivery in Tlokweng, P5 delivery fee in Gabs and P10?'",Botswana,1306726239022067714
GosaleK,b'Happy Birthday BB https://t.co/ipwoGmzKaY',Botswana,1306726214963531778
Katlego_Hobs,"b""@sesinyidipsy I'm not gonna lie,the 1st 2 tweets I laughed cz I thought this was one of those jokes that kick in at? https://t.co/FAEBW2gMRs""",Botswana,1306726108830871553
SetshaNkala,b'She is beautiful ???? https://t.co/5QXaJTAN5F',Botswana,1306726002102599691
OmriRapha,b'RT @seabe_george: Re ipaakantse.???\n\nWe are The People Of Fire.\n\n#OpenFireChallenge #TeamSeabe https://t.co/ij9kgIbNXw',Botswana,1306725927540396032
bambi_locs,b'??? this is a beautiful tweet https://t.co/8TcneOVTBo',Botswana,1306725390073974786
ShazNthobatsang,b'RT @Masego_moswang: Totally agree https://t.co/5y9GJbI5RC',Botswana,1306725202496237574
bambi_locs,b'???? I love this content https://t.co/RsKwZU4GEd',Botswana,1306725066743468035
JohnsonSengange,b'RT @rollersfc: #TBT Throwback Thursday- Original Rollers badge-\n\nThe Township Rollers logo used by the club from 1965 to 2010. The design i?',Botswana,1306724996543328258
bambi_locs,b'I believe that too https://t.co/KOFgAN8L46',Botswana,1306724958811414540
TatsGallery,b'RT @ChiefKeef: Need My Cock Sucked #3hunna',Botswana,1306724890121207809
TebogoCfunk,b'@Drake know yourself',Botswana,1306724703894220810
bambi_locs,b'@Phemor1 @orangebw I gotchu',Botswana,1306724695698534405
Dj_Svie,"b""Definitely blacked out to early.. ? Now its 12:30 I'm wide awake ene ke batla letswai nyana.""",Botswana,1306724423794331648
nthips90,b'@LeboNtsabane I will ???',Botswana,1306724341695090690
exploision,"b""@SeanSchemmel @TheMorganBerry @codaunite Isn't there a union? Or a board that regulates V/As? Also what proper V/A? https://t.co/uyf9u4BgP8""",Botswana,1306724125679980547
Kante_Seemo,b'@Litt_Bryvn How much was the glass album cover ???',Botswana,1306723666902777857
nthips90,b'This homie said ?they did not call me die hard for nosing? https://t.co/DegnS6Cz18',Botswana,1306723503715082241
brentofolis,b'@TokyoVz I can imagine ?',Botswana,1306723358302711814
leatile_ngwako,b'@Edith_Dikgang Congratulations ? re emetse ngwana.',Botswana,1306723310525452288
Sir_Bell_Ohh,"b'RT @steff_tefo: @_skhu_ @KaizerChiefs No you are not practicing, we don?t care, you are the media officer for @KaizerChiefs ....Mr Chairman?'",Botswana,1306723239582986240
Laura_Bots,"b""@LeboNtsabane @tshepii You're stunning ?""",Botswana,1306723133940998144
mimo_dee,b'@tsipa_t @BoetPrince Thanks darl ?',Botswana,1306722615210500104
exploision,"b'The only war I see are the comments on Twitter, my goodness!'",Botswana,1306722471673032704
rollersfc,"b'South Ring Road.\n\nAlso in the design is the ?Rollers? compacting equipment depicted twice, as well as a football an? https://t.co/CgFBRPYU7T'",Botswana,1306722164721291264
rollersfc,"b""administration of Bechuanaland Protectorate moved from Mafikeng to the  Republic of Botswana's new capital Gaborone? https://t.co/P6bxn5h6L3""",Botswana,1306722160707350528
rollersfc,b'This logo contains an outlying design of a map of the early Gaborone roads built by the club founders- the blue col? https://t.co/hCtVDbLuKb',Botswana,1306722146786455554
rollersfc,"b'The club had existed informally as ""Mighty Tigers"" from 1961 to 1965, before being officially registered as ""Townsh? https://t.co/bvEQCMfeqe'",Botswana,1306722131359735809
rollersfc,b'#TBT Throwback Thursday- Original Rollers badge-\n\nThe Township Rollers logo used by the club from 1965 to 2010. The? https://t.co/l2cf7BT5fV',Botswana,1306722111315206148
nengistanacc,b'RT @BellaBwQueen: Nengi and Ozo scored 3points they won 413k each ?\nCouple that scores the same ??????\n#Ozone\n#UnitedForNengi\n#BBNaija',Botswana,1306721997058199553
nthips90,"b'Oubas at 0:57 ??????????????????????????????? oh, I have laughed from a very healthy place https://t.co/PmQjgSc41F'",Botswana,1306721970013253632
DeGeneral_10,b'@sello1996 Wanna read this content',Botswana,1306721773820555271
KGB9021,b'RT @ChiefKeef: She Say She #LOVE Me Wat Eva Dat Iz!',Botswana,1306721633013555200
MonsieurGomez97,b'Okay Sasa can rap https://t.co/WaiOqqKBFS class flow even.',Botswana,1306721327429152772
leatile_ngwako,b'@Edith_Dikgang Go monate?',Botswana,1306721219681624064
TebogoCfunk,b'The question ?ft wayne\nRed dot music?ft action\nHunnid stax?featured Soulo\nWeekend ?ft miguel https://t.co/CJK5eeGnRJ',Botswana,1306721063917809664
MonsieurGomez97,b'Ozi and Sasa Klaas team up to make Savages!Tore it apart like vikings!The damage!',Botswana,1306720868266053634
Rocky_BW,b'RT @sesutho: Guys I have been discharged from Nyangbwabwe Referral Hospital go a go ikokela KO gae. God is with us.',Botswana,1306720855943151616
sasha_sashay,b'RT @tetelodimpho: ??? ? Good paying job and a Mercedes Benz a200 ????',Botswana,1306720562371268610
ayojr99,b'RT @ChiefKeef: She Say She #LOVE Me Wat Eva Dat Iz!',Botswana,1306720310436265985
MonsieurGomez97,b'@DJBoogiesid This is good!',Botswana,1306720194736328704
user263202,b'RT @ChiefKeef: She Say She #LOVE Me Wat Eva Dat Iz!',Botswana,1306720194522312704
MissP_Otukile,"b'@Kanyo_M ""Ke makgakga by birth by nature I am worse"".... Kore what dd it mean????'",Botswana,1306720182157684737
Lebg_09,b'Ha re heeee... O re botse https://t.co/3cQFoQMGzw',Botswana,1306720146191507459
LameKay1,b'@Thabisokale3 Yoh.. hard to choose ?',Botswana,1306720076448641026
mrichoboolins,"b'RT @M_Ja7y: Eggs for sale... P45 for 30, P36 for 24, P27 for 18 and P18 for 12. Free delivery in Tlokweng, P5 delivery fee in Gabs and P10?'",Botswana,1306720048686526464
TebogoCfunk,b'Thank you for the opportunities Lord.',Botswana,1306719933993283584
baddanification,b'@tsheps_x It?s a nice pic',Botswana,1306719840430731265
KagoAndrew,b'@_SLEY Only got drugs thou!!',Botswana,1306719826208059392
1hvbd,b'RT @ChiefKeef: She Say She #LOVE Me Wat Eva Dat Iz!',Botswana,1306719702455144448
IamTemogo,"b'RT @M_Ja7y: Eggs for sale... P45 for 30, P36 for 24, P27 for 18 and P18 for 12. Free delivery in Tlokweng, P5 delivery fee in Gabs and P10?'",Botswana,1306719654984003587
LesegoLaone,"b""@deedeebridgette I'm praying for it shem""",Botswana,1306719643588087809
MissP_Otukile,b'@steff_tefo Ba ira???but why',Botswana,1306719576848293890
Chaha_Nthoi,"b""RT @seabe_george: @kamosoafrica We will go with Pondy's Chicken. \n\n#OpenFireChallenge #TeamSeabe #KamosoAfrica""",Botswana,1306719522125160448
LesegoLaone,"b""@SandraBhebhe @deedeebridgette Haven't watched it this week...only tuning in now""",Botswana,1306719517368823808
Vusi_Jay,"b'@kamosoafrica @BagotsiBagotsi No ""check your inbox"" nyana foo?? https://t.co/4EMDgfqJcf'",Botswana,1306719503972212737
KagoAndrew,b'@_SLEY Happy Birthday Pendejo ?',Botswana,1306719502755823619
Laura_Bots,b'RT @teej_the_joy: Children are smart. Please don?t patronize them. They?d rather have two parents coparenting separately than a sham. But e?',Botswana,1306719496867061765
baddanification,b'@AobakweKgwatal1 So you don?t like being choked',Botswana,1306719393645301767
AidenTore,b'@Jacenorman U got what bruh?',Botswana,1306719206692589574
MbakoMotshwari,b'Im fucking turnt. Wtf i miss my bro tho.',Botswana,1306719206138875907
LesegoLaone,b'@deedeebridgette I changed channels immediately they showed Ozo and N eating ???',Botswana,1306719193128218624
Sammykirko,b'RT @ChiefKeef: She Say She #LOVE Me Wat Eva Dat Iz!',Botswana,1306719185863618560
poppyness258,"b'RT @M_Ja7y: Eggs for sale... P45 for 30, P36 for 24, P27 for 18 and P18 for 12. Free delivery in Tlokweng, P5 delivery fee in Gabs and P10?'",Botswana,1306719156469891072
LesegoLaone,b'Very bad ??? https://t.co/IMQdsvKPBV',Botswana,1306719010650763264
baddanification,b'@poppyness258 5th amendment doesn?t apply down her boo',Botswana,1306718716663607297
kkingdiz,b'RT @Kalebreloaded: I think she has that mental health issue that Joaquin Phoenix had in his role of the Joker.',Botswana,1306718680345182209
Mr4DD,b'Keep telling yourself that things are going to work out even when you don?t know how. The positive attitude and opt? https://t.co/rIpDpWX3gd',Botswana,1306718673550356486
lapsy_tsa1,b'i feel and look good and so is everything around me. It can only be God.',Botswana,1306718618961481728
tigerlily674042,"b""@TheOtherG1 I'm very tired, but it's not anything sleep can heal. Here if you want to talk.""",Botswana,1306731084055539712
thiccKoala,b'How are wypipo still alive when they do so much stupid shit? https://t.co/ZL1va1a0j1',Botswana,1306731081933238273
princessfaithyj,b'RT @BrandtonLeon: So you have started the party without us ??.??.\n\n@Symply_Tacha #TachaMerchParty https://t.co/nxHEDwlcG8',Botswana,1306730430897545217
samana2020,"b'RT @MisFay_: Catch more of me in onlyfans, click on link ? \nhttps://t.co/d6uRxJtAUy https://t.co/rfY6yTcHD5'",Botswana,1306730323426844673
EsterVeldman,"b'@AN_Rasm @maxilee27 @ErnstRoets @ParliamentofRSA @afriforum They already are not very happy ,a terrorist with SA,se? https://t.co/DD8Pdz1C75'",Botswana,1306729900049600513
JoyChinaza11,b'RT @BrandtonLeon: Party after party.the bus  was slow hope im not late????.\n#TachaMerchParty https://t.co/GmDL9EL0N0',Botswana,1306729696302948354
KawtharaAbdulg1,b'RT @BrandtonLeon: Party after party.the bus  was slow hope im not late????.\n#TachaMerchParty https://t.co/GmDL9EL0N0',Botswana,1306728695969853448
princessfaithyj,b'RT @BrandtonLeon: Party after party.the bus  was slow hope im not late????.\n#TachaMerchParty https://t.co/GmDL9EL0N0',Botswana,1306728351642640384
MisFay_,"b'But why should I focus on the BULLSHIT ?, I also received too much love.. I appreciate the genuine positive feedbac? https://t.co/XXmc9iG82G'",Botswana,1306727537729568768
tigerlily674042,"b""And the more that this happens, I realize I don't want to be part of anything more than I can handle.. Im so tired""",Botswana,1306727012632010755
tigerlily674042,"b""I'm getting a lot of answers to things I never understood now that my friend has died, problem is the answers are c? https://t.co/O21SIQc7L0""",Botswana,1306726469465378816
MisFay_,b'@Gillian_M_D Haha. Owai.. re mono hela mme my brother',Botswana,1306726302523809799
chinweconstanc4,b'RT @BrandtonLeon: #DearErica .??????? myou have been trending in foreign land back to back https://t.co/LwjeD6bewe',Botswana,1306725690931380227
MisFay_,b'@nakomoox Lol! They clearly don?t know me! Ke tla ba pitlagana. Thank you my love',Botswana,1306725406263980034
BrandtonLeon,b'@Symply_Tacha Tacha we love you all the way from??????',Botswana,1306725183110156291
thiccKoala,b'Lol. Of course not. ?? https://t.co/fA8hmMKtIN',Botswana,1306725082358861824
thiccKoala,b'Gong Yoo is truly one beautiful man. https://t.co/awWYPikWr8',Botswana,1306724555973632001
BrandtonLeon,b'Party after party.the bus  was slow hope im not late????.\n#TachaMerchParty https://t.co/GmDL9EL0N0',Botswana,1306724398288826374
MarionKafuko,b'@UgRwah How is factually wrong ? Where do you see politics in what I stated?',Botswana,1306723162302935043
BrandtonLeon,b'So you have started the party without us ??.??.\n\n@Symply_Tacha #TachaMerchParty https://t.co/nxHEDwlcG8',Botswana,1306723148671451138
MarionKafuko,b'This is what people power is all about \n@NUP_Ug @HEBobiwine\n#VoteNUP \n#VoteKyagulanyi https://t.co/y4aP5V2yFC',Botswana,1306722585309315073
DAVID25743966,b'Wooow ?? Lord ?? https://t.co/5fLWEameKp',Botswana,1306722578669744129
MarionKafuko,b'@UgRwah Who is it factually wrong ? Where do you see politics in this ?',Botswana,1306722424835190785
TsaoneTumelo,b'@GarozzAcetime ? ? ? Re amogetse seemo',Botswana,1306721213595693058
Sweat_Saytar,b'@netflix  the type to increase prices but not the content https://t.co/7nMMF2IQcG',Botswana,1306717831740952582
TsaoneTumelo,b'My nipples ?? https://t.co/27DDh4Xo6r',Botswana,1306717013285507072
maqaks,b'@nomandla_b I miss you too yazi. It?s been so long ?',Botswana,1306715093825212417
maqaks,b'@MsTieghna_Boo Phuma apho wena ?.  That?s my friend..love is love.',Botswana,1306714958454022148
mac_montshiwa,b'I miss 2014 when @DJMustardBeat was the go to producer for every hit track... https://t.co/dUFMsHPn7z',Botswana,1306713900336009216
maqaks,b'Happy birthday my dear friend @nomandla_b. You are loved ??',Botswana,1306713096753471488
dirtyliddz,b'? Amen https://t.co/8rkDcsUuDV',Botswana,1306712283356241920
amysekgweng,b'@Kiddrica__ @mtumaezo ???? Tweet of the day!',Botswana,1306711599139426304
Tshilidzi100,b'@karynmaughan Jeez ....you call your self a  journalist?',Botswana,1306710560856252420
AlienEyez17,b'Mr Pitso Mosimane has been doing this for how long now? Anyway I like Mikel and hope he gets good results off this. https://t.co/bEp8eT3syV',Botswana,1306708811147870208
MarionKafuko,b'@KABAYANJA @KingDauda10 @DrFelan Ownership *',Botswana,1306706927657852928
Thulanitta,b'@ObieSwaden Pacman magerman because he is a beast',Botswana,1306706914898739202
MarionKafuko,"b""@KABAYANJA @KingDauda10 @DrFelan The red berett is the symbol for our  revolution . People power . \nThere's no cont? https://t.co/05jSbeMBAz""",Botswana,1306706747772592128
maqaks,b'Love to see it ??? https://t.co/ttdgtfEWmh',Botswana,1306706731335069696
MisFay_,b'OVERALL WELLNESS ????? https://t.co/8wn6lI7O0b',Botswana,1306706455832211459
MisFay_,b'@NzeepDirtyMan No. E overseas',Botswana,1306705823125712897
MisFay_,b'@Neo_KXclsv No it?s a Canadian account',Botswana,1306705752506146823
MisFay_,b'@um_class Google has the answer ?',Botswana,1306705671786766338
MisFay_,"b'@soro1109 @Chilla_BW Bo Sir, u pay for whatever u want to see, there are fitness coaches, motivational speakers, ar? https://t.co/kiJhM0Kbr2'",Botswana,1306705146878009345
MarionKafuko,b'@KABAYANJA @KingDauda10 @DrFelan NUP is smarter than what you all think. \nOur symbol is the umbrella not the red berett.',Botswana,1306704739132997632
iamlancaster1,b'RT @Nams_Mandiwana: Hope it rains seriously.',Botswana,1306703154843660288
Gcino79101017,"b""@DrTumisang My prayers are not being answered and I'm getting tired of praying now Doc.""",Botswana,1306700559819386922
cheekbone_papi,"b""RT @Goldxn___girl: @Ktdallas89 I don't know if this will help love https://t.co/AXfyIXepZp""",Botswana,1306700383654416387
Boasta_T,b'RT @Nams_Mandiwana: Follow @kamosoafrica please.??\n\n#KamosoAfrica',Botswana,1306699015552196609
AlienEyez17,b'@LinMolapisi @carmelo_yoko Babe ???????',Botswana,1306698999429238784
AlienEyez17,b'@JoeweCarter Even the Rookie Benni played better than HUNT..beat me ?',Botswana,1306698609270947840
tkceee,b'@writeforlovetoo I hope so too..?',Botswana,1306698183318417408
AlienEyez17,b'Eish wish I could talk football the whole night but NIGHT SHIFT ?',Botswana,1306697996596326401
AlienEyez17,"b""@JoeweCarter maybe it's about which type of play you like.""",Botswana,1306697048079687681
BoiketloPienaar,b'@lindamagazi_l @kelemoshane Beautiful ???',Botswana,1306697036645961728
amysekgweng,"b""@KingSuga_Rush LDA? A big Yes!!!! I'm watching you work. ?""",Botswana,1306696965598609409
rough_mellon,b'RT @Nams_Mandiwana: Follow @kamosoafrica please.??\n\n#KamosoAfrica',Botswana,1306696747478065154
spragoc,b'@ooohjessi Timo will shut their speakers.Volume 0',Botswana,1306695662386532352
tkceee,b'@writeforlovetoo I hope so too..but im working in close contact with positive corona patients so anything is possible',Botswana,1306695172193955842
MasingitaBoss,"b'@vuyiswamb I used to love them but not anymore,il settle for tshiwawa'",Botswana,1306694869826654210
OMaponto,b'@amandachinda_ @Fahvy2_ Wow wow',Botswana,1306694207197847553
MarionKafuko,b'@kaysafi1 @odongaotto @JoelSsenyonyi Only a few days ago the NUP cordinator tweeted they had selected 9 flag bearer? https://t.co/3LS0oMVoYm',Botswana,1306693402948440067
AlienEyez17,b'Benni did good as City had already had a foundation laid by Tinkler.',Botswana,1306693383386271745
AlienEyez17,b'That Cape Town City team coached by Tinkler ?',Botswana,1306693145376239618
Nams_Mandiwana,b'Thoba. https://t.co/PjjRrRhTjO',Botswana,1306693125725925377
MasingitaBoss,b'@vuyiswamb ???????she left everything because of dis',Botswana,1306693040694796298
BagotsiBagotsi,b'RT @Nams_Mandiwana: Follow @kamosoafrica please.??\n\n#KamosoAfrica',Botswana,1306692899535548416
Nams_Mandiwana,b'Follow @kamosoafrica please.??\n\n#KamosoAfrica',Botswana,1306692716785479682
MarionKafuko,"b""@kaysafi1 @odongaotto @JoelSsenyonyi That's how the koboko girl dismissed us then when she lost the primaries she c? https://t.co/ApA0UUaxkP""",Botswana,1306692416540418048
AlienEyez17,"b'@JoeweCarter Yes I know.. Pitso instilled the fighting spirit back in that Sundowns team, it differs some need more? https://t.co/WcD4nwwC8C'",Botswana,1306691758156386306
AlienEyez17,"b""Winning, winning... People forget that FOUNDATION is key and it plays a big role in the FOOTBALL CLUB'S Structure,? https://t.co/mHYm2Of3iY""",Botswana,1306691162204446734
ReignMatyo,b'So many times ? https://t.co/ZrZptANX7P',Botswana,1306690819349454849
AlienEyez17,"b""@JoeweCarter Sometimes it's not about winning right there on the spot.. It takes time FOUNDATION is key.""",Botswana,1306690399231188992
AlienEyez17,b'I heard Gavin on the HOST show the other day he said some things that I did not agree and even Junior Khanye had to say out his words.',Botswana,1306690160646643713
AlienEyez17,b'But maybe it goes on with the type of play  or the philosophy of the coach.. I like how Tinkler plays even with the resources he has',Botswana,1306689263673712649
AlienEyez17,"b""@um_class You'll understand after a decade bro..""",Botswana,1306688891118854153
ReignMatyo,b'@Alice_Chana ??? no wonder.',Botswana,1306688536930852864
tswanagoddess1,b'RT @WabuyaGunda: Gifted with this amazing book now my current read? https://t.co/xQdFz7YJ4t',Botswana,1306688438972882962
tswanagoddess1,b'RT @WabuyaGunda: This gent done shut the whole birthday down??I said Yes???? https://t.co/OoFpw1thWc',Botswana,1306688325848309770
AlienEyez17,b'In my opinion Eric Tinkler is better than Gavin... \n\nPitso is ?',Botswana,1306688004392710146
Sandi_Dansi,b'@tess_lar You have no idea Tess. I can?t wait to meet her ??????',Botswana,1306687154496700420
Magzzz67,"b'@AmatholeSa #WIN #FingersCrossed \n1. 3 months waiting period\n2. Head Office Based at 66 smith street Dundee, KZN\n3.? https://t.co/ruzHXV0wHT'",Botswana,1306686835658313729
rujekolbopoto,b'Everybody wants a good woman UNTIL that good woman REQUIRES you to be a good man',Botswana,1306683980264148992
baddanification,"b'RT @MisFay_: Catch more of me in onlyfans, click on link ? \nhttps://t.co/d6uRxJtAUy https://t.co/rfY6yTcHD5'",Botswana,1306683256117616645
AganMandla,"b'@_Bontlee I am the complete opposite, i share a little to non at all'",Botswana,1306682792026275840
bra_khumza,b'@kamo_rodneyy @olgadiva11 @amrpaccount @skhona_koza @LwaZulu_ As long as she knows that there are some men like me? https://t.co/xnK8HkTimT',Botswana,1306682650288156680
AlienEyez17,b'@NeoMolefe_SA Wena Neo ??? https://t.co/68kvQ7G0Rq',Botswana,1306682382209159170
thaboholic1,b'RT @djkudkuda: Love the brand',Botswana,1306682066319421441
Bustabw,b'RT @djkudkuda: @Bustabw Cool',Botswana,1306681869950484483
AlienEyez17,b'@Boks_26 So you say... ?',Botswana,1306681508376317953
WabuyaGunda,b'In this very Covid year God still shows up to show off??????super proud of you babe???? https://t.co/DtmOVy2Mo6',Botswana,1306680445208342528
ReignMatyo,b'All that matters is that I?m the child of God?? https://t.co/LrX2TFGEyA',Botswana,1306680197656313868
Sandi_Dansi,b'?????? Skeem Rocky ?',Botswana,1306679805950205953
MisFay_,b'@Chilla_BW @soro1109 Go duelwa ka gore ra batla! They are free accounts!',Botswana,1306679708688486410
IrieWally,b'RT @IamModieJnr: Dead category https://t.co/MdtFaMOfpI',Botswana,1306679372787716098
ChumisaPho10,"b""When someone get's offended by a meme i shared https://t.co/9HSflVVs7G""",Botswana,1306679001394675717
BoiketloPienaar,b'@Piki21165765 @TimModise Guys so much disrespect for Zuma? please we are grown ups',Botswana,1306678660494221313
OfficialFestusG,b'Now I?m allowed',Botswana,1306678541006917639
BoiketloPienaar,b'@_AfricanSoil @Zinhleputin Vuyo Mvoko is not happy where he is right now',Botswana,1306677712032083969
tkceee,b'@SheRules6 I will..',Botswana,1306677532016730117
omphemetse82,b'@keitmols ???????We ?. The best reading year ever.',Botswana,1306677400579825664
porshetique,"b""RT @Datezz1: @Nwanyimanari Ozor have no loyality, I'm very happy Dora saw thru his game, she will see clips of him talking and to even tryi?""",Botswana,1306731619626123265
Tumilebete,b'ANC STANDS FOR: \nAFRICAN NATIONAL CORRUPTION',Botswana,1306731409114042368
Tumilebete,b'May God Open Doors For Those Who Were Retrenched as result of Covid-19. Am on My Knees For You....\n\n???????? https://t.co/ZueIarYK7o',Botswana,1306730563118731264
trayseekingz,"b'RT @Datezz1: I like this Dorathy, atleast she is giving us content... Fake relationships fail to even keep their love blowing.. BACHOR give?'",Botswana,1306730002399014917
BusolaLad,b'RT @Datezz1: Dorathy have never nominated Nene even by one chance but she keep nominating her.. Even up to now she want Dorathy gone .. Jea?',Botswana,1306727612203651079
Ceejay84396308,b'RT @Datezz1: Dorathy have never nominated Nene even by one chance but she keep nominating her.. Even up to now she want Dorathy gone .. Jea?',Botswana,1306726581885456385
Tumilebete,b'@medupy_mg kids shoud not hear us...',Botswana,1306726363332784138
Tumilebete,b'Lets Loosen up.. everything works together for good for all those who love the Lord.. We shall conquer..  Better da? https://t.co/noST4aNrMs',Botswana,1306726165042864129
NwanzeZubechi,"b""RT @Datezz1: Dorathy want Prince win that darling money , that's why she picked him, Your loyality will do you miracles this Sunday Dorathy?""",Botswana,1306724708629524481
Tumilebete,b'@LinxoZulu Birthday Blessings To Mommy ??',Botswana,1306724708134649857
Tumilebete,b'If you know. You know.... #TGIF https://t.co/T5P6s5DlRo',Botswana,1306724348775075840
Mj20325614,b'RT @Datezz1: Dorathy have never nominated Nene even by one chance but she keep nominating her.. Even up to now she want Dorathy gone .. Jea?',Botswana,1306723168221040642
ANSW3RS96,b'@casspernyovest Yeah We Playing Them Both Mara #AMN Has Less Skips Nomayini Brayaq',Botswana,1306722803366924290
Lebo96310124,"b'RT @Datezz1: Housemates trying to paint Dorathy black to decampaign her, even Ozor.... They really want her to go..GOD no shame us  #BBNaij?'",Botswana,1306721531540713472
Ceejay84396308,"b'RT @Datezz1: @lydaybubbles @IAmBabyT Dozo shippers are crying.. Dora never had feelings for Ozor, she kept saying this always'",Botswana,1306718034078380033
Xyzz01800652,"b""RT @Datezz1: @Nwanyimanari Ozor have no loyality, I'm very happy Dora saw thru his game, she will see clips of him talking and to even tryi?""",Botswana,1306717438822809601
martinfellah,"b""If it's No air, then my boo it's a dilemma https://t.co/GNyQinCB8z""",Botswana,1306715527268773888
Eki01864095,b'RT @Datezz1: Dorathy have never nominated Nene even by one chance but she keep nominating her.. Even up to now she want Dorathy gone .. Jea?',Botswana,1306714532681781249
InnoMercy_T,b'RT @motlhom: O henositse girl?',Botswana,1306714271838081028
Datezz1,"b""@maenjooo @BBNaija Ozor is no longer her friend he don't even see her in finale, nd have been painting her black with his new friends""",Botswana,1306713863358947330
BraChiks,"b'RT @XixuXaxa: While the rest of Zimbabwe is trying to fix the country , ZANU Pf is thinking like this https://t.co/8vziJSn9Z5'",Botswana,1306713612929716226
Datezz1,b'@Haduphe @PrinceNEnwerem You guys think u are smart. You are already thinking Dorathy is going  so you want to be t? https://t.co/cIQIxojau2',Botswana,1306713495203991560
babymoon0,"b""RT @Datezz1: @BBNaija Laycon and Dorathy have suffered and they can't even help themselves because they are both stubborn ???""",Botswana,1306712640031424513
Spartan_Invade,"b'@Chymamusique @toadstoolngema ??? Please Check Him Out, Bra Collen ?'",Botswana,1306712268198105088
martinfellah,"b""@OwenThe_Sa1nts @GorgeousShoeLa Oh OK.. Pardon me I'm a nurse by profession I was just about to bring a resuscitati? https://t.co/bdxDl6ZW35""",Botswana,1306711875221061635
unapolegeticfan,b'RT @Datezz1: Dorathy have never nominated Nene even by one chance but she keep nominating her.. Even up to now she want Dorathy gone .. Jea?',Botswana,1306711435729399808
porshetique,b'RT @Datezz1: Can all the sweat nd sleepless nights bring victory for Dorathy... GOD no shame us again... Thank you for voting ??????????????',Botswana,1306710867006939138
TheFlygurl007,b'RT @Datezz1: Dorathy have never nominated Nene even by one chance but she keep nominating her.. Even up to now she want Dorathy gone .. Jea?',Botswana,1306710620054712320
Datezz1,b'@Iam_Unathi Exploras dragg their own to filth just like a mother do to her child and reset again.. I was angry and even went to sleep',Botswana,1306710578464002048
Ceejay84396308,"b""RT @Datezz1: @Nwanyimanari Ozor have no loyality, I'm very happy Dora saw thru his game, she will see clips of him talking and to even tryi?""",Botswana,1306709818716155911
martinfellah,b'23:40 and am still on my couch like... Lare life ke eng sentle sentle?? https://t.co/jQZrU5VAa1',Botswana,1306709545687879681
reffy1707,b'Can someone please take her phone?? https://t.co/tbhppiTYjb',Botswana,1306708885009465345
Datezz1,b'@NoloMal Dorathy is available ????????????????',Botswana,1306708848405815298
Spartan_Invade,b'@MsCamiMthimkhu @AdvoBarryRoux I Wanna Purchase For My Girlfriend... Dm Nyana??',Botswana,1306708534663446531
Uyoyou4,b'RT @Datezz1: Dorathy have never nominated Nene even by one chance but she keep nominating her.. Even up to now she want Dorathy gone .. Jea?',Botswana,1306708184716005376
GloriaTumane,b'@JoyBlackZA You welcome sweetheart ??',Botswana,1306707860554907649
martinfellah,"b'@GorgeousShoeLa Stroke ke gohe, di heart attack?'",Botswana,1306707807471886336
Datezz1,b'@stephuz1296 Not where she is needed when in hurts',Botswana,1306707801805336577
iamlancaster1,b'RT @reffy1707: Can this rain just decide if its coming or going ?',Botswana,1306707749317890050
adambano,"b""RT @Datezz1: @Nwanyimanari Ozor have no loyality, I'm very happy Dora saw thru his game, she will see clips of him talking and to even tryi?""",Botswana,1306707524251537408
Datezz1,"b'@queencyayo Delete.. Delete,, they are coming to screenshot'",Botswana,1306707462582611969
Datezz1,b'@queencyayo You lie ????',Botswana,1306707293120196608
Debbyyy45878587,"b'RT @Datezz1: @lydaybubbles @IAmBabyT Dozo shippers are crying.. Dora never had feelings for Ozor, she kept saying this always'",Botswana,1306707109803954177
Datezz1,"b""@Nwanyimanari Ozor have no loyality, I'm very happy Dora saw thru his game, she will see clips of him talking and t? https://t.co/qGVqOhHiVG""",Botswana,1306707078929674243
GloriaTumane,b'@JoyBlackZA Yaz I need to ask MTN about the cake ??\n\nNope just discounts and sometimes free data and minutes',Botswana,1306707013645283329
GloriaTumane,"b""@JoyBlackZA Don't worry I've got you love ???""",Botswana,1306706816936574982
ArefaOfficial1,b'@leobah23 Waitse ??',Botswana,1306706432553877507
prettyyinkah,b'RT @Datezz1: Dorathy have never nominated Nene even by one chance but she keep nominating her.. Even up to now she want Dorathy gone .. Jea?',Botswana,1306706366711713792
BelovethW,b'RT @Datezz1: Dorathy have never nominated Nene even by one chance but she keep nominating her.. Even up to now she want Dorathy gone .. Jea?',Botswana,1306706344125378560
ArefaOfficial1,b'@mils_09 Life ??',Botswana,1306706304791195655
Zainab24052137,b'RT @Datezz1: Can all the sweat nd sleepless nights bring victory for Dorathy... GOD no shame us again... Thank you for voting ??????????????',Botswana,1306706283416956928
Datezz1,b'Dorathy have never nominated Nene even by one chance but she keep nominating her.. Even up to now she want Dorathy? https://t.co/jCDkEntspY',Botswana,1306706047294464000
reffy1707,b'Boob https://t.co/l0lc3EMttq',Botswana,1306706022988480512
realibj1,b'RT @Datezz1: I like it Ozor didnt include Dora in his Top finalist and Dora would have nominated him...and you say Dora loves Ozor.. Baby g?',Botswana,1306705992298762240
reffy1707,b'Can this rain just decide if its coming or going ?',Botswana,1306705906890166274
GloriaTumane,b'@JoyBlackZA No sweetheart ?',Botswana,1306705651087933440
Datezz1,"b'@ourcupofkhafi Bring it on Baby... They should know, they think Dora rate their guy ????????'",Botswana,1306705226100084736
GloriaTumane,"b""@JoyBlackZA Vodacom gives you two shakes everyday when you dial *111#.. I think it's option 4 or something, it's be? https://t.co/zLfPOYtk0c""",Botswana,1306704515194912773
GloriaTumane,b'@JoyBlackZA You welcome hun',Botswana,1306704150001004544
Datezz1,"b'@HannahKressler @BBNaija She is not smart, she played a dirty game which costed her a win or may be top 3.....? ? ?'",Botswana,1306703625482371077
ThamiLesole,b'@SimonPGrindrod Whiskey ? has cooked and eaten this one alive',Botswana,1306703469726830593
Datezz1,"b""@BBNaija Laycon and Dorathy have suffered and they can't even help themselves because they are both stubborn ???""",Botswana,1306703221184958464
GloriaTumane,"b'@JoyBlackZA Shake shake everyday, I think it ended though, *111#,then shake shake.'",Botswana,1306702808771633152
Datezz1,b'@lady_Beesie Dozo shippers are still healing ?????????????????????????????',Botswana,1306702757911461895
Datezz1,b'Can all the sweat nd sleepless nights bring victory for Dorathy... GOD no shame us again... Thank you for voting ???????????????#BBNaija',Botswana,1306702482232442881
britwum_,b'RT @Datezz1: I like it Ozor didnt include Dora in his Top finalist and Dora would have nominated him...and you say Dora loves Ozor.. Baby g?',Botswana,1306702184625700866
winneranyway,"b'RT @Datezz1: I like this Dorathy, atleast she is giving us content... Fake relationships fail to even keep their love blowing.. BACHOR give?'",Botswana,1306701230786347013
ThamiLesole,b'@karynmaughan Says a journalist whose feelings and emotions are affiliated and to attached to the ANC faction led by President Ramaphosa.',Botswana,1306701218606088192
LesetsaZA,b'Ozone???To the motherfuckin world baby #BBNaija',Botswana,1306700975848263681
GloriaTumane,b'@JoyBlackZA Vodacom is for that steers ice cream ??',Botswana,1306699528452689922
reffy1707,b'@Oct_10th Going to take my follow back',Botswana,1306699419354632195
GloriaTumane,b'@_BafanaMthembu Go cold on earth lena??',Botswana,1306699403986702336
Matt_Phil_Mks,b'@MrsPee3 @otshepengbogamo ??? I see Boga',Botswana,1306698768113430528
GloriaTumane,b'@JoyBlackZA ???When times are tough you gotta find discounts everywhere ?',Botswana,1306698667412393985
DoraMalaye,"b""RT @Datezz1: Exploras let's vote hard and surprise Ozo and his clique, they already think Dorathy is going #VOTEDorathy32052 ????????????""",Botswana,1306698516501352457
Tumilebete,b'Psl is a joke.. So Teams No Longer Earn The @OfficialPSL status they buy it.... ?',Botswana,1306698087382102016
blaqangelina,"b""RT @Datezz1: Exploras let's vote hard and surprise Ozo and his clique, they already think Dorathy is going #VOTEDorathy32052 ????????????""",Botswana,1306698040586182656
keri_keriB,"b""RT @Datezz1: Exploras let's vote hard and surprise Ozo and his clique, they already think Dorathy is going #VOTEDorathy32052 ????????????""",Botswana,1306697984843878402
prettyyinkah,"b""RT @Datezz1: Exploras let's vote hard and surprise Ozo and his clique, they already think Dorathy is going #VOTEDorathy32052 ????????????""",Botswana,1306697451030618115
OpakiriteEsther,"b""RT @Datezz1: Exploras let's vote hard and surprise Ozo and his clique, they already think Dorathy is going #VOTEDorathy32052 ????????????""",Botswana,1306697156917686273
Matt_Phil_Mks,b'Cheers bro ?? https://t.co/hGfrqdZDiq',Botswana,1306697117801631744
Datezz1,"b""Exploras let's vote hard and surprise Ozo and his clique, they already think Dorathy is going #VOTEDorathy32052 ???????????????????#BBNaija""",Botswana,1306697083022454791
Sir_TjoviTjoH,b'RT @__Inolofatse__: Ekare lechwega la a 2 days old new born baby!  Legale jayang',Botswana,1306697022687383552
IsmailAbiola18,"b'RT @Datezz1: I like this Dorathy, atleast she is giving us content... Fake relationships fail to even keep their love blowing.. BACHOR give?'",Botswana,1306696794647265283
Matt_Phil_Mks,"b""@pintim47 I don't have that""",Botswana,1306696387283873792
GloriaTumane,b'@johny_theblessd 3 for calls and 2 for data',Botswana,1306696231180275712
BusolaLad,"b'RT @Datezz1: @lydaybubbles @IAmBabyT Dozo shippers are crying.. Dora never had feelings for Ozor, she kept saying this always'",Botswana,1306695936593276933
CurlyRavenclaw,"b'@dunniecfc @Diamontetwelve Realistically, it?s not mine since i won?t be able to use it ?'",Botswana,1306695900748636161
Dorathy81794131,"b'RT @Datezz1: Dozo shippers see ur life, Dorathy only have heart for Prince coz Prince was her pillar of strength, He is her only friend  #b?'",Botswana,1306695847451791361
johny_theblessd,b'RT @GloriaTumane: 5\nMTN\nCell C\nTelkom\nVodacom\nRain',Botswana,1306695790119866375
Tumilebete,"b""Gavin Hunt's appointment deserves a celebration ??? Where?s that ice??? ???????????? https://t.co/KaQjg2THYH""",Botswana,1306695425286643713
GloriaTumane,b'5\nMTN\nCell C\nTelkom\nVodacom\nRain https://t.co/bJODTPsNCE',Botswana,1306695410682155008
LesetsaZA,"b""Superions and Ninjas....you see how Ozo and Nengi have each other's backs? Why are we here fighting? ? These two ma? https://t.co/lsfpPYZXDV""",Botswana,1306695335834722305
Datezz1,b'@iam_zerray ???Fake teeth',Botswana,1306694392435142657
Datezz1,b'@Tori74566383 @PrinceNEnwerem @cutekimani Fake things... What if he likes them natural and beautiful like Tbaj....? https://t.co/hgokRoYTeS',Botswana,1306693883259162631
GloriaTumane,"b""@Chyner_za Who's that in this case wena Abuti??""",Botswana,1306693779072655360
TheFlygurl007,b'RT @Datezz1: I like it Ozor didnt include Dora in his Top finalist and Dora would have nominated him...and you say Dora loves Ozor.. Baby g?',Botswana,1306693766229757953
Datezz1,"b'@Marcella__d @PrinceNEnwerem @cutekimani After insulting him, to even dragg his Hairline, you guys decamapigned Pri? https://t.co/vPhpAuK5fo'",Botswana,1306693602463100928
GloriaTumane,"b""@khani_hlahla Nah I don't think so ?""",Botswana,1306693534746107906
__Inolofatse__,b'Ekare lechwega la a 2 days old new born baby!  Legale jayang https://t.co/RbYVOgiZvV',Botswana,1306693531197636618
itsiwani,b'natural selection https://t.co/ES58PNbdhc',Botswana,1306732412408397835
kabo_grant,"b'RT @M_Ja7y: Eggs for sale... P45 for 30, P36 for 24, P27 for 18 and P18 for 12. Free delivery in Tlokweng, P5 delivery fee in Gabs and P10?'",Botswana,1306732264332701700
ShantelThato,b'Happy New Year ????',Botswana,1306732098573742082
AidenTore,b'@Jacenorman You do what',Botswana,1306732001718947846
lopsczezy,b'&gt;&gt;&gt;&gt;&gt;&gt;&gt; onlyfans\n\nAkere @Dj_Svie https://t.co/Ak0hnOqeLX',Botswana,1306731761536315392
TebogoCfunk,b'I need love and affection ? https://t.co/KaX1ZLJdMd',Botswana,1306731581395079169
TebogoCfunk,"b""I don't want to give you the wrong impression.""",Botswana,1306731265769566210
TebogoCfunk,b'Life has been so. Wow????',Botswana,1306730945672871936
AnLSelfors,b'RT @ChiefKeef: I need a red panda bear where they at',Botswana,1306730884238905346
TebogoCfunk,"b'@CiCiSota__ Just a few hours, never mind ???'",Botswana,1306730807290212352
MbakoMotshwari,b'@nthabsy_pule Im turnt... Turned up?',Botswana,1306730681687564289
Katlego_Hobs,b'RT @citizenwoto: Married women can now apply for plots ??????',Botswana,1306729925408428034
Katlego_Hobs,b'@Laone_Wetshoo Dazit my guy...??',Botswana,1306729782621679616
Abigail_Bodibe,"b'@Leatile_kowa Ee, so I steam regularly'",Botswana,1306729665344741377
Rabie__22,b'@Motheo_Prims @wannabadbish You know the drill. Lessgidit nikka??',Botswana,1306729520238661635
Dj_Svie,"b""Tsk.. I'm running out of spices""",Botswana,1306729023532392449
Romeo_Roian,"b'CAN?T BELIEVE I?M LAYING HER TO HER FINAL REST IN THE MORNING ??\nREST IN ETERNAL PARADISE GRANDMIZZLE, YOU?LL FOREV? https://t.co/yN0kf5lQme'",Botswana,1306728863322562561
Katlego_Hobs,b'Big ups mfana?? https://t.co/gYHqOz5NuT',Botswana,1306728509348470784
BagotsiBagotsi,b'RT @GosaleK: Happy Birthday BB',Botswana,1306728440306040835
Laura_Bots,b'@JWadikgosi Do the taxes then have fun ??',Botswana,1306728350233264128
siyolise_mokobi,b'RT @teej_the_joy: My contribution to Bisexuality week this week is you don?t have to be having sex with same sex relationships to know you??',Botswana,1306727707875725315
spiedolla,b'RT @p_emang: Happy birthday to me bitches!!!?? https://t.co/K7qiRRoxJV',Botswana,1306727613898067968
Leatile_kowa,b'RT @GosaleK: Happy Birthday BB',Botswana,1306727607774388224
Katlego_Hobs,b'?....where else are they put?? https://t.co/gtgG3jnVg4',Botswana,1306727274037882881
nthips90,b'RT @Kanyo_M: I love how if anything is expensive we just say 2 milliyone! ???',Botswana,1306727131880263680
Katlego_Hobs,b'?preaaach!!! https://t.co/JoCFChJtMv',Botswana,1306726650919428097
brentofolis,b'I need my accounting degree to get me these figures https://t.co/Nzovcy3sex',Botswana,1306726569122172930
nthips90,b'@MrAFKale I?m people',Botswana,1306726480253202432
bambi_locs,b'I keep saying https://t.co/0v7ZP34NKh',Botswana,1306726424217350147
FusiGrace,"b'@CEDA_BW @Mphoeng_M @SethebeManake @EarlOfGC @gossmotho Just went through the engagement, so insightful and there i? https://t.co/xWEYhR3fPR'",Botswana,1306726401102565380
LesediPearl,b'RT @FoodieWithTheB_: Who Got A Sweet Toof??? ??? https://t.co/3gZ4roYoOv',Botswana,1306726263629983745
ModiseSquare,"b'RT @M_Ja7y: Eggs for sale... P45 for 30, P36 for 24, P27 for 18 and P18 for 12. Free delivery in Tlokweng, P5 delivery fee in Gabs and P10?'",Botswana,1306726239022067714
GosaleK,b'Happy Birthday BB https://t.co/ipwoGmzKaY',Botswana,1306726214963531778
Katlego_Hobs,"b""@sesinyidipsy I'm not gonna lie,the 1st 2 tweets I laughed cz I thought this was one of those jokes that kick in at? https://t.co/FAEBW2gMRs""",Botswana,1306726108830871553
SetshaNkala,b'She is beautiful ???? https://t.co/5QXaJTAN5F',Botswana,1306726002102599691
OmriRapha,b'RT @seabe_george: Re ipaakantse.???\n\nWe are The People Of Fire.\n\n#OpenFireChallenge #TeamSeabe https://t.co/ij9kgIbNXw',Botswana,1306725927540396032
bambi_locs,b'??? this is a beautiful tweet https://t.co/8TcneOVTBo',Botswana,1306725390073974786
ShazNthobatsang,b'RT @Masego_moswang: Totally agree https://t.co/5y9GJbI5RC',Botswana,1306725202496237574
bambi_locs,b'???? I love this content https://t.co/RsKwZU4GEd',Botswana,1306725066743468035
JohnsonSengange,b'RT @rollersfc: #TBT Throwback Thursday- Original Rollers badge-\n\nThe Township Rollers logo used by the club from 1965 to 2010. The design i?',Botswana,1306724996543328258
bambi_locs,b'I believe that too https://t.co/KOFgAN8L46',Botswana,1306724958811414540
TatsGallery,b'RT @ChiefKeef: Need My Cock Sucked #3hunna',Botswana,1306724890121207809
TebogoCfunk,b'@Drake know yourself',Botswana,1306724703894220810
bambi_locs,b'@Phemor1 @orangebw I gotchu',Botswana,1306724695698534405
Dj_Svie,"b""Definitely blacked out to early.. ? Now its 12:30 I'm wide awake ene ke batla letswai nyana.""",Botswana,1306724423794331648
nthips90,b'@LeboNtsabane I will ???',Botswana,1306724341695090690
exploision,"b""@SeanSchemmel @TheMorganBerry @codaunite Isn't there a union? Or a board that regulates V/As? Also what proper V/A? https://t.co/uyf9u4BgP8""",Botswana,1306724125679980547
Kante_Seemo,b'@Litt_Bryvn How much was the glass album cover ???',Botswana,1306723666902777857
nthips90,b'This homie said ?they did not call me die hard for nosing? https://t.co/DegnS6Cz18',Botswana,1306723503715082241
brentofolis,b'@TokyoVz I can imagine ?',Botswana,1306723358302711814
leatile_ngwako,b'@Edith_Dikgang Congratulations ? re emetse ngwana.',Botswana,1306723310525452288
Sir_Bell_Ohh,"b'RT @steff_tefo: @_skhu_ @KaizerChiefs No you are not practicing, we don?t care, you are the media officer for @KaizerChiefs ....Mr Chairman?'",Botswana,1306723239582986240
Laura_Bots,"b""@LeboNtsabane @tshepii You're stunning ?""",Botswana,1306723133940998144
mimo_dee,b'@tsipa_t @BoetPrince Thanks darl ?',Botswana,1306722615210500104
exploision,"b'The only war I see are the comments on Twitter, my goodness!'",Botswana,1306722471673032704
rollersfc,"b'South Ring Road.\n\nAlso in the design is the ?Rollers? compacting equipment depicted twice, as well as a football an? https://t.co/CgFBRPYU7T'",Botswana,1306722164721291264
rollersfc,"b""administration of Bechuanaland Protectorate moved from Mafikeng to the  Republic of Botswana's new capital Gaborone? https://t.co/P6bxn5h6L3""",Botswana,1306722160707350528
rollersfc,b'This logo contains an outlying design of a map of the early Gaborone roads built by the club founders- the blue col? https://t.co/hCtVDbLuKb',Botswana,1306722146786455554
rollersfc,"b'The club had existed informally as ""Mighty Tigers"" from 1961 to 1965, before being officially registered as ""Townsh? https://t.co/bvEQCMfeqe'",Botswana,1306722131359735809
rollersfc,b'#TBT Throwback Thursday- Original Rollers badge-\n\nThe Township Rollers logo used by the club from 1965 to 2010. The? https://t.co/l2cf7BT5fV',Botswana,1306722111315206148
nengistanacc,b'RT @BellaBwQueen: Nengi and Ozo scored 3points they won 413k each ?\nCouple that scores the same ??????\n#Ozone\n#UnitedForNengi\n#BBNaija',Botswana,1306721997058199553
nthips90,"b'Oubas at 0:57 ??????????????????????????????? oh, I have laughed from a very healthy place https://t.co/PmQjgSc41F'",Botswana,1306721970013253632
DeGeneral_10,b'@sello1996 Wanna read this content',Botswana,1306721773820555271
KGB9021,b'RT @ChiefKeef: She Say She #LOVE Me Wat Eva Dat Iz!',Botswana,1306721633013555200
MonsieurGomez97,b'Okay Sasa can rap https://t.co/WaiOqqKBFS class flow even.',Botswana,1306721327429152772
leatile_ngwako,b'@Edith_Dikgang Go monate?',Botswana,1306721219681624064
TebogoCfunk,b'The question ?ft wayne\nRed dot music?ft action\nHunnid stax?featured Soulo\nWeekend ?ft miguel https://t.co/CJK5eeGnRJ',Botswana,1306721063917809664
MonsieurGomez97,b'Ozi and Sasa Klaas team up to make Savages!Tore it apart like vikings!The damage!',Botswana,1306720868266053634
Rocky_BW,b'RT @sesutho: Guys I have been discharged from Nyangbwabwe Referral Hospital go a go ikokela KO gae. God is with us.',Botswana,1306720855943151616
sasha_sashay,b'RT @tetelodimpho: ??? ? Good paying job and a Mercedes Benz a200 ????',Botswana,1306720562371268610
ayojr99,b'RT @ChiefKeef: She Say She #LOVE Me Wat Eva Dat Iz!',Botswana,1306720310436265985
MonsieurGomez97,b'@DJBoogiesid This is good!',Botswana,1306720194736328704
user263202,b'RT @ChiefKeef: She Say She #LOVE Me Wat Eva Dat Iz!',Botswana,1306720194522312704
MissP_Otukile,"b'@Kanyo_M ""Ke makgakga by birth by nature I am worse"".... Kore what dd it mean????'",Botswana,1306720182157684737
Lebg_09,b'Ha re heeee... O re botse https://t.co/3cQFoQMGzw',Botswana,1306720146191507459
LameKay1,b'@Thabisokale3 Yoh.. hard to choose ?',Botswana,1306720076448641026
mrichoboolins,"b'RT @M_Ja7y: Eggs for sale... P45 for 30, P36 for 24, P27 for 18 and P18 for 12. Free delivery in Tlokweng, P5 delivery fee in Gabs and P10?'",Botswana,1306720048686526464
TebogoCfunk,b'Thank you for the opportunities Lord.',Botswana,1306719933993283584
baddanification,b'@tsheps_x It?s a nice pic',Botswana,1306719840430731265
KagoAndrew,b'@_SLEY Only got drugs thou!!',Botswana,1306719826208059392
1hvbd,b'RT @ChiefKeef: She Say She #LOVE Me Wat Eva Dat Iz!',Botswana,1306719702455144448
IamTemogo,"b'RT @M_Ja7y: Eggs for sale... P45 for 30, P36 for 24, P27 for 18 and P18 for 12. Free delivery in Tlokweng, P5 delivery fee in Gabs and P10?'",Botswana,1306719654984003587
LesegoLaone,"b""@deedeebridgette I'm praying for it shem""",Botswana,1306719643588087809
MissP_Otukile,b'@steff_tefo Ba ira???but why',Botswana,1306719576848293890
Chaha_Nthoi,"b""RT @seabe_george: @kamosoafrica We will go with Pondy's Chicken. \n\n#OpenFireChallenge #TeamSeabe #KamosoAfrica""",Botswana,1306719522125160448
LesegoLaone,"b""@SandraBhebhe @deedeebridgette Haven't watched it this week...only tuning in now""",Botswana,1306719517368823808
Vusi_Jay,"b'@kamosoafrica @BagotsiBagotsi No ""check your inbox"" nyana foo?? https://t.co/4EMDgfqJcf'",Botswana,1306719503972212737
KagoAndrew,b'@_SLEY Happy Birthday Pendejo ?',Botswana,1306719502755823619
Laura_Bots,b'RT @teej_the_joy: Children are smart. Please don?t patronize them. They?d rather have two parents coparenting separately than a sham. But e?',Botswana,1306719496867061765
baddanification,b'@AobakweKgwatal1 So you don?t like being choked',Botswana,1306719393645301767
AidenTore,b'@Jacenorman U got what bruh?',Botswana,1306719206692589574
MbakoMotshwari,b'Im fucking turnt. Wtf i miss my bro tho.',Botswana,1306719206138875907
LesegoLaone,b'@deedeebridgette I changed channels immediately they showed Ozo and N eating ???',Botswana,1306719193128218624
Sammykirko,b'RT @ChiefKeef: She Say She #LOVE Me Wat Eva Dat Iz!',Botswana,1306719185863618560
poppyness258,"b'RT @M_Ja7y: Eggs for sale... P45 for 30, P36 for 24, P27 for 18 and P18 for 12. Free delivery in Tlokweng, P5 delivery fee in Gabs and P10?'",Botswana,1306719156469891072
LesegoLaone,b'Very bad ??? https://t.co/IMQdsvKPBV',Botswana,1306719010650763264
baddanification,b'@poppyness258 5th amendment doesn?t apply down her boo',Botswana,1306718716663607297
kkingdiz,b'RT @Kalebreloaded: I think she has that mental health issue that Joaquin Phoenix had in his role of the Joker.',Botswana,1306718680345182209
Mr4DD,b'Keep telling yourself that things are going to work out even when you don?t know how. The positive attitude and opt? https://t.co/rIpDpWX3gd',Botswana,1306718673550356486
lapsy_tsa1,b'i feel and look good and so is everything around me. It can only be God.',Botswana,1306718618961481728
drdavidpercy,"b""@age_galaletsang Don't eat where you shit""",Botswana,1306729873571033089
drdavidpercy,"b""@LereSlut No it ain't""",Botswana,1306729735570042880
Given_Ketelo,"b'@akreana_ I saw this tweet on my notification panel and thought it was a DM??, thought @akreana_  was asking me??'",Botswana,1306725487759298561
JosiaAlexTheKid,b'RT @Shandi_101: ???? Yerr',Botswana,1306724811289309185
Shandi_101,b'???? Yerr https://t.co/RjNk2mVOWs',Botswana,1306724437333626884
tshepileo1,b'@King_Bono_Bw Serious',Botswana,1306703212108537866
NonofoM,b'RT @jemie_neam: It was a day. I thank all those who have been with me throughout my studies. Today was a sign that your suppport has been s?',Botswana,1306689799189860352
Obiwa1,b'My daily struggle ? https://t.co/sIJ98RiKIS',Botswana,1306685918447898626
jemie_neam,b'Happy birthday to this phenomenal https://t.co/8D1hpF1ESg incredibly beautiful sister.May God grant you all that yo? https://t.co/e2Vyj70VLT',Botswana,1306684055916867585
jemie_neam,b'@AobakweKgwatal1 ??? thank you so much darling.',Botswana,1306682379772321792
jemie_neam,b'@Okamatty_B Thanks alot darling.??',Botswana,1306682075542679557
TsaoneTumelo,b'RT @jemie_neam: It was a day. I thank all those who have been with me throughout my studies. Today was a sign that your suppport has been s?',Botswana,1306673891927109633
ict4life,b'@MampexL Amen',Botswana,1306672944937082887
thinavhuyo_m,b'@NthabiOk @JnrLelow ???today hona ke boni gori ao nrate shem',Botswana,1306672345483030536
ict4life,b'@Shandaca1 Classic witchcraft',Botswana,1306671881148399616
MCeaCollen,b'@Neilwejoy How is it important',Botswana,1306667713146880006
thinavhuyo_m,b'@NthabiOk @http_goitsi @kuttloanoo @nonsssssss ???o thomile akere',Botswana,1306665976021254146
ComingValdez,"b'@StellenboschFC good day,when you guys are starting to prepare for the new season,i wish to bring my son down to jo? https://t.co/D5VyDJ1xzp'",Botswana,1306654291017560064
muzimbeni,"b'@MohapiSetenane Codessa freedom, sigh. No freedom at all ?'",Botswana,1306648534096187392
MCeaCollen,b'@MimoMokgosi Yes and yes',Botswana,1306648090452070400
MCeaCollen,"b""@jaemmiee @KFartom I'm gonna start talking \nJust now""",Botswana,1306647212085194753
MCeaCollen,b'@Miss_Fipaza Dont be hater we still gonna be here',Botswana,1306646414257197056
MCeaCollen,b'@Nicky__Amanda \nI appreciate You do make a statement',Botswana,1306646011331465217
NNESE12,b'@LorraineHubona Tsena shotput',Botswana,1306644353868271616
jemie_neam,b'@MarumoNelson Thanks mate',Botswana,1306642584186621952
Base_diponeng,b'@iamlancaster1 TRUE LEADER',Botswana,1306638817907093506
muzimbeni,"b""Taba ya Gavin Hunt le chiefs ae ntshwere xap ake happy ??? I'm breathing through the wound .?? @robertmarawa? https://t.co/xQkBJ0JSvm""",Botswana,1306633097874726912
injaivukile,b'Straight to fight mode ????? https://t.co/3lp92GTe8N https://t.co/QbDn27FyqJ',Botswana,1306631747468242944
Javaslucky,"b""@lyds_monyeps It's time to seal the deal""",Botswana,1306631740685987844
Gillian_M_D,"b'RT @jemie_neam: I am on the other hand holding Technician diploma in construction, NCC in Plumbing and pipe fitting, Tradee C and B in plum?'",Botswana,1306626902153670656
Gillian_M_D,b'RT @jemie_neam: It was a day. I thank all those who have been with me throughout my studies. Today was a sign that your suppport has been s?',Botswana,1306626893995798528
jemie_neam,"b'I am on the other hand holding Technician diploma in construction, NCC in Plumbing and pipe fitting, Tradee C and B? https://t.co/pGPgmu3EEe'",Botswana,1306626564394823683
jemie_neam,b'It was a day. I thank all those who have been with me throughout my studies. Today was a sign that your suppport ha? https://t.co/Yy6xS8QiKE',Botswana,1306625582386630657
EarlOfGC,b'RT @Base_diponeng: @EarlOfGC @CEDA_BW Taj well representd ???',Botswana,1306610704670240770
Base_diponeng,b'@EarlOfGC @CEDA_BW Taj well representd ???',Botswana,1306608851748368389
Kesegokset,b'@Kon_krete ??ke lemogetse thateng???',Botswana,1306605169505972226
tumi_0591,b'@MsLemmy A friend of mine went through shit.Little gf a boleletswe ka her miscarriages?',Botswana,1306605049313976320
Base_diponeng,b'@Softcheeks_30 1st pic ???',Botswana,1306590313268477955
Sprukies,b'@Nthapeleng__ I like your thinking',Botswana,1306580549813796864
tletsatle1,b'An inspiring friend may catalyze a revelation about a deep psy... More for Pisces https://t.co/pB85jtRoxd',Botswana,1306579819241459713
AkwenaMapula,"b""@nsambocca Chomi we can't keep up le 2am any longer????????10pm ra laela ????#Nibadala""",Botswana,1306568975082491905
ComingValdez,"b'@mzwandileMasina ,good day bhuti,i know Xhosa is not your language#Mbanjwa'",Botswana,1306568525033725952
Boss_Dii,b'@YvetteDiedricks ?????? I know I?m invited ???',Botswana,1306568120925147138
jemie_neam,"b""Some of you haven't noticed I havent been myself lately. I don?t hide that I have anxiety &amp; depression.both, with m? https://t.co/xksTqD3Q1I""",Botswana,1306564306901835777
ComingValdez,b'@StandardBankZA my dream is to start my soccer academy in somerset east(E.C)organise young boys from the age of 6-1? https://t.co/FemHU7Sosa',Botswana,1306562414310232065
_morare,b'@MimiReeds Before the formation of Bophutha-tswana Batswana used to refer themselves as Basootho',Botswana,1306560895452143617
_morare,b'@RastaArtist Freddie Douglas that one',Botswana,1306560267074129920
thinavhuyo_m,b'@Paballo_Budha @blksntr @nonsssssss hear me out??',Botswana,1306551829942218753
MG_Chowder,b'RT @ict4life: Thank you  for not giving up on us God.\nThank you that we are never too lost to be saved.\nThank you that we are never too far?',Botswana,1306551328320163840
Base_diponeng,b'@akom2511 @StevieG_Dj The list is endless ??',Botswana,1306548213898452993
Javaslucky,"b""@PortableZozo The hand that gives, it's better than the one that receives. God bless!""",Botswana,1306522823448571906
LESEDI_SHAI,"b""@Advovolicious Isn't that human brain ?????????? https://t.co/Q0U1k4aatL""",Botswana,1306520176867844097
ict4life,b'Never sit on your problems because solutions will also sit far away from you. Always look and seek out for answers? https://t.co/PXdPbLjCfF',Botswana,1306518469458964480
Taurus_Aerglo,b'Mjolo or pure maths ??',Botswana,1306517093546893312
Holly65462608,"b""RT @jemie_neam: You remember the bad times more than the good times, because when you're struggling you cry for a week but when you succeed?""",Botswana,1306513904927899649
jemie_neam,"b""You remember the bad times more than the good times, because when you're struggling you cry for a week but when you? https://t.co/CR92vU3YVB""",Botswana,1306512929852981248
NNESE12,b'@PosabMo @OneMMphothwe Slumber le chiliboy',Botswana,1306507053272387585
jemie_neam,b'@kidoskovich Bana ba lobsec...they turn the place to hell..bana ba rona',Botswana,1306504343101861890
Mafentabeni,b'Your creative self-expression is flourishing as you find the c... More for Virgo https://t.co/kpzBt4qjXW',Botswana,1306503231078461440
SirAlexSebika,b'RT @Kesegokset: @SirAlexSebika Ba mphile island yele???? https://t.co/LitXRB6bCh',Botswana,1306502513902878721
Kesegokset,b'@SirAlexSebika Ba mphile island yele???? https://t.co/LitXRB6bCh',Botswana,1306501634709753857
injaivukile,"b'@Phehello_Mo Yeah I get that, imagine saying ""this is the most anticipated album since Reasonable Doubt"" and he say? https://t.co/tVELX5cABA'",Botswana,1306498132927221761
mmolokiseth,b'RT @NNESE12: Ke slumber fela https://t.co/bTbyMw977m',Botswana,1306497961162166272
injaivukile,"b'@Phehello_Mo Can we take this dude serious tho? He says ""a classic is coming"" before hearing it and calling other n? https://t.co/NfcEqprkhc'",Botswana,1306493096197316608
Taurus_Aerglo,b'@DjMaphorisa Amen ?',Botswana,1306491036768890880
NNESE12,b'Ke slumber fela https://t.co/bTbyMw977m',Botswana,1306487488588939264
injaivukile,"b'@Phehello_Mo You know I been waiting for this,let me check it out'",Botswana,1306486527543988224
injaivukile,b'@Phehello_Mo Plug us ??',Botswana,1306479930738384896
thulasizwemakh2,b'@DjMaphorisa We are waiting for it',Botswana,1306478288672612354
dj_xc,"b'@jack if you are with them, FU  #FreeKanyeWest'",Botswana,1306475105875304450
ict4life,b'@Tebza_NC Happy birthday to you',Botswana,1306474147757920256
ict4life,b'@Magobholi_Z School of excellence',Botswana,1306473291041906689
nadia_peaches,b'@Knight_Skhosana Lol oho',Botswana,1306472485148340226
mphohadzhi,b'@Matevhu_ @IdolsSA Lets do an interview  Dm me',Botswana,1306468615399632896
nadia_peaches,b'@Tebza_NC Happy birthday ?',Botswana,1306454018026283008
pearl_masele,b'@sexydjbabylynn We need people like u please!',Botswana,1306453268130926593
mphohadzhi,b'Are you worried about the second wave ?   #Level1Lockdown   #LockdownSA https://t.co/BwPVU5EYxP',Botswana,1306449354153234432
mphohadzhi,"b""@PeterDanielsZA @MararaMoabelo And that's just part one. Imagine if it has part 1-3. It means you would have spent? https://t.co/x1PWrjqFiC""",Botswana,1306448208240017413
nadia_peaches,b'@Knight_Skhosana Lol what?s stopping you?',Botswana,1306447945424920576
mphohadzhi,"b'@PeterDanielsZA @MararaMoabelo ??? Imagine watching a movie and someone cry for the whole ten minutes , like really guys.'",Botswana,1306440709080317953
WeirdMish,"b""@Siyanda_Ceee And that's powerful ??""",Botswana,1306388419694800898
WeirdMish,b'When #Paradise2 drops one has to have a dictionary by his side because Ku wow ??? https://t.co/5ptfrRl5hI',Botswana,1306362380515971073
RakgadiE,b'RT @ict4life: Thank you  for not giving up on us God.\nThank you that we are never too lost to be saved.\nThank you that we are never too far?',Botswana,1306361033725022208
KgomotsoMagagu2,"b""@Boity Please give me your diet plan then i'll take it from there\nI like what i see ??""",Botswana,1306359005036634113
_Nyambe_,b'RT @YandaniBoko: Honourable Gobotswang is a messenger sent by NGO and not by US (UDC) - Hon Yandani Boko https://t.co/pgbvU9DMzm',Botswana,1306357199623589889
prweshhh,b'Very important ?? https://t.co/iA8tk7Fy2t',Botswana,1306346487077466112
MolamoMosehla,b'.@ninetyone_sa I want to learn more about the bursary offering for 2021. Learn more by clicking the button below #Changeblazers',Botswana,1306340683641479168
muzimbeni,"b""@turing_1991 I like how you've started your statement.  It should have ended where it started.""",Botswana,1306338485125738499
NNESE12,b'@bechwa_Dhumbu Ene yoo',Botswana,1306336500032954370
jemie_neam,b'@Okamatty_B ??????why you choose death..kana mala le one tsala..imagine traffic like this.???',Botswana,1306334960572395522
NNESE12,b'@Iamcheddar Bo 3billion',Botswana,1306319073232531456
SeseTetiwe,"b'RT @Hlogi_N: Really is, I love it.'",Botswana,1306316146006806528
Hlogi_N,"b'Really is, I love it. https://t.co/Kj1Sm62yEa'",Botswana,1306313688308158465
pearl_masele,"b""I played my part did u? Let's be doers and less talk. We can do this Icons https://t.co/o3MjZ9ZfLv""",Botswana,1306311144815157253
SamuelSavvy,"b""@KalanqaPrince It's on Deezer my nigga. Can't share. Hardy""",Botswana,1306308231376048129
ComingValdez,"b'@IanWright0 good day Ian,can you invite my son over for assesment,he play as an attacking midfielfer in pretoria,south africa\n\nkind regards'",Botswana,1306298773547683847
Just_LevyN,"b""RT @ict4life: It'll be worth it \n\nOne day, you'll look back on your life with gratitude and thank God for all the ways He prepared you for?""",Botswana,1306296891093798912
_Tshelane,"b'RT @Kesegokset: ""Le shapo akere"" o batla both hands makgowa??\nMme re easy hela?? https://t.co/m44WE7OLwU'",Botswana,1306294723452207113
Kesegokset,"b'""Le shapo akere"" o batla both hands makgowa??\nMme re easy hela?? https://t.co/OqvgnenJCw https://t.co/m44WE7OLwU'",Botswana,1306293632333381635
Given_Ketelo,"b""@RealMrumaDrive That's the correct way to say it?""",Botswana,1306287144470802435
