user,text,country,id
PCKawano,"b'RT @rittner_daniel: Rodovia Transpantaneira, antes e depois dos inc?ndios. O mundo precisa ver isso.\n\nRoad crossing Pantanal, one of the wo?'",Brazil,1306691141643968517
powlo42,b'@1McFlxrence @herbivore_club @funtimes1621 @nahdanieI @txngn No you just don?t know what to answer cause you figure? https://t.co/q0OaynwvGD',Brazil,1306691139081244673
Riudinha,b'@ItzHikari Black frost wolf armor https://t.co/gPTHCk0uXj',Brazil,1306691080780484608
jennieartist4,"b'RT @rittner_daniel: Rodovia Transpantaneira, antes e depois dos inc?ndios. O mundo precisa ver isso.\n\nRoad crossing Pantanal, one of the wo?'",Brazil,1306691073310416896
araujo_fabioo,b'@coldzera @LunchTimeReview came to brazil we love u cold',Brazil,1306691062275203072
smarcony,b'Liked on YouTube: O que eu comprei na Book Friday 2020 | Paloma Lima https://t.co/1c6DjUUxdW',Brazil,1306690906943303682
alligatortearsq,b'Topic: lesbians singing in bathtubs https://t.co/LWUngx9jX6',Brazil,1306690900886724616
nnathaliatt,b'@belamarquesv vishhh',Brazil,1306690876299714574
Natty_Simoes,b'RT @ggouvs: IOS 14 ficou top',Brazil,1306690844230135815
victoria__ac,b'items i drop when you kill me https://t.co/k1pKu2PqLk https://t.co/uTYKdbBufv',Brazil,1306690837913448448
luiza_cruzs,b'i was doing fine without you',Brazil,1306690824596606976
Bettygamblle,b'@valdir6685 Hey check your dm.',Brazil,1306690802085703681
Kessiley,b'Beyonc?_-_All_Night.mp3',Brazil,1306690769026273280
thipera,b'@tarcisio_hb Longe?',Brazil,1306690701523136514
lmjfavzs,"b'RT @rittner_daniel: Rodovia Transpantaneira, antes e depois dos inc?ndios. O mundo precisa ver isso.\n\nRoad crossing Pantanal, one of the wo?'",Brazil,1306690696263409682
vxscainx,b'puts https://t.co/XX5Scbr0pB',Brazil,1306690617368551440
isa_carvalhs,b'Puts https://t.co/Ap3vzO93hv',Brazil,1306690490042134532
isadorodrigues,b'@brunildobuks i?m here https://t.co/1T0rsw9ZLQ',Brazil,1306690458538708992
robdelaet,b'RT @jakespring: Uganda reverses forest destruction by inviting in ... loggers. Private companies are developing timber plantations as buffe?',Brazil,1306690305413001216
Vagner_juniorss,b'@neguinhajly @tombrisa @natalyrosaxxt MINAX',Brazil,1306690197380268034
Bettygamblle,b'@AkirkFn Hey hit my Dm. :)',Brazil,1306690176421441537
klossineo,b'I can?t feel shittt wtf is this?',Brazil,1306690159216336896
bootleg_icarus,"b""RT @tomeioputo: @pcgamer I still don't understand how the devs can be so proud of having such a poor optimization for their game.""",Brazil,1306690069319819273
Franciscoabf82,b'@northond Use a movie gif from the year you graduated high school https://t.co/0jSPj3Im8x https://t.co/lyqj7UnJxD?? https://t.co/gXxRehdMpP',Brazil,1306690017721544706
ryodrigo,b'@csmarcus playboyzim',Brazil,1306689945139019777
anticronos,b'@melissablake I like you',Brazil,1306689852436553736
XiicoL,b'@FLWsnow To Nd',Brazil,1306689766713425920
maahraulino,b'I?m crazy but you like that...',Brazil,1306689550010535937
pachecoluif,b'@ghostparotto Vamos ver \n\nWHATCH JULIE AND THE PHANTONS\n\n https://t.co/m6pePuaV63',Brazil,1306689500194709514
agabalden,b'@Reckcast @remuly @ju_aserena mas com evangelion',Brazil,1306689487662198785
Hypnos_art,"b'@DaveZ2678 @Pixel_Dailies Thanks, Davez!'",Brazil,1306689485900521477
pedro_Volterra,b'@rebecagoms_ @aleeparreira Onde?',Brazil,1306689481588776963
lemoneidu,b'1 - Alex\n2 - Flynn\n3 - Luke\n4 - Julie\n5 - Reggie\nWATCH JULIE AND THE PHANTOMS https://t.co/qef31eB9py',Brazil,1306689473070026752
SimpsonTereza,"b'RT @rittner_daniel: Rodovia Transpantaneira, antes e depois dos inc?ndios. O mundo precisa ver isso.\n\nRoad crossing Pantanal, one of the wo?'",Brazil,1306689417906659349
klossineo,b'I literally have no shame on me rn',Brazil,1306689380556382213
luiza_cruzs,"b""didn't mean to get so close""",Brazil,1306689371207356416
luiza_cruzs,"b""Is it alright to feel this way so early?\nAnd in my blood, all the sweet nothings\nFallin' in love over night""",Brazil,1306689357089210370
Victor65680480,b'@roikauany @Porfsamanda Um american bully',Brazil,1306689297479802898
Bradley99176226,b'@SenWarren Your not perfect Warren! https://t.co/IsjyOexrEZ',Brazil,1306689206912258048
Bettygamblle,"b""@g_babyxo_ Hello, I hook you let's have a chat.""",Brazil,1306689143775338502
whoisvanessac,b'@PortalTracklist The Weeknd',Brazil,1306689094823612422
_isaqm,"b""know i'm gonna drive you mad""",Brazil,1306688923872174090
Bettygamblle,b'@RatedAForAaryn Yes i do come in dm.',Brazil,1306688782327054338
mzteos,b'RT @jordanvisch: If u look like EDNALDO PEREIRA\n\npls dm me',Brazil,1306688751268175875
Asl300sdx,b'Anderson .Paak &amp; The Free Nationals: NPR Music Tiny Desk Concert https://t.co/skunPSL9Bl via @YouTube',Brazil,1306688708305920000
paidobatata,"b""@Marianamaral002 Don't fight the feeling, give yourself a chance""",Brazil,1306688676823527426
Bettygamblle,"b""@blackaneseboy Hey i hook you let's have a chat to discuss about the details.""",Brazil,1306688604484382720
klossineo,b'Anesthetics got me trippin',Brazil,1306688587241529357
paivazlucas,b'@Hashiddd No YouTube',Brazil,1306688566139985920
LordQuillSdv,b'RT @CarolSn19: ??????? #?????????????\n?\n@ImperioDoSdvOfc \n@SouAnjoCaido \n@PriscaBrusau \n@Morpheus_43 \n@TonyStark_ofc \n@IfbSdv \n@Vodoo_43 \n@?',Brazil,1306688565615702016
BrenaMacedo4,b'Fome',Brazil,1306688561073266688
LordQuillSdv,b'RT @CarolSn19: ??????? #?????????????\n?\n@ImperiodosdvRt\n@DaianeA04769851\n@CrazyArlequina\n@SaraRsrs \n@carlosfiscal248\n@_Valkyrie9 \n@perolane?',Brazil,1306688550692364291
effychaise,"b'the chain, medicine, Ultralight Beam e just a lil bit of your heart nunca te pedi nada harold https://t.co/h4Ga2a6pgd'",Brazil,1306688428281602051
mairykenupp,"b'@thekylemeagher Second pic is basically a copy of your profile pic, if you zoom in'",Brazil,1306688410170650626
ArthurTorsani,b'@Slredden1 @lasterd80 @TechNinjaSpeaks What about this one? https://t.co/4RyICP63ep',Brazil,1306688379157917697
vithaniaaa,b'@xxxstonem @effmarial @Ph_sabin0 @xtoxicant @doce_potato @ncssdd @keivissu @ruanvb love u thu',Brazil,1306688363714490368
lucasleliis,b'Cachinnn https://t.co/gIqxOF9tWC',Brazil,1306688338661908486
Jau_Kun,"b'So sad, boy! :/'",Brazil,1306688337625968641
kerolllllllll,b'@ThiagoAbrahao_ @Gasparzin3 sofro bullying',Brazil,1306688158768263168
vieiraj__,b'@SlvTh33 Brbr',Brazil,1306688139885502464
akiritcha,"b""four movies you're pretty sure you like more than anyone else you know https://t.co/DXpSV8DuPp https://t.co/lckjc4Brnt""",Brazil,1306688104414302216
Bettygamblle,"b'@kayymfkay Hello, I got you come in dm.'",Brazil,1306688024563060736
churrascomsamba,b'I?m pretty sure that was very unnecessary but can?t do anything about it',Brazil,1306687952517464065
jeanliiima,b'18 meses ? https://t.co/ZrWu8KrLoS',Brazil,1306687889678442508
lluabrainer,b'RT @Wolfiesbrs: Stiles                               Void Stiles https://t.co/GpqnzUyz4w',Brazil,1306687775777923076
isadorodrigues,b'mentally im not here',Brazil,1306687721071620105
Ferreirahn,b'RT @vishsports: ?It was all a Dream.? https://t.co/y9GWoUChox',Brazil,1306687622505549824
BFRZePequeno,b'RT @Victorbfr77: @BFRZePequeno BABIIIIIIISHOW',Brazil,1306687550447378433
lemoneidu,b'@velezsaby Perfect Harmony e Unsaid Emily\neu BERRO horrores\nWATCH JULIE AND THE PHANTOMS',Brazil,1306687373678346241
pirulitwo,b'@julynha_15 block',Brazil,1306687359065427968
Melvin1508,b'RT @pachecoluif: #911iscoming my biggest enemy is me pop a 911?\n\n https://t.co/m6pePuaV63',Brazil,1306687347753394189
sofaltaessa1,b'@LuisCValois Justo ??????????',Brazil,1306687310474469376
barbarafaraco,b'Mood do dia https://t.co/tGnHKA61Hz',Brazil,1306687289872048129
pachecoluif,b'#911iscoming my biggest enemy is me pop a 911?\n\n https://t.co/m6pePuaV63',Brazil,1306687281852485633
laislimakkkk,b'ou jiminlover',Brazil,1306687281697353729
lemoneidu,b'@JATPBR Achei ela perfeitaaa\nWATCH JULIE AND THE PHANTOMS',Brazil,1306687254077808640
laislimakkkk,b'.      ????????    ?????\n??.???.???  ??.????????   ??.\n?.??      ??        ?   ??    .    ?\nlaisao was not an impos? https://t.co/OMaGtQo4TD',Brazil,1306687223924957186
LuiizaPorto,"b'RT @rittner_daniel: Rodovia Transpantaneira, antes e depois dos inc?ndios. O mundo precisa ver isso.\n\nRoad crossing Pantanal, one of the wo?'",Brazil,1306687185006014466
Victorbfr77,b'@BFRZePequeno BABIIIIIIISHOW',Brazil,1306687103271608329
ctewstela,b'please don?t let me down',Brazil,1306687067364098048
montxlu,"b'RT @rittner_daniel: Rodovia Transpantaneira, antes e depois dos inc?ndios. O mundo precisa ver isso.\n\nRoad crossing Pantanal, one of the wo?'",Brazil,1306687066252730369
raffaauau,b'@senalelee Jack',Brazil,1306687051417427979
__marigodoy,b'@bibizooca BRINKS KKK friends eu ax',Brazil,1306687018295078913
wayansmith,"b""can't wait to see what black noir will do today""",Brazil,1306687001161330690
Bear_TheKuma,"b'I know I kinda missed the train on this one, but give me a girl and I?ll take some screenies of them and Anya? https://t.co/V34wA1Waie'",Brazil,1306686918608826368
fabiolamdc,b'@carolmfm Justo',Brazil,1306686894680551429
HerickMarques4,b'@zercklsp dois',Brazil,1306686797062250507
iza_lte,"b'RT @rittner_daniel: Rodovia Transpantaneira, antes e depois dos inc?ndios. O mundo precisa ver isso.\n\nRoad crossing Pantanal, one of the wo?'",Brazil,1306686796215058432
mautheoz,b'uuuuuuuuuuuuuuh girl...... https://t.co/oOG9MEhawz',Brazil,1306686776615018502
ImprioNovamente,b'@thehill You will be fucked!',Brazil,1306686770763964417
duditax,b'EXPOSED @duditax ESSA DOIDA BURRA',Brazil,1306686725654302722
nvalerios,b'@well_storms Cant see me crying never again',Brazil,1306686517490987011
DMF09,"b""@TriumphGamingGG Didn't watch the latest two Pokemon series, it turned too infantile for me lol""",Brazil,1306686475938009088
TytoPedro,b'@mandocs_ Park way',Brazil,1306686390030213120
pitangui_,b'@cabiihde Plikin blainds',Brazil,1306686354412183554
lucasantanar,b'@Thatianaaaoli playstation',Brazil,1306686219158515715
EuraxessBrasil,"b'RT @ENRICH_Brazil: The second episode of the #EnrichInnovationStation podcast is here! This week our speakers discuss EU-BR cooperation, wa?'",Brazil,1306686212481130503
kassatti,b'Yeah!!! https://t.co/tVscycU3JU',Brazil,1306686188271611905
demissonjr,b'RT @lorenzof5: Awesome inside cockpit view of a landing on a carrier! Nice job! #aviation #avgeek @breakingavnews @avioesemusicas https://t?',Brazil,1306686144856293377
yBigBang_,b'meme gente',Brazil,1306686086350020620
stockguy61,b'RT @PeterMerlinCane: @AynRandPaulRyan Watch...\n\n#ClosetNazis\n#ClosetNazis\n#ClosetNazis\n#ClosetNazis\n#ClosetNazis\n#ClosetNazis\n#ClosetNazis?',Brazil,1306732531509874692
euGehSantos,b'Would it be a signal @samsmith ????? https://t.co/gr9AwHB3Oa',Brazil,1306732514338312193
jeongxls,b'@JEONGYEONBR_ @JYPETWICE son chaeyoung',Brazil,1306732505446469637
anittaclose,b'You belong with me',Brazil,1306732498961997835
ViniR_Santana,b'@jose_simao Sad but true',Brazil,1306732486962094081
k1ngfpss,b'RT @skyszera: i joined @folhagg_',Brazil,1306732482935619585
Natttioo,b'RT @femzor: twisted luv trilogy https://t.co/AXeEdpcQcm',Brazil,1306732481740185600
brookelynnjinkx,b'@puddingbhytes I loved it!',Brazil,1306732480683270144
jamesspottr,b'FEELINGS ARE FALTA - LOUIS WEASLEY https://t.co/E29EJePxN3',Brazil,1306732476207828992
sommusmaybe,b'I have a mental age of 41 !  https://t.co/vVYqhtGcrR',Brazil,1306732468796567553
marivasco,b'@h3ld1_ Interview/On the job',Brazil,1306732451147001857
lussination,b'RT @trocacaosincera: strike https://t.co/lRzX4NwIwe',Brazil,1306732434629758977
unejinblm,"b""@BlackSalander I will never forgive Heavensward's writer, they did her dirty at Azzys Lla""",Brazil,1306732419970740225
raiverly,"b'@domxwaves yes hahaha i was like tomorrow, Katherine?????'",Brazil,1306732418917978120
Mateus_br07,b'@ryakisting The last of us',Brazil,1306732413670903810
saansantos01,b'SAM SMITH IS BACK BITCHES #StreamDiamonds ? @samsmith',Brazil,1306732399972298755
joanna_vit,"b""RT @paulacramon: Brazil's Pantanal wetlands on fire - in pictures https://t.co/odGCnT6ogq""",Brazil,1306732399129251841
Gustav0ez,b'Dark (2017) https://t.co/cPHxCTblYn',Brazil,1306732394997862403
dalgrandizoli,b'@MarioGoetze Hey man! Come to play in South America! Is a big and nice experience! Think about and don?t retire!',Brazil,1306732390929367040
djsaudadesbot,"b""i've got no""",Brazil,1306732388907704321
sylvvveon,b'send you my love on a wire',Brazil,1306732381148254208
w8haught,b'and thats all that matters https://t.co/RfoIgS5ZmL',Brazil,1306732380917510145
fightlikedrew,"b'foi hackeado por belieber, certeza kkkkkkk HOLY TONIGHT https://t.co/rNe7JyZclF'",Brazil,1306732373321621511
YuiOtaku_,b'I LOVE MY BEST FRIENDS !! /wolesnak',Brazil,1306732368036687872
5spfcever,b'the hanging tree me arrepia toda',Brazil,1306732367579619332
LeprechaunS_G,b'RT @OCervejeiro_: Playstation FODE PLAYERS! ?\nhttps://t.co/6gjBieTgBb https://t.co/ztJHSVaFsR',Brazil,1306732358058610691
protectrossjb,b'@bieberportaI team buzztin',Brazil,1306732344586448896
dgermain21,"b'RT @periniheme: 33y/o male patient.\nPET after 2 ABVD.\nStill Deauville 5, but huuuuge improvement\n\nWould you escalonate therapy?\n@graham74GC?'",Brazil,1306732343324020737
levyarmando,b'@seanhannity @JoeBiden is a dead man walking',Brazil,1306732342623563777
FTIMA41030175,"b'RT @RosanaB92331669: @ErikEstrada @Jenny79217656 @FTIMA41030175 \nGood night.?\nI love the faces that the Ponch makes, especially when he doe?'",Brazil,1306732337519112198
otavio_ranzani,b'@siqueira__andre @Daltmann10 @replickbr @inifiocruz Congratulations!',Brazil,1306732319844241409
trubtsbae,"b""RT @RebecaBarAba: @btschartdata KEEP STREAMING EVEN AFTER THE STREAMING PARRTY IS OVER, SWITCH PLAYLITS OFTEN, LET'S GO!! DYNAMITE REPEAKIN?""",Brazil,1306732319210901504
nimueothelake,b'@nimuelot @CursedNetflix Praying circle to the Hiddens',Brazil,1306732318757969920
leo_piedro,b'?? POP A 911 #911iscoming https://t.co/0meZ7bnZkl',Brazil,1306732308670676994
whyparkjeon,b'@Univers_Bangtan @BTS_twt #TIMESURFISTAS THEWAVE @BTS_twt amo ): https://t.co/ZP5YZ03Hg6',Brazil,1306732307705978881
Erico_Cronks,"b""@_Hyuril_ AIN'T NOTHIN' BUT A HEARTACHE""",Brazil,1306732304824438785
NomadShxt,b'RT @femzor: twisted luv trilogy https://t.co/AXeEdpcQcm',Brazil,1306732303985582083
MandyOfSteel,b'Netflix older policy of hiring people with knowledge about the movie business without paying attention to their bac? https://t.co/6kp9BDCNOC',Brazil,1306732270829658113
BeijinhoGordura,b'RT @FabyMonarca: @NicoleBahls A Misscript ???',Brazil,1306732269672030209
kadubahamut,b'@arthuryoshida_ @chrisleggiers Aaah safe safe ent',Brazil,1306732263741231105
CallumCreate,b'RT @femzor: twisted luv trilogy https://t.co/AXeEdpcQcm',Brazil,1306732260692033536
AugeBotCmd,b'RT @itsmewho_: @ccarlo_s KKKKKKKKKK auge',Brazil,1306732252370436101
a_foralexandria,b'RT @femzor: twisted luv trilogy https://t.co/AXeEdpcQcm',Brazil,1306732247823851520
saansantos01,"b""@samsmith thanks for this sam!!! ???\ncome back to brazil soon the last time you came i couldn't go because i'm work? https://t.co/7jFFeOohkW""",Brazil,1306732243939921922
itsmewho_,b'@ccarlo_s KKKKKKKKKK auge',Brazil,1306732230568554498
henrilazzarini,b'@pxuzxsb RAMON',Brazil,1306732221638881287
i_garridoo,b'RT @luizaparente4: ??????? PARE ??????? https://t.co/RcMDYUNuzD',Brazil,1306732220284010501
dudafsb,b'items i drop when u kill me https://t.co/pWZQ1MbsJf https://t.co/9vNFEFOVmA',Brazil,1306732207122374669
jamesspottr,b'HONEY - MOLLY WEASLEY II https://t.co/AgjD1kcTkd',Brazil,1306732199958523910
DreamJogo,b'@varon_idk Rtx on',Brazil,1306732191905447943
saansantos01,"b""@samsmith thanks for this sam!!! ???\ncome back to brazil soon the last time you came i couldn't go because i'm work? https://t.co/jZU6cn33lw""",Brazil,1306732187664949249
BiohazardHere,"b""@cloud805 That game's so good""",Brazil,1306732187144904709
ingidish,b'@submarinaas bbzinha',Brazil,1306732182157787138
folklorefelipe,b'@samsmith I LOVE YOU SO MUCH',Brazil,1306732172024389632
danvalves,"b'When I was young, I prayed for lighting\nMy mother said it would come and find me\nI found myself without a prayer\nI? https://t.co/MjeMsUumiw'",Brazil,1306732170254471169
arthurberns,b'#BleedGreen LET?S GO CELTICS ??? https://t.co/FWc5xbfLQB',Brazil,1306732169897947139
gapassos17,b'@Dyx_LENDA @INTZ Gg  brabo',Brazil,1306732152961282048
universoluan_,b'@BiancaAndrade italia #PremiosMTVMiaw #MTVKaraokeAsas #MTVLIVEPRATUDOBIANCAANDRADE #MTVPETLUA',Brazil,1306732149865877504
lemonvituh,b'@michaellovelys remember the time',Brazil,1306732139958988802
n0tY0uRg0tHgF,b'RT @femzor: twisted luv trilogy https://t.co/AXeEdpcQcm',Brazil,1306732137513717773
heyym4ds,b'RT @femzor: New prints!\n\nhttps://t.co/xVYDB92lJb https://t.co/KJbdwYnfc7',Brazil,1306732122321936385
Louiiishi,b'RT @Palmeiras: Same energy... ?\n\n#AvantiPalestra #Vit?riaNasAlturas\n#AlmaECora??o #BOLxPAL https://t.co/QeffGxBLP4',Brazil,1306732110351413248
chupiscleivers,b'@otavi0XI Camisete',Brazil,1306732092932399105
Laura_Pyon,b'@apexfantasy1 How much is the minimum salary for Canadians?',Brazil,1306732092341055488
LannaLoren_,b'THIS https://t.co/6m9bViQocN',Brazil,1306732091690885123
tchromaticx,"b""lady gaga mata lady gaga no novo clipe\n- 911 what's your emergency?\n- I just killed myself\n\n911 starts playing...""",Brazil,1306732090336202758
ElianeribeiroS6,"b'Countdown He comes in his white coat with his blue eyes looking at the target, he comes, he comes. Our favorite Dr? https://t.co/8TqS1mX0Kk'",Brazil,1306732076285165570
theprincesmoke,b'Chromatica the poem https://t.co/uDRqikXGaQ',Brazil,1306732058744623104
tathychan,b'This ? https://t.co/bnQnIK928p',Brazil,1306732054097416198
Omattepe,b'Ragnarok ?????? https://t.co/hly6efg2US',Brazil,1306732042630164480
Japeei,b'STALKEAR ? https://t.co/AOrfhSP9Kj',Brazil,1306732031842320384
jsabencaa,b'@Matsuk_720 Do spotted',Brazil,1306731995637182465
EstouEmEstoque,"b'@BHwoketothewoke @katiehasedits @nytimes @apoorva_nyc we don?t know if immunity is possible with this virus, if the? https://t.co/yLzEbal9Fa'",Brazil,1306731994932445189
anjossxx,b'@vvmercurio mood',Brazil,1306731977438101505
rgrbzrr,b'@videocopilot @AdobeVideo @AdobeAE I love you bro',Brazil,1306731966000246784
fabinhomerry,b'2018 was a cultural reset https://t.co/zSvCpqzWE5',Brazil,1306731964385447941
parraconrado,b'twoplaf eh a+ tio',Brazil,1306731955195727873
lucasdlrocha,"b""@ZakiyaJamal I wasn't read to sob on a light spirited teen show""",Brazil,1306731954956578817
jacehdofficial,"b'@Jacenorman There are many people in this world who are self-serving, who just want to be good and who are not even? https://t.co/uAyx3yXXgj'",Brazil,1306731945301286912
xgabizzsykes,b'mom im high',Brazil,1306731940184231936
rnlaara,b'Mood aula: https://t.co/jtcD0KzbgC',Brazil,1306731936048709632
HeloArmyBR,b'@Univers_Bangtan @BTS_twt #TIMESURFISTAS THEWAVE @BTS_twt \n\nBORAAAA https://t.co/P7IDG5QHkV',Brazil,1306731926657662977
universoluan_,b'@BiancaAndrade lobo #PremiosMTVMiaw #MTVKaraokeAsas #MTVLIVEPRATUDOBIANCAANDRADE #MTVPETLUA',Brazil,1306731924036218886
vimstuita,"b'She?s got a head start !! I didn?t even knew there was good music until like, two months ago !!'",Brazil,1306731924019445760
PersicoNathalia,b'@bybutterfIy @BTS_twt Light it up dynamite #TimeMotoqueiro TheRock @BTS_twt',Brazil,1306731906466275328
Marciolucasmlc,b'RT @Palmeiras: Same energy... ?\n\n#AvantiPalestra #Vit?riaNasAlturas\n#AlmaECora??o #BOLxPAL https://t.co/QeffGxBLP4',Brazil,1306731905275002880
Marciolucasmlc,b'RT @Palmeiras: Same energy... ?\n\n#AvantiPalestra #Vit?riaNasAlturas\n#AlmaECora??o #BOLxPAL https://t.co/QeffGxBLP4',Brazil,1306731905275002880
TDOriginals,b'RT @Andraicia: ??????\n??????\n????FOLLOW \n????\n???\n???#JUSDV \n\n@OsJusticeiros_1 \n@frank_jusdv \n@_Valkyrie9 \n@fantasma_sdv \n@TheJoker22__ \n@P?',Brazil,1306731884936859649
jamesspottr,b'EYESORE - LILY LUNA POTTER https://t.co/jxKEHsYOTy',Brazil,1306731875533193218
_blink_F,b'@jpcaetano2011 Ou egirl',Brazil,1306731874832863233
EduardoReb,"b""@DBoyDen @DarroM85 @Gigastormz It's good stuff!""",Brazil,1306731870739206146
Joaoojao,b'@gigatinhax Reaallll kkkkkkkkkkk',Brazil,1306731870021976065
TDOriginals,b'RT @Andraicia: ??????\n??????\n????FOLLOW \n????\n???\n???#JUSDV \n\n@TDOriginals \n@Rafa1ii \n@Starla_Eileen \n@RoxanaElidaaa \n@dariohdz_btm \n@Deusa?',Brazil,1306731855723495424
BrunoTaak,b'@ashleytisdale I?m so happy for you ??',Brazil,1306731845388767234
just_reeden,"b""I've just watched episode S01E11 of Coffee Prince! #coffeeprince  #tvtime https://t.co/CHD2y77nzb""",Brazil,1306731832348729346
apathy_syndrome,"b""@Spiral_Senshi @CosmonautMarcus I didn't catch it until he explained, it be like that sometimes""",Brazil,1306731815147843584
prissguerrero1,"b'I miss you, Arthur... #reddeadredemption2 https://t.co/kZcFIli5Y7'",Brazil,1306731812576792577
alvcia_,b'RT @femzor: twisted luv trilogy https://t.co/AXeEdpcQcm',Brazil,1306731809049370625
MorenoJose0809,b'@lcoutinho Show!',Brazil,1306731800224555009
Almeida_PSOL,b'Stalin is the new Lula',Brazil,1306731797947060231
Pity542,b'@sisuper1000 Covarde !! #BolsonaroFujao',Brazil,1306731797242351617
unrealfinch,"b""RT @NYIBR: @unrealfinch @EthanGSN Let's gooooooi""",Brazil,1306731796088975360
willmshaxberd,b'RT @femzor: twisted luv trilogy https://t.co/AXeEdpcQcm',Brazil,1306731789507911681
Sonserino,b'@samsmith I LOVE YOU SO MUCH OMGGGHUCJ JV',Brazil,1306731778225459200
daoraale,b'@EnzoKotzu humilde',Brazil,1306731771107700736
IcepackJack,b'RT @femzor: twisted luv trilogy https://t.co/AXeEdpcQcm',Brazil,1306731758214238208
thetenthwolfy,"b""RT @vf_vikintor: This reminds me that the last season of Channel Zero it's not available in Amazon Prime in Brazil (the episodes thumbnails?""",Brazil,1306731747695046662
harmonited,b'just wanna say* KKKKKKKK',Brazil,1306731744935260160
ricardo11sp,b'@jornalveracruz @EuSouMBC Black lives in China matter',Brazil,1306731740250230786
NYIBR,"b""@unrealfinch @EthanGSN Let's gooooooi""",Brazil,1306731735040876545
davycampos_,b'@gabrielledrrg @davi_ribeirorv old que',Brazil,1306731726870319109
BabyYuku,"b'@hobispresious @minniesbabi @jungs_luv cuz Idk who is she, she came to a random tweet and started talking shit, loo? https://t.co/7axuEzp3TG'",Brazil,1306731699225718785
lovealienxx,b'@HotOreia picles',Brazil,1306731691831160833
ReinoDoSamSmith,b'@samsmith I waited so long for this',Brazil,1306731688416944128
williamdrakenow,b'Listen to ABDUCTION - Free Download! by William Drake on #SoundCloud\nhttps://t.co/cy0rDx7iue',Brazil,1306731671337795586
betofrosa,b'@o_antagonista Xiiii...babou',Brazil,1306731668456304641
Sonserino,"b""@samsmith I WASN'T READY AAAAAAAAAAAAAAAAAA""",Brazil,1306731663586721797
harmonited,b'i jut wanna day you?re mine you?re mine fuck what you heard you?re mine you?re mine',Brazil,1306731642615197697
EndOfDarknessz,b'@urubuzoka CADE O RED HOT CHILLI PEPPERS @nocontextlangao',Brazil,1306731636990660608
ripford,b'RT @femzor: twisted luv trilogy https://t.co/AXeEdpcQcm',Brazil,1306731633840717824
TheGioGomes,b'@giohcastillo Lindoo',Brazil,1306731627834478592
moinabels,b'ARE U KIDDING???????? we be happy',Brazil,1306731624365789184
l_pavliuchenko,b'@heeey_weel Vish',Brazil,1306731602442096647
cosmicclone123,"b""RT @ironfairy_: At what age did you find out that Mario 64 is viewed from the POV of Bowser, watching footage filmed by Lakitu, and that's?""",Brazil,1306731572222193664
williamdrakenow,b'#Music ? ABDUCTION ? #NewSong - Free Download: https://t.co/egTyXcbbeL',Brazil,1306731562688536576
fmpolli,"b""I just earned the 'I Believe in IPA! (Level 18)' badge on @untappd! https://t.co/el0KdN6TXz #ibelieveinIPA""",Brazil,1306731552164974593
fmpolli,"b""I just earned the 'For the Can (Level 2)' badge on @untappd! https://t.co/JeWZ89wzG5""",Brazil,1306731550730575873
shinjoao,"b'RT @Gazo1a: Breathe in, exhale. https://t.co/aESyYFKBX8'",Brazil,1306731549484879877
practictae,b'girls generation https://t.co/Wv3CLGeE3Q',Brazil,1306731548264325120
PersicoNathalia,b'@bybutterfIy @BTS_twt Jeon Jungkook #TimeMotoqueiros TheRock @BTS_twt',Brazil,1306731518228922368
MarizMarcella,"b'@Bolsoneas ??????????\nTMJ, Bolsoneas ??'",Brazil,1306731514617647104
JaqueOian,b'@bllueinboy Qual?',Brazil,1306731501988515844
HeloArmyBR,b'@bybutterfIy @Univers_Bangtan @BTS_twt Dynamite #TIMESURFISTAS THEWAVE @BTS_twt',Brazil,1306731501107712007
rhodeontight,b'@trashauvcry Justin Bieber',Brazil,1306731499409092610
diownatas,b'shame on me',Brazil,1306731492018655232
wild_pidgey,"b""don't @ me https://t.co/OgWu8rRsjZ""",Brazil,1306731481461645313
girlvibesetal,b'@bellanevida Tem a ver com god of war',Brazil,1306731480169799680
giubscastro,b'AAAAAA AMO TANTO \n\nWATCH JULIE AND PHANTOMS https://t.co/MX5jDp5Spf',Brazil,1306731457184960514
ReinoDoSamSmith,"b""@samsmith  \nI loved Diamonds so much I can't wait to hear the other love goes tracks""",Brazil,1306731455083614208
AnaNogarotoo,b'RT @luizaparente4: ??????? PARE ??????? https://t.co/RcMDYUNuzD',Brazil,1306731446871240704
Bryant_hoss,"b""RT @leggy2fast: It's champagne-bonk time for @homphs celebrating a podium @TeamL4NDO style! (feat. podium bot) #leggy2fast https://t.co/80n?""",Brazil,1306731442920214529
anatsepaivil,b'ganhei o funko pop do dwight as recyclops caralhooooo',Brazil,1306731436892975104
pedroqfj,b'mentaly i?m here https://t.co/ObeOgV7IY6',Brazil,1306731434783236096
1generall_,b'@shadowftn Lest go',Brazil,1306731433214476297
mel_br,b'@dan_sobata in memoriam ?? ??',Brazil,1306731415795630081
PersicoNathalia,b'@bybutterfIy @BTS_twt bora TheRock #TimeMotoqueiros @BTS_twt',Brazil,1306731399949549568
Stoochr,b'RT @eduardovieirart: Qual ceis gosta mais? / Which one you like most? ?? #spiderman https://t.co/6XgsQkcJiI',Brazil,1306731396791115777
gabicocaine,"b""RT @fentyceirah: Young Savage, why you trappin' so hard?""",Brazil,1306731379292545025
andrepmurched,"b'""Look at how bad we are at optimizing our game"" https://t.co/ot9cMQqsGr'",Brazil,1306731374825607171
jamesspottr,b'ones',Brazil,1306731369368870912
deyvidyfs,b'How fucked up bad mental health days feel like: https://t.co/oN3dUnHqCj',Brazil,1306731366382436353
murilocardoso,b'@samsheffer @Casey I feel the same way. he is the best.',Brazil,1306731357549326336
juliafr83997886,b'RT @Palmeiras: Same energy... ?\n\n#AvantiPalestra #Vit?riaNasAlturas\n#AlmaECora??o #BOLxPAL https://t.co/QeffGxBLP4',Brazil,1306731344295272448
Yafsfy,b'craque ? https://t.co/H7jO9T5sAh',Brazil,1306731343305420800
2dyun,b'RT @dyinginkyoto: Nirvana Now https://t.co/0X25LLTHyj',Brazil,1306731336393265152
_andreisilvaa,b'RT @Palmeiras: Same energy... ?\n\n#AvantiPalestra #Vit?riaNasAlturas\n#AlmaECora??o #BOLxPAL https://t.co/QeffGxBLP4',Brazil,1306731334593916928
yuki_muon_,"b""@Edwin90167397 @nintendofac @NintendoAmerica it's limited edition until march unfortunally :(""",Brazil,1306731320639467521
murrchmadness,b'RT @jhonydreamer: Lil gift for my pretty ? @MaaiaART https://t.co/iJ1oQwdaUJ',Brazil,1306731308903784455
LaionelSilveira,b'RT @femzor: twisted luv trilogy https://t.co/AXeEdpcQcm',Brazil,1306731304545812482
kakaflandoli,b'T? The Bone - 2017 ?@lilycollins? #KeanuReeves #alexsharp ? have you seen it already?  https://t.co/VxzNEhkmOX',Brazil,1306731288133595136
owilde_m,b'RT @lodix1: #SorryNotSorry @Al_Ewing @TheSlyStallone @Schwarzenegger #Hulk vs #Thing (at a diner) https://t.co/DaN72WKmEL',Brazil,1306731277635203073
samaraessoudry,b'@analunvicente vis a via',Brazil,1306731262066012161
BabiJhope,b'@bybutterfIy @btsjiminbb @BTS_twt Onda #TIMESURFISTAS THEWAVE @BTS_twt',Brazil,1306731258509234177
tyuzinhuh,b'@artoriuslima I wish I was rich so I could give all my friends switches',Brazil,1306731256449847297
inka_maribbl,b'RT @femzor: twisted luv trilogy https://t.co/AXeEdpcQcm',Brazil,1306731243745153024
Lyncolnsoarest1,"b""@Jacenorman you're doing it right bro 100%""",Brazil,1306731241769705478
BabiJhope,b'@bybutterfIy Vermelho #TIMESURFISTAS THEWAVE @BTS_twt',Brazil,1306731232475176961
minketh,"b'@Jacenorman we understand you love, you are so amazing, we are proud of you, you deserve the world ??????'",Brazil,1306731229685911552
WhatTheSnail,b'RT @luisoart: Zelda and Link together  #BreathoftheWild #botw https://t.co/iLqtdndl5R',Brazil,1306731224908652544
GustavoVg15,b'@kikunojoo same energy https://t.co/QtV4Zrjvl9',Brazil,1306731224078131201
butterflyisIand,b'I LOVE HIM #AnimalCrossing #ACNH #NintendoSwitch https://t.co/SaIQNYLx69',Brazil,1306731212812087296
BabiJhope,b'@bybutterfIy Pipoca #TIMESURFISTAS THEWAVE @BTS_twt',Brazil,1306731203081502720
PimenttaGay,b'mood https://t.co/EGEqmYmJ7V',Brazil,1306731195871440899
estherchagas19,b'@BlogNowUnited Helloo',Brazil,1306731187126366210
CorgiSoldier,b'Can instagram please stop absolutely BOMBARDING me with ads of those shitty ad filled mobile games from VOODOO.',Brazil,1306731181208154113
luisfelipe43,b'@immabecrazy Wobble que lute',Brazil,1306732534080909314
marcellycrdozo,b'I?m every woman it?s all in me',Brazil,1306732524199129088
bbhonly,"b""RT @devout_inccubus: @perfectsweeties Do you like it when your fruit looks at you?\nBrazil's a weirdass place https://t.co/GNazTy82Ax""",Brazil,1306732520738828288
The_NameBot,"b'Yo, my name is Brian'",Brazil,1306732514048970754
GiammaCarioca,b'RT @vamoss: Play here:\nhttps://t.co/y94wK7hYx5\n\n#creativecoding #processing #p5js #dailycoding  #dailysketch #dailyart #algorithmicart #sha?',Brazil,1306732497322020866
diego_barbalho,"b'Be cool, honey bunny'",Brazil,1306732482302222338
matheuszuzarte,b'@RDTLadyGaga @umusicbrasil TRAGAM A LADY GAGA @umusicbrasil! ??\n\nLADY GAGA ROCK IN RIO BR #911iscoming https://t.co/isKn5kwssd',Brazil,1306732481761157129
_luccas08,b'renewing energy ??\n\n?: @patriicio_dan https://t.co/jfkSRQqGhk',Brazil,1306732480737742854
prisdmm,b'I just added Brasil Paralelo to my library! #tvtime https://t.co/c6eSumj3TF https://t.co/CFKsPPCY7M',Brazil,1306732478808326147
simpforakali,b'RT @padeliciouss: i love this game #AmongUs https://t.co/zf2vEw442r',Brazil,1306732470516289537
MCBADOLATO,b'@Poder360 @jairbolsonaro @LulaOficial @SF_Moro MORO 2022',Brazil,1306732453202100225
Santannaadri,"b""RT @fa_gabby: @NBCChicagoFire Truck 81, call Casey's banana, grab him by the ear, go into his office, open the desk drawer and ask when he?""",Brazil,1306732452061347840
AndressaGP,"b""RT @macmargolis: Skies mostly sooty with a chance of black rain: the weekend forecast for Brazil's biggest city, as Amazon fires burn 1000s?""",Brazil,1306732450673053702
BelieberFromRio,b'@biebernovidade Team buzztin',Brazil,1306732446730407936
krixxtalzn,b'Team Bizzle ?????? https://t.co/acPu6WLN1A',Brazil,1306732442842206221
sumjuice4dapoor,b'RT @padeliciouss: i love this game #AmongUs https://t.co/zf2vEw442r',Brazil,1306732442007478272
yagoromarco,b'morto com a you need to calm down da lexa arrrr https://t.co/E92COInBZQ',Brazil,1306732425335189504
Wesley56544089,b'RT @Kn_Fxp7: Acabou #RESENHARDC',Brazil,1306732419014438918
Twiiitalo,b'@cmarcds @vinybertoli @starkbrans A melhor gif kkkkkkkkkkkkkkkkkk',Brazil,1306732412009943041
Kingdom_Invest,b'@Michael___Hunt Twizzler knows what he?s doing. He?ll send it when it?s ready.',Brazil,1306732410910969859
JuPoerner,b'iiiiiiiiiiiiiiii alan',Brazil,1306732403747172354
salazando,b'?the G-slur? https://t.co/NbomhHSm9z',Brazil,1306732402035830787
LucianoCastag18,b'Adides https://t.co/yHBsV8NcnH',Brazil,1306732396029644803
jthesadgrill,b'RT @padeliciouss: i love this game #AmongUs https://t.co/zf2vEw442r',Brazil,1306732394439872512
kikapu62,b'@RonWheeze Very sorry',Brazil,1306732380024123392
OozaruBlack1,b'RT @padeliciouss: i love this game #AmongUs https://t.co/zf2vEw442r',Brazil,1306732377587286017
Cheshire21x,b'RT @xxxangely: The Weeknd x Bella Hadid https://t.co/LQLH66ERa4',Brazil,1306732363616002049
soueumsm_7,b'@WingsBrazilBTS @BTS_twt #TIMEMOTOQUEIROS THEROCK @BTS_twt https://t.co/wZEwvXm2yU',Brazil,1306732360658976768
inga_ouhou_y,"b'Coz ""I feel like she didn\'t  really need to die""\n#Hikawa could be an ally, or just be left behind with no harm at a? https://t.co/rikBIpF55E'",Brazil,1306732359287549953
c4dum1to,b'@Ficantesfalandu @dudinhaoliver02 ver aqls filmes nd haver cntg kkkkkkkkkkkkk',Brazil,1306732350643019777
SimasSusani,"b""RT @fa_gabby: @NBCChicagoFire Truck 81, call Casey's banana, grab him by the ear, go into his office, open the desk drawer and ask when he?""",Brazil,1306732350336897025
itsnoahjurrea,"b'I liked to draw this one too, I hope you like it ? #talentsfornoah https://t.co/dz6QimARN2'",Brazil,1306732349908975617
Telles_isabely,b'@gbsouza_57 q chic',Brazil,1306732329768030210
mooduniiter_,"b'RT @itsnoahjurrea: I liked to draw this, I hope you like it ? ? #talentsfornoah https://t.co/o6YpDR9x5P'",Brazil,1306732327670816774
beelzebia,"b""four movies you're pretty sure to like more than anyome else you know https://t.co/sWI7npXA4d https://t.co/gk79gLsCMz""",Brazil,1306732327255584768
emmy600,b'RT @marialicecardo1: @TrumpWarRoom @realDonaldTrump They hate the middle class!!',Brazil,1306732324856438790
leileilin_,b'RT @padeliciouss: i love this game #AmongUs https://t.co/zf2vEw442r',Brazil,1306732305411497984
thiago_vianna7,b'@SheikAryson tmj criaaa ?',Brazil,1306732301074731010
lpofavorito33,b'@LILUZIVERT no cap',Brazil,1306732298231074818
StackianaGunz,b'RT @pxddro: I really paid my college debt with my Onlyfans money ?',Brazil,1306732298101022721
YuriPMachado,b'@yayacarreira Crl brabo',Brazil,1306732296012271621
euwhore,b'@jhonnynasc_ nem ouse.',Brazil,1306732291096543234
josidrew6,b'@biebernovidade TEAM BUZZTIN',Brazil,1306732271660142594
luiz_neon,"b'@AyyyKunYT You make me cry, why r your people so disgusting?'",Brazil,1306732263586099203
Anny_gm_,b'So.. before you Go...',Brazil,1306732260578787328
dellgazzz,b'@kaeneFN @mxyconn @MatrixxFps Done',Brazil,1306732251909107713
luizaromar,b'@rcunhasa Amazon prime',Brazil,1306732242392285184
blackjack75,b'@_chuckyc After upgrading my personal phone to iOS 14 I saw no widgets and no incentive to add them. I had to look? https://t.co/MO7uXIW1Mz',Brazil,1306732238013435907
vicstell,"b'I could buy you anything, but i cannot buy you'",Brazil,1306732235786276864
wallacepereirag,b'?? take your little vision  ??\n\n#tbt #trilha #nature #rj https://t.co/2pIph0kKIq',Brazil,1306732233013825536
Nan_Yelo,b'RT @padeliciouss: i love this game #AmongUs https://t.co/zf2vEw442r',Brazil,1306732229742260225
EstagiarioPyke,b'.      ????????    ?????\n??.???.???  ??.????????   ??.\n?.??      ??        ?   ??    .    ?\n?      Tio Rammus was n? https://t.co/e1nshlneOp',Brazil,1306732227724816386
oclv_,b'RT @brunoluuiz71: @oclv_ sorte ????',Brazil,1306732223756988423
folkholic,"b""RT @_autretemps: She's so crazzzzzzy! Love her!!! https://t.co/mjVosaTULn""",Brazil,1306732215628427270
renatoaraujoc,"b""@sage_droid I have tried it with my previous note 9, I couldn't adapt. I'm just not updating my rog phone II cuz of your app lol""",Brazil,1306732210184167424
JLrelikia,b'Flamen ???? https://t.co/pwU81O2jua',Brazil,1306732194283610114
CNivre,b'@le_bastile @Nicsafeoli ok justo',Brazil,1306732184078823424
altairkyeonu,"b'@KoeiTecmoUS Natsu, Lucy and Gray FTW!'",Brazil,1306732177766350848
21stShelter,b'@CosmonautMarcus Poor choice of words',Brazil,1306732175249813504
gbegoularte,b'RT @bibiabl: plin ? https://t.co/5VMbOXoLu4',Brazil,1306732171651166217
renatahugnim,b'...Talles...',Brazil,1306732170065608704
evesoares_2007,b'RT @Kn_Fxp7: Acabou #RESENHARDC',Brazil,1306732157738647552
Jikooknaa,b'@bybutterfIy @Univers_Bangtan @BTS_twt #TIMESURFISTAS THEWAVE @BTS_twt ee https://t.co/LiQLKfidPL',Brazil,1306732157637922826
ReiConsidera,b'@NoContextMach5 On the Brazilian dub they name drop Senna?s name',Brazil,1306732153246449665
Twiiitalo,b'@vinybertoli Chateadissima',Brazil,1306732144769880072
savethekittycat,b'height: 171 cm \nzodiac: ???\ntattoo: 2\ndrink: orange juice &amp; beer ? \ncolor: ??\nsong: warriors by AJ Michalka\n\nFeel f? https://t.co/4rJ0lr9Yns',Brazil,1306732143918317568
22Luanferreira1,b'@paztotal7 Tmj mano ??',Brazil,1306732143863828485
meci_gado,b'@astrolinsky @xande_cule @Hemilysfc KKKKKKKKKKKKKKKKKKK PITBULL',Brazil,1306732133927526401
lusouzzz,b'Caleb',Brazil,1306732127380176898
falaimare,b'@BiancaAndrade @universoluan_ saturno #PremiosMTVMiaw?? #MTVKaraokeAsas #MTVLIVEPRATUDOBIANCAANDRADE #MTVPETLUA',Brazil,1306732116080832517
_yu_yumi_,b'Aposentar do lol',Brazil,1306732112243036160
igormelo00,b'@evy_2510 @KAIO265_rj poliamor? hmmmm',Brazil,1306732109155926022
augustopmv,"b""@mvsmonteiro @opropriolavo I'm totally lost in this madness.""",Brazil,1306732106735923200
crvgjuuju,b'talles???????????',Brazil,1306732100096274442
CallArtimik,b'RT @pxddro: I really paid my college debt with my Onlyfans money ?',Brazil,1306732089761505280
samxbridgertons,b'@samsmith I am very proud of you. Love you very much?',Brazil,1306732087911776258
pilhoverman,"b""RT @vpougy: China has a programme to end poverty and integrate the poor into the economy. But it's the bad, scary kind of poverty reduction?""",Brazil,1306732083289694210
FranzEscritor,b'Just posted a photo https://t.co/6AXHLPtrn6',Brazil,1306732077942013953
LeticiaNax1,b'@rafakalimann_ RANU DAY \n\n#PremiosMTVMiaw???? #MTVClipaoAudiodeDesculpas #MTVIconeManu #MTVMemeNaoSintoVerdade',Brazil,1306732075819700224
Iethycia,"b""RT @_autretemps: She's so crazzzzzzy! Love her!!! https://t.co/mjVosaTULn""",Brazil,1306732074292989955
siforex2435,b'RT @padeliciouss: i love this game #AmongUs https://t.co/zf2vEw442r',Brazil,1306732063287136257
milumazini,"b""RT @_autretemps: She's so crazzzzzzy! Love her!!! https://t.co/mjVosaTULn""",Brazil,1306732062020382720
umataldfatinha,"b'@dudacunhac Ollllllllld amiga, old'",Brazil,1306732058472046592
_Doentemental_,b'@GabStudioRBLX Big F ;(((((',Brazil,1306732052046381056
Dybala1109,b'RT @pvt_ph7: To on p novas amizades snrs',Brazil,1306732049840173061
JessicaChaveees,b'@Trigueteee Tmj brabo ???',Brazil,1306732042168807429
DiegoCstroo,b'RT @xxxangely: Travis Scott x Stormi Webster https://t.co/41aYOHAPgB',Brazil,1306732039060815873
JorgeOliveira06,b'Burrice https://t.co/fUoANSprvL',Brazil,1306732036657418240
ig0redu18,b'RT @sadseaboy: @RDTLadyGaga @umusicbrasil TRAGAM A LADY GAGA @umusicbrasil! ??\n\nLADY GAGA ROCK IN RIO BR https://t.co/Z0xVp4kUqD',Brazil,1306732030605103105
RjSomalia,"b""RT @macmargolis: Skies mostly sooty with a chance of black rain: the weekend forecast for Brazil's biggest city, as Amazon fires burn 1000s?""",Brazil,1306732029590020099
DiegoCstroo,b'RT @xxxangely: The Weeknd x Bella Hadid https://t.co/LQLH66ERa4',Brazil,1306732028524720130
jose225_jose,"b""@SamIsItForJason @MariaARIS3 i doubt mc do anything about it he's just like his fans""",Brazil,1306732017921523715
livbility,"b""RT @_autretemps: She's so crazzzzzzy! Love her!!! https://t.co/mjVosaTULn""",Brazil,1306732014691905536
fa_gabby,"b""@NBCChicagoFire Truck 81, call Casey's banana, grab him by the ear, go into his office, open the desk drawer and as? https://t.co/qR8Ta7NiIo""",Brazil,1306731995305832454
cczpires,"b'@FionnOnFire The best version of legends never die is this one, period.\n\nhttps://t.co/0xggRw6oUA'",Brazil,1306731991732281345
guerrawmichele,"b""it's official shannon BEVERIDGE hates me https://t.co/k6QUZg62sR""",Brazil,1306731986883616768
MayconTM,b'I lived my days just for the nights\nI lost myself under the lights ?',Brazil,1306731983633084418
DiegoCstroo,b'RT @xxxangely: Jaden Smith https://t.co/47djXDp0Sp',Brazil,1306731979501694976
Lopes_Patriota,b'RT @MarcuseJe: ??CONSERVID-19 #9\n@juninholopes201\n@VilmaThomasCos1\n@MubarakLuiza\n@thaisa07071973\n@JaqueSantosRio\n@Su_f_38\n@monirjbc\n@TutuBa?',Brazil,1306731978176245760
sahviolin,b'@samsmith OH MY GOD IM READY',Brazil,1306731974414020612
lalapereirao,"b""#Affinitweet Valentine\nThis year you're mine ju_couto5! ??\nAnd you, whom will be yours?\nvia https://t.co/xrawMwrFQZ https://t.co/sse9fX9fNY""",Brazil,1306732522768936960
GaR172,"b""@jasonschreier Really, Jason? You actually believe it's coming out in early 2022?? I think it's gonna rival Elder S? https://t.co/VReTozW4s3""",Brazil,1306732521066041351
Miltonneves,b'RT @beagalo: @Miltonneves Cafu\nThe one and only \n????????????',Brazil,1306732487184445441
bruh_q,"b'""The crown is a chick show"" https://t.co/yXvW41yVNO'",Brazil,1306732469450936327
theusmav,b'eu do nada: blackpink in your area https://t.co/IYaoYdpJew',Brazil,1306732463218143232
MafiadaCL,b'Corre!! https://t.co/gMbeFJLL4l',Brazil,1306732410063777800
pedruok,b'@mendes_zx @netenho1 top1 em... xp? crackdown reinava',Brazil,1306732379445383168
claramatass,b'@Resendxx_19 lindoo',Brazil,1306732346322956289
bernardosf14,b'Helton some do nada',Brazil,1306732340367036420
victor_andreey,b'@evanggelistaa aham',Brazil,1306732288470810626
n_mmdd,b'RT @belzebee_: c u l8r sk8r https://t.co/CkLYBwr7jO',Brazil,1306732277087399936
Carlos26419096,b'RT @GiovannaZamper: @JATPBR A nos amamos eles tbm \n\nWATCH JULIE AND THE PHANTOMS',Brazil,1306732256355069952
littleguilh,b'RT @carol_dias_87: @RDTLadyGaga @umusicbrasil LADY GAGA ROCK IN RIO BR \n\n@umusicbrasil \n#911iscoming',Brazil,1306732252651552768
duddavieiraa,b'@AnaSampts oc ne',Brazil,1306732250533425157
enzaoenzao,b'@porramede marombeira',Brazil,1306732186431893504
maluudix,"b""RT @ana_zxy6: i'm addicted? https://t.co/J8glGxBlY2""",Brazil,1306732170799652865
Dum_0376,b'@cifraclub Come as you are',Brazil,1306732161664417792
fuckbangerzx,b'@PopZonebr mg4 is coming!!',Brazil,1306732155817660418
Brazilhope94,b'@Univers_Bangtan @BTS_twt Bora time ? #TIMESURFISTAS THEWAVE @BTS_twt https://t.co/YAyhhY0RQF',Brazil,1306732152021712897
1_ucs,b'a lady gaga https://t.co/WXe7vhOh06',Brazil,1306732140562976769
fefelll,"b""morta que i'm ready virou bonus kkk https://t.co/bWFd2eHsqA""",Brazil,1306732106576531456
amandaquela,b'@Estercp justo',Brazil,1306732056861380608
jlizziee,b'@BiancaAndrade @universoluan_ Doze #PremiosMTVMiaw #MTVKaraokeAsas #MTVLIVEPRATUDOBIANCAANDRADE #MTVPETLUA',Brazil,1306732027299930112
Boydiscafim,"b'@Catinguento_Rj Top, top'",Brazil,1306731994940878851
jlizziee,b'@BiancaAndrade @universoluan_ Nove #PremiosMTVMiaw #MTVKaraokeAsas #MTVLIVEPRATUDOBIANCAANDRADE #MTVPETLUA',Brazil,1306731971045883905
BrunnaMello02,"b'Vendo a melhor ""GREY\'S ANATOMY"" ?'",Brazil,1306731970722959368
Carlos26419096,b'RT @GiovannaZamper: @proudselena_br @JATPBR @CharlieGAccess Eu to surtando muito  aaaaaaaaa\n\nWATCH JULIE AND THE PHANTOMS',Brazil,1306731933645365254
martinszuda,b'@Maycola2503 conhece american beauty/ american psycho?',Brazil,1306731924237488128
The_guy_on_faia,b'Tomorrow is the indipwndwnce of this country!!! a.k.a. where i was born!!!!',Brazil,1306731893543653377
caivxx,b'RT @dudarsp__: sunshine? https://t.co/RzQeZlCvdd',Brazil,1306731837734100993
mathemur,"b""he said baby girl he's playing you""",Brazil,1306731810488016896
YSHONR,b'humilde https://t.co/PcnQV5ozVF',Brazil,1306731797242433537
jlizziee,b'@BiancaAndrade @universoluan_ dois #PremiosMTVMiaw #MTVKaraokeAsas #MTVLIVEPRATUDOBIANCAANDRADE #MTVPETLUA',Brazil,1306731792460902402
GiovannaZamper,b'@proudselena_br @JATPBR @CharlieGAccess Eu to surtando muito  aaaaaaaaa\n\nWATCH JULIE AND THE PHANTOMS',Brazil,1306731781027237896
jlizziee,b'@BiancaAndrade @universoluan_ dois',Brazil,1306731770667302912
RED_TC9,"b'@cannedluigi In fact, it is I who should thank you. Your talent made my dark night shine a bit :)'",Brazil,1306731757602041858
mathemur,b'my daddy warned me about men like you',Brazil,1306731704296538112
rodrigomolinsky,"b'@insomniacgames Hi! Do owners of ""Marvel\'s Spider-Man GOTY Edition"" for PS4 have to buy the PS5 upgrade?\n\nThe $20 P? https://t.co/ODyi9vw1o3'",Brazil,1306731678606426112
vichrodrigues,b'mamamoo - hip (music bank comeback) https://t.co/e7syvEGnBi',Brazil,1306731670876422144
martinszuda,b'@girlslikegirlsa narrated for you bobona',Brazil,1306731663741849602
GiovannaZamper,b'@JATPBR A nos amamos eles tbm \n\nWATCH JULIE AND THE PHANTOMS',Brazil,1306731651628781570
Brazilhope94,b'@bybutterfIy @BTS_twt Bora time ? #TIMESURFISTAS THEWAVE @BTS_twt',Brazil,1306731642808082432
TavaresLuca,b'@sophialeitee_ Hunter x Hunter',Brazil,1306731625938587653
that_fsilva,b'RT @emilymatoss_: It?s Britney Bitch! https://t.co/Zc13EMiBf7',Brazil,1306731575061733376
otrajanogustavo,b'picles https://t.co/XcumcnxHCj',Brazil,1306731560369037322
bicarpoquaresma,b'@KhollowBlac @ILoveAbacaxis ownt',Brazil,1306731557328224257
tayronemc,b'@MiiPacheco HAPPY BIRTHDAY MILENANEY! Saudadesss https://t.co/H9fudUGicE',Brazil,1306731534397984772
oldshoker,"b'""there is no hope of victory. we will bury your brothers. we will hunt your sons. death is no desgrace.""'",Brazil,1306731520162443266
larissatalmaa,b'RT @dudarsp__: sunshine? https://t.co/RzQeZlCvdd',Brazil,1306731461106700290
The_guy_on_faia,b'GO CHILEEEEEEEE https://t.co/PrBl0NYz8Y',Brazil,1306731445306748929
kazazzie,b'@jkarfman old que ;;;',Brazil,1306731342110117888
demoniza_redes,b'fuck bechamel all my homies hate bechamel',Brazil,1306731322925350920
EliasGaldino2,"b'@Jacenorman Do you know what I think, Jace?\ntechnology has transformed most people, they are very distant from each? https://t.co/TPKEahgmhq'",Brazil,1306731310942228485
Vitin25532495,b'@detailswithane Reallll',Brazil,1306731299454021635
biiascosta,b'@isabellamorei @thiagohenriqusl Oh gloria jkkkkkk',Brazil,1306731270400024580
guiramosduarte,"b""@adl_dk47 MC Donald's?""",Brazil,1306731242356908039
WexzLaurence,b'@ratoborrachudo Stonks',Brazil,1306731218763952128
sanches___,b'With Heart as One\nMELHOR CD DO HU https://t.co/gInHYRIgnN',Brazil,1306731216515854336
jekkavd,b'@gustaamacedo MORRI JKKKJKKKKKKK',Brazil,1306731134148055040
Silviosal,b'RT @Darky_Vulpix: My espy pretty gal Yuuki using her charm on you\n\nGift from @the_K9_team  Thank you so much  for getting this pic for me c?',Brazil,1306730962617880576
pedrokafps,b'@leandroluz36 @galaxyftn @MaxDll_ @manetiph @Drefps_ @ApkJamys @D_Lowu @zFxxzz @bxrceloNz dmss',Brazil,1306730959014944772
sarahreis04,b'geovana me inspirou a rever hp https://t.co/z7wgt8NR7i',Brazil,1306730914882424832
britishjmorgan,b'RT @chrys_20rs: Carolina: a\nA novela: YOU?RE BROKEN DOWN AND TIRED\n#TotalmenteDemais',Brazil,1306730865188376576
swishmarcelo,b'@perruxu of course',Brazil,1306730824864354305
qila_____,b'@aneamrf Assiste Jane ou baby',Brazil,1306730749266194433
AvaBrazilian,b'@PedroFM04 brabo',Brazil,1306730736205037569
alexgreis,b'Celebrities boycott Facebook. About time! https://t.co/7zWpVZM0GP',Brazil,1306730735865397250
maluuguerra,b'RT @babi: Dark (2017)',Brazil,1306730703695106048
karenpaolah,b'@_dftaino Six seasons and a movieeee https://t.co/yaMdQwYY34',Brazil,1306730679879827457
toricelle,b'@cahbuzelim Spotify',Brazil,1306730642265210880
carol_dias_87,b'@RDTLadyGaga @umusicbrasil LADY GAGA ROCK IN RIO BR \n\n@umusicbrasil \n#911iscoming',Brazil,1306730599982534661
T14G0CH4C0N,b'RT @letras: I said: can I take you home with me?\nshe said: never in your wildest dreams',Brazil,1306730545783635968
Resendxx_19,b'RT @isalaureanoo: @Resendxx_19 Lindoo??',Brazil,1306730528259936261
ZemaVieira,b'@ninja_padrino I thought Osaka was welcoming. And then I arrived in Kanazawa and people literally stopped to cheer? https://t.co/D40seA4WWB',Brazil,1306730519539916800
Mi_pagliosa,b'@joaoo_lucca KKKKKKKK a m e m',Brazil,1306730482957258753
_rutherford__,b'@bruwinx obvio',Brazil,1306730472924418048
dudafavarine,"b""RT @ana_zxy6: i'm addicted? https://t.co/J8glGxBlY2""",Brazil,1306730423326846977
malualc_,b'@bernardoxavierr pretin be',Brazil,1306730398995673090
bruninhaa116,b'@HotOreia picles',Brazil,1306730382214279169
_vitorias13,b'@ferreiraamariia @marialuizzalves fazz kkkjn',Brazil,1306730367911694343
Brazilhope94,b'@jungquerotti @BTS_twt #TIMESURFISTAS THEWAVE @BTS_twt inverno',Brazil,1306730366418513926
n3ondemon,"b""watching a class about Joker and it's awesome!""",Brazil,1306730289574666243
Brazilhope94,b'@jungquerotti @BTS_twt #TIMESURFISTAS THEWAVE @BTS_twt coelho',Brazil,1306730260466151424
Brazilhope94,b'@jungquerotti @BTS_twt #TIMESURFISTAS THEWAVE @BTS_twt melancia',Brazil,1306730210486820864
ImmortalBrandel,"b'RT @EvilHazardBR: Resident Evil Village - Screenshots do novo trailer (Story Trailer), acompanhe a thread! #REBHFun #ResidentEvil #REVillag?'",Brazil,1306730209543180291
LuisStr29,b'@DePezons kkkkkkkkkkkkk cruel',Brazil,1306730205311049728
brekkkj,b'@HotOreia picles obvio',Brazil,1306730180464046081
Brazilhope94,b'@jungquerotti @BTS_twt #TIMESURFISTAS THEWAVE @BTS_twt 25/05',Brazil,1306730156980133890
_diferr,b'@bresnos ARRASOU',Brazil,1306730147492618241
_hasanass,b'@HotOreia Picles',Brazil,1306730082032119813
LandauYu,"b'""Anytiiiime, anywhere, in a cooorner of your miiind\'s eye!""'",Brazil,1306730065057677312
Brazilhope94,b'@jungquerotti @BTS_twt #TIMESURFISTAS THEWAVE @BTS_twt amarelo',Brazil,1306730053947076613
MissCruny,b'I just unlocked a new badge! #tvtime https://t.co/v8DIIJElVm https://t.co/bVNzCIYImO',Brazil,1306730041573806080
gustavo_ocosta,b'LADY GAGA ROCK IN RIO BR\n@umusicbrasil @RDTLadyGaga #911iscoming https://t.co/E8RNdw2lpJ',Brazil,1306729964377649157
Gabriel16763590,b'@piantalol Maybe talon',Brazil,1306729938008125441
carolmarinhu,"b""Right now, I'm in a state of mind\nI wanna be in, like, all the time\nAin't got no tears left to cry ???""",Brazil,1306729846022844417
paularrochaa,b'you?re the only one who makes me\nevery time we\n(i?ll tell you what i like)',Brazil,1306729815827939328
aniinhasilva__,"b""RT @ana_zxy6: i'm addicted? https://t.co/J8glGxBlY2""",Brazil,1306729680461066240
ari_vilela,"b'The K. Lisa Yang and Hock E. Tan Center for Molecular Therapeutics in Neuroscience, a new research center at the Mc? https://t.co/61bta92e47'",Brazil,1306729666561089542
gabi_castru,b'Thales*',Brazil,1306729504530927620
ayefries,b'@moonforeternity @TechHighest mine is some random one from 2016 its highpickle123 or some shit like that',Brazil,1306732469790674945
adobolodaisa,b'@iasnunesp Acho chic usar chic afu',Brazil,1306732423472971777
__zonum,b'oh brother https://t.co/m9QhTK3DHT',Brazil,1306732294963703809
kotturstjarna,"b'@tithe_to_hell he just. spends the whole time doodling galo in his booty shorts, thinking abt galo, obsessing abt g? https://t.co/XJha3lOjwd'",Brazil,1306732271597244423
jukacrasoves,"b""I wanted new places and fabrics for the scenaries, buy materials, ask friends for help with pics... but yeah, it's? https://t.co/5dVxi09KHt""",Brazil,1306732206073753604
ayefries,"b'@AllesHQ the 30% cut? been standard for years they gotta make money somehow\nit?s your preference which os you use,? https://t.co/TBt0qnCW47'",Brazil,1306732138021220358
pedro_florexxx,b'@_gabschleder Always',Brazil,1306732086271840257
vulgoBATIISTA,b'RT @mano_silveiraas: KKKKKKKKKKKKKKKKKKKKKKKKKKKKKKKKKKKKKKKKKKKK SCRR',Brazil,1306732065086468101
Montreal_AI,b'RT @luislamb: Neural-Symbolic Relational Reasoning on GraphModels: Effective Link Inference and Computation from Knowledge Bases: to appear?',Brazil,1306731969615667206
listenbee4igo,"b'@monaa_du1 ios 14, you can screenshot by double tapping on the back of your phone, like where the apple sign is. Bu? https://t.co/qJXHbXBXi5'",Brazil,1306731937462194181
dancingquinni,b'@peppywasadiver o clifford ta diferente',Brazil,1306731930772221952
jungquerotti,b'@Univers_Bangtan @BTS_twt #TIMESURFISTAS THEWAVE + @BTS_twt https://t.co/PBJfHnfz6x',Brazil,1306731929069391874
Trafford1958Old,b'RT @EricsonBlum: Young Main Protagonist from Final Fantasy XVI :D\n\n#FinalFantasyXVI #FFXVI #PS5 #PlayStation5 #???????????16 https://t.co/r?',Brazil,1306731928603721733
Dae_Altmann,b'.      ????????    ?????\n??.???.???  ??.????????   ??.\n ?.??      ??        ?   ??    .    ?\n ?             T.Neves? https://t.co/tBBB7298Xo',Brazil,1306731918759731205
Central1903,b'@Jael_Gol Monstro ?? https://t.co/qwpyXZbElB',Brazil,1306731901714141184
shivastrife7,b'RT @EricsonBlum: Young Main Protagonist from Final Fantasy XVI :D\n\n#FinalFantasyXVI #FFXVI #PS5 #PlayStation5 #???????????16 https://t.co/r?',Brazil,1306731848219987970
jamileh_braga,b'@_meloanne pronto madame',Brazil,1306731844847665152
Jvcantoo,b'@borgeslaiss onde',Brazil,1306731805169659906
iiivkica,b'@kaayayayaya jeste draga',Brazil,1306731786588901387
jhonycualquiera,b'RT @EricsonBlum: Young Main Protagonist from Final Fantasy XVI :D\n\n#FinalFantasyXVI #FFXVI #PS5 #PlayStation5 #???????????16 https://t.co/r?',Brazil,1306731786005884928
Allantricampeao,b'@gabbzamin Foxsports',Brazil,1306731749154729985
r_gennaro,"b'RT @bombrilfeng: TEKKEN?7 NinaTech traps &amp; Setups vol. 2\n\nhttps://t.co/AGgKQpvX84\n\nIdeas for Traps, Mind Game, Okizeme and more! Please lea?'",Brazil,1306731687527804929
r_rd32992274,"b'@KimKardashian Dark, white and cream. And that is it. ?'",Brazil,1306731654346571781
SennaYas,b'sair com a rafa https://t.co/BQdgzF1p9m',Brazil,1306731647233130496
ashenrefrain,"b""You're always a good girl #PhiAo https://t.co/ZTebrNqWqR""",Brazil,1306731626618064896
kotturstjarna,"b'@tithe_to_hell i like the idea of his therapist being thyma, tho. her therapist is heris tho.'",Brazil,1306731576307453952
ayefries,b'@NFwench there?s no ads on iOS or macOS except the app stores (not personalized) and there?s ?ads? in start (just l? https://t.co/onsPIu7k3g',Brazil,1306731567113437185
pedrojaqen,"b""let's cook""",Brazil,1306731517096452096
ericarrache,"b'@agentbizzle PCs are made for CS:GO, Brian. Everything else is right, tough'",Brazil,1306731485651775490
Juaan_Marques,b'juaninterx ou JMarques?',Brazil,1306731460863438849
rodsthepeople,b'RT @EricsonBlum: Young Main Protagonist from Final Fantasy XVI :D\n\n#FinalFantasyXVI #FFXVI #PS5 #PlayStation5 #???????????16 https://t.co/r?',Brazil,1306731450360881153
guilherme_ely,b'@The_SummerMan i did rewatch s1&amp;2 last month. now I?m watching the third one for the first time. it?s been a real g? https://t.co/O7Qh65OfDw',Brazil,1306731444824309760
suprnatrldaniel,b'RT @EricsonBlum: Young Main Protagonist from Final Fantasy XVI :D\n\n#FinalFantasyXVI #FFXVI #PS5 #PlayStation5 #???????????16 https://t.co/r?',Brazil,1306731404063993858
adiosnatty,"b""And I'll rise up\nI'll rise like the day, I'll rise up\nI'll rise unafraid, I'll rise up\nAnd I'll do it a thousand times again\nFor you""",Brazil,1306731385181401090
ufrgsnoticias,b'@_magnogabriela Qual a sua COMGRAD?',Brazil,1306731358690127872
bawlrawr,"b'Comprei o audiobook por 59,99 no Google play. Katie McGrath made me do It. https://t.co/yTzJFEvqUq'",Brazil,1306731355225624576
CSW_Bryan,b'@RobsonXps @Nerdbunker Fica safe.',Brazil,1306731346128179202
du_barbosaa15,b'@tatsch_felipe aulass??',Brazil,1306731317179158528
kotturstjarna,b'@tithe_to_hell their friends just cry in sheer frustration at the idiot controlling asshole and idiot masochist dum? https://t.co/0DkJN95vqw',Brazil,1306731296987779074
henrique_bfcl,b'@waterlily_04 Blue Exorcist',Brazil,1306731227366535168
taehysaf,b'@bybutterfIy @BTS_twt #timemotoqueiro therock @BTS_twt https://t.co/XilUwynsWl',Brazil,1306731206168457216
spacemiIIy,b'ou da _milkshakspeare',Brazil,1306731098852986881
seacide_,b'@luismiguels_b v i d e o',Brazil,1306731015252127744
caue_pablo,b'@Astronomiaum Fome',Brazil,1306730971182571522
pedro_ribgol1,b'Crackee ?? https://t.co/npphlggDY4',Brazil,1306730870842298368
Paim_76,b'@Yurii_03 Tmj Irmao ?',Brazil,1306730799753031681
fioreze2004,b'@xpinvestimentos fake news',Brazil,1306730767062650881
wendellfp,b'@felipecech Idem.',Brazil,1306730750058917894
GWilsonB2,b'RT @ericarrache: Ouch https://t.co/6gK1DclrQX',Brazil,1306730683830874112
juamkkkk,"b'RT @qeutglck: ZZZTREVOR - ""PILL"" feat. CaLe ? https://t.co/titkmv98lz'",Brazil,1306730658404986880
justicijaa,"b""In my imagination, you're waiting lying on your side\nWith your hands between your thighs""",Brazil,1306730591891730432
allyegra,"b""@cuppypotato @capsulebutt Yes! That's the name!""",Brazil,1306730447297282048
kotturstjarna,"b""@tithe_to_hell lio, in the recesses of his head bc he doesn't need to add 'repeat offender' to his criminal record:? https://t.co/4XdX8i61yP""",Brazil,1306730431774064646
samomariija,b'RT @napustilokal: noo matter whaat i dooo all i think about is youu even when i?m with my boo boy you know i?m crazy over youu',Brazil,1306730320406945792
zchyrt,b'RT @bringmebliss: @gagadaily When 911 was confirmed as single #911iscoming https://t.co/bQRsAC4OEA',Brazil,1306730291503874048
denicol_,b'RT @jolusca4: @denicol_ demais cpxx?',Brazil,1306730235757551618
elococapi,b'@rmedeirosrenata Oba box',Brazil,1306730190186467328
isrnx,b'@charli_xcx yesssss plssssss ??',Brazil,1306730143466086412
DahrkPhoenix,b'RT @EricsonBlum: Young Main Protagonist from Final Fantasy XVI :D\n\n#FinalFantasyXVI #FFXVI #PS5 #PlayStation5 #???????????16 https://t.co/r?',Brazil,1306730104677109760
Babebitchww,b'@FLOWERKAISOO Atentah',Brazil,1306730021046964224
mano_silveiraas,b'KKKKKKKKKKKKKKKKKKKKKKKKKKKKKKKKKKKKKKKKKKKK SCRR https://t.co/jvkYNKPZ9R',Brazil,1306730015585980427
sampaio19091,b'@xandefnmorais YES YES YES! ???????',Brazil,1306729971084414983
GemiwiOwl,b'RT @EricsonBlum: Young Main Protagonist from Final Fantasy XVI :D\n\n#FinalFantasyXVI #FFXVI #PS5 #PlayStation5 #???????????16 https://t.co/r?',Brazil,1306729812887822341
umar_f94,b'RT @EricsonBlum: Young Main Protagonist from Final Fantasy XVI :D\n\n#FinalFantasyXVI #FFXVI #PS5 #PlayStation5 #???????????16 https://t.co/r?',Brazil,1306729788703465472
napustilokal,b'noo matter whaat i dooo all i think about is youu even when i?m with my boo boy you know i?m crazy over youu',Brazil,1306729787059245056
onurb_st,b'@anapmgff vai ser metade synthwave a playlist',Brazil,1306729779404705792
liliancmacedo,b'Blablubleblecalaboca',Brazil,1306729773813641216
diuly__,b'@beasns impossible',Brazil,1306729722206916609
ivintata,b'Remember rights that I did wrong...\n\nhttps://t.co/aFzk0WOB9e',Brazil,1306729704880320514
MonSanthiagoxxx,b'@ManyVids How long can you hold this position by Monicasanthiagoxxx @manyvids https://t.co/dcXvziyJD1',Brazil,1306729700568576001
_carvalhocris_,b'@Jael_Gol Grande!',Brazil,1306729698039300097
gamingcreatorsn,"b""RT @DrealDManOfc: 45 followers on Twitter, 6 on #TwitchTV!\nIt's been a truly wonderful beginning.\nThank you all!\nhttps://t.co/Y0qOwDnzxT\n\n#?""",Brazil,1306729659430825984
ericarrache,b'Princesa gamer https://t.co/lzOCumsld1',Brazil,1306729633212059648
reinheart13,b'RT @EricsonBlum: Young Main Protagonist from Final Fantasy XVI :D\n\n#FinalFantasyXVI #FFXVI #PS5 #PlayStation5 #???????????16 https://t.co/r?',Brazil,1306729417800970242
alanouala,b'esperando o just a touch of rose virar meme',Brazil,1306729358992838656
observatorioCPU,b'Quack https://t.co/WsSWjtAT65',Brazil,1306729337757073408
kotturstjarna,b'@tithe_to_hell it being 3 years later just means lio needs to get his GED bc he never got to graduate bc he was ~ar? https://t.co/LNSU4w6lva',Brazil,1306729282681606145
daaguax,b'FICOU HOPRRIVELLLLLL https://t.co/iC4BYU6Qc5 https://t.co/vmDM54afCp',Brazil,1306729260049141761
popovica3,b'@juego_con_fuego STO VELIS TO',Brazil,1306729181422653440
Trusz_,b'@xetdolol @MatheusRossoni2 eu no lol',Brazil,1306729169552838656
milenapauli,b'@audinovilao Foucault!!',Brazil,1306729091475922945
ixsayx,b'@favero_31 lindoo',Brazil,1306728937540775936
SeuOurives,b'@SoccerGremio Obvio',Brazil,1306728858729799685
HeyBrennus,b'RT @EricsonBlum: Young Main Protagonist from Final Fantasy XVI :D\n\n#FinalFantasyXVI #FFXVI #PS5 #PlayStation5 #???????????16 https://t.co/r?',Brazil,1306728811640348675
guiiSOS,b'RT @Vai_La_Vic: Katy Perry - Bon Apettit',Brazil,1306728785878941699
shade_62,b'RT @EricsonBlum: Young Main Protagonist from Final Fantasy XVI :D\n\n#FinalFantasyXVI #FFXVI #PS5 #PlayStation5 #???????????16 https://t.co/r?',Brazil,1306728768141103104
agentstitches,b'RT @EricsonBlum: Young Main Protagonist from Final Fantasy XVI :D\n\n#FinalFantasyXVI #FFXVI #PS5 #PlayStation5 #???????????16 https://t.co/r?',Brazil,1306728708141613058
rafaelarauppp,b'@brnacaron jesus ????????',Brazil,1306728696397598720
Douglas13665843,b'@rinasawayama Queens ?????',Brazil,1306728695785234433
jaquerhoden,"b""cause you're gonna watch this flower grow right through the cracks""",Brazil,1306728624087801859
kotturstjarna,"b""@tithe_to_hell lucia: I'M BABYPROOFING UR INTERNET, U HUGE BABY\ngalo: i just wanted a second opinion\naina: UR THERA? https://t.co/9UEoLAatLQ""",Brazil,1306728577044566016
ViniBadGuy,b'RT @EricsonBlum: Young Main Protagonist from Final Fantasy XVI :D\n\n#FinalFantasyXVI #FFXVI #PS5 #PlayStation5 #???????????16 https://t.co/r?',Brazil,1306728556945461250
ShouBestGirl,b'It time https://t.co/JwsERl4K1s',Brazil,1306728488754438152
_AkaRich,b'@kardeck_lipe8 braboo',Brazil,1306728472212111361
jovemtrevor,"b'RT @qeutglck: ZZZTREVOR - ""PILL"" feat. CaLe ? https://t.co/titkmv98lz'",Brazil,1306728441350250497
_jdevess,b'@L1maaao never',Brazil,1306728365001445380
felipe2k20,"b'@LegendOfWinning He was the best player in a team that made the finals. PG could never, and I mean, NEVER.'",Brazil,1306728347058278400
MarcioVentura20,"b""Buena Vista Social Club 'Chan Chan' at Carnegie Hall https://t.co/ZZp6pVNYfC via @YouTube""",Brazil,1306728335427461120
acciolink,"b""One more time, I'm all alone again""",Brazil,1306728300392386562
Kuyata_Rex,b'RT @EricsonBlum: Young Main Protagonist from Final Fantasy XVI :D\n\n#FinalFantasyXVI #FFXVI #PS5 #PlayStation5 #???????????16 https://t.co/r?',Brazil,1306728263268564993
ramsharmaa,b'@ncsukumar1 @LevinaNeythiri @harshasherni Was executed not a suicide',Brazil,1306732500203401217
realTrumpSquad,"b""RT @waguinnnn: in this 2020 election do as in Brazil's banana for left and corrupt politicians who use state money @realTrumpSquad @DamCL3""",Brazil,1306732461293031427
flowerg0y,b'@tiagorsirreal Norman Fucking Rockwell https://t.co/doXv3aT7NJ',Brazil,1306732414321000458
heloreiss,b'I?m dancing without you',Brazil,1306732365574737921
frnnds22,b'@duardaakk passo longe',Brazil,1306732354883461120
xandswag_,b'Bolado feat triste',Brazil,1306732177279901697
chaeng_zo,b'RT @anareisll: look SO good yeah look SO SWEET https://t.co/bQ0reogJt4',Brazil,1306732165745573888
hosisora315,b'RT @Antonio88404992: @ElisaElisa110 @Sun_Flower119 @ai0912good7 @503YJevpKwN9nfY @OONs5QYe7Vbe8Hp @nami_3535 @ereditsh @ersu1880 @MikiMiyaz?',Brazil,1306732144664821760
oitomaz,b'@Vito0rJ Dois',Brazil,1306732131624910849
Bear_TheKuma,b'Baby Chiaki is too fucking precious https://t.co/g3FcdPqb35',Brazil,1306732034266509313
leticiaasp__,b'@carvs_ze @lucas_vsantos me chamem?',Brazil,1306732006982791170
AtirePaz,b'RT @anareisll: look SO good yeah look SO SWEET https://t.co/bQ0reogJt4',Brazil,1306731913659453440
__RealBrazil,b'A lot of y?all take shit too personal... tender den a bitch ?',Brazil,1306731843413311491
Thiago_Gomes0,b'@joaozinho3498 Facebook man',Brazil,1306731834466799617
otirualo,b'@ladygaga em Bird Box parte 2 https://t.co/Mg6gA4dcVX',Brazil,1306731824803184645
redandbeck,"b'My neck, my back\nLick my pussy and my crack\nMy neck, my back\nLick my pussy and my crack\nhttps://t.co/FVef9cNhXv'",Brazil,1306731815776944128
jedson013,b'RT @SindPFA: Em instantes! Use a hashtag #ReformaFake. (Cc @FrenteServicoP; @Fonacate) https://t.co/3LfQgJjecj',Brazil,1306731783258546176
taniammoliveira,b'Ouse me cancelar https://t.co/GNCMryhbXU',Brazil,1306731710919454722
izahtrindad,b'@mdudarcha Moss kkkkkkkkkkkkk',Brazil,1306731700047826944
malucrvg_,b'.      ????????    ?????\n??.???.???  ??.????????   ??.\n ?.??      ??        ?   ??    .    ?\n ?             Bastos? https://t.co/BwhnhGrNTH',Brazil,1306731677759295488
Bear_TheKuma,"b'Good lord my brain is too horny. First thing I thought of was ""Oh yeah he\'ll change your brake pads alright"" https://t.co/d4BRBXnXx5'",Brazil,1306731619118579712
geo_emanuele,b'@cardosoryan0 @LateraIUendel @AlineSamira7 xerecard',Brazil,1306731610663014400
carvalhojubsss_,b'@carneirojuliaa1 to cntg!!!! ???',Brazil,1306731592736530432
opala_marrom,b'Monstro #opala https://t.co/GgNqdsDPZN',Brazil,1306731579016970243
sccpkaleb,b'RT @Pierref169: @sccpkaleb Lindoo',Brazil,1306731573501407232
SilviaNeri_PT,"b'Individuals with #sarcopenia had lower #BMD and a higher risk of #osteoporosis, whereas the opposite was not as fre? https://t.co/FdA2kdMc8f'",Brazil,1306731556715868160
analuiza_sm,b'@juudsw Note 10',Brazil,1306731502785515527
sm1998smtt,b'@olaxhello @sorteioscp Spotify aaaa https://t.co/h8N5iN3KaI',Brazil,1306731498045833218
maatt,b'@Iuzdaaurora Douu',Brazil,1306731484842258432
__RealBrazil,b'I be trying so hard not to be all niggish ???',Brazil,1306731455847051265
dokasi__,b'o baby hair &gt;&gt;',Brazil,1306731435760418820
Matheuziinho,b'@Ezequielr00 brabo',Brazil,1306731401467834368
SonoGama,b'Trending Topic on Twitter!!!?\nGama em alta!\n.\n.\n#sonogama\n#Gamadf\n#gama\n#twitter \n#trendingtopic https://t.co/jAh5skA48C',Brazil,1306731381427404800
__RealBrazil,"b'I be asking God why he make me so gangster , why couldn?t I just be a girly girl ????'",Brazil,1306731354739085312
waguinnnn,"b""in this 2020 election do as in Brazil's banana for left and corrupt politicians who use state money @realTrumpSquad? https://t.co/C5Iy1ByaIU""",Brazil,1306731336309370880
richardamvra2,b'@agnevski @juarsantos talon bro',Brazil,1306731313584537600
PauloBryner,b'RT @maahpersotti: to dboa !',Brazil,1306731198484566016
Yago_orops,b'@__jesseptnt Brabo',Brazil,1306731184710455297
dseixas,b'@claudierla Aria Montgomery \nRory Gilmore',Brazil,1306731176812597248
jneto222,b'monstro https://t.co/UKmREbwGIy',Brazil,1306731146907185152
Mariesomente,b'Good night! \n@BTS_twt https://t.co/FNdVs2VoDF',Brazil,1306731134747848704
NoCeuTemPao,b'@vgabssss Monster',Brazil,1306731129542762496
jdsmcc,b'@luis_jacon Surreal',Brazil,1306731092284764162
Riudinha,b'@SkipAE Skip house :V',Brazil,1306731054779248640
deusonna,b'RT @kaxmila: go thursday ? https://t.co/qu0X0pbn0g',Brazil,1306730985824935941
zinidmp,b'@gustmadu aries',Brazil,1306730977616683009
abiacalazanss,b'@BlakeGray SIMPPPP @helobratzz',Brazil,1306730954141171713
AndreEscobar106,b'Wiiiiiiithouth me',Brazil,1306730942271295488
an_tnio,b'@carolpfta qual sua steam?',Brazil,1306730892434472960
Barinde53343858,"b'RT @ramsharmaa: She was sent by her aakas in pak to instigate @NIA_India please see, this @ReallySwara aunty in perview of #DelhiRiots2020,?'",Brazil,1306730785446060032
KodaKazar,"b""RT @tomeioputo: @pcgamer I still don't understand how the devs can be so proud of having such a poor optimization for their game.""",Brazil,1306730691883937795
liebabiela,b'to suave hein ?',Brazil,1306730652222582784
celtips,b'@tos 94B7E5C0 :Battle ID\nI need backup!\nLvl 120 Avatar\nhttps://t.co/u4owDpfkbN',Brazil,1306730639635300354
thaymonts,b'@CarmenSandieho @mthsvicente @victoroliveira Exatamente! This ain?t twitter?s best friends timeline',Brazil,1306730625332805633
xande_cule,b'@thiagodistretti monstro',Brazil,1306730611684585472
VulgoGordao99,b'@AraujosVinicius Dmr kkkkkkk',Brazil,1306730513978269697
dursibeiro,b'@suellencsr _analise_',Brazil,1306730502615949319
loh_svv,b'@limadaniella_ Igual vc girlll???',Brazil,1306730500187455489
Antonio88404992,b'@ElisaElisa110 @Sun_Flower119 @ai0912good7 @503YJevpKwN9nfY @OONs5QYe7Vbe8Hp @nami_3535 @ereditsh @ersu1880? https://t.co/8kulZgmRqN',Brazil,1306730388090281985
Biaa__triz,b'Dark? https://t.co/4r4vsXnmk5',Brazil,1306730380041613313
luisscastro97,b'@luccaesmoreira 3x1 river',Brazil,1306730369740353538
kaxmila,b'RT @kaxmila: go thursday ? https://t.co/qu0X0pbn0g',Brazil,1306730294037413888
mateusabdalla,b'True Blood (I wanna do bad things with you) https://t.co/V9MlnsnrRD',Brazil,1306730232733409286
jujubsremenemer,b'@BarbLanna_ aff simm',Brazil,1306730197278916609
URSSA__,b'@deluzfeixe @vthunderfuck Inclusiva*',Brazil,1306730148385914880
kaxmila,b'Night cadelas',Brazil,1306730137103278083
kimberlytaluany,b'Dark? https://t.co/ySX96zOhIO',Brazil,1306730102693269510
odonaluiza,"b""I CAN'T WAITTTT https://t.co/xTLdKAVdIi""",Brazil,1306730073941303298
xixoxu_,"b""RT @oEltinho: After some success playing Allura in Tip the Scales Wild Murloc (thx @neon31HS), I've tried to port the list to Standard. It?""",Brazil,1306730039678046210
Fabiane36471198,b'@jhsun_ Ending Scene ? JungKook. https://t.co/E5NyO6xDMM',Brazil,1306729929384615942
_diegou,b'dark https://t.co/xjPGt5p0bv',Brazil,1306729853190901761
emmanuelkaled,b'@Astronomiaum Fome',Brazil,1306729800543985665
raninhaaaa,b'items i drop when u kill me https://t.co/nMcNgf0y07 https://t.co/0qg5Auvw0s',Brazil,1306729757002928129
luix_martinss,b'@YanDeLuka1 Yan Drumond de andrade-2020',Brazil,1306729742595510272
SilviaNeri_PT,b'Rectus femoris cross?sectional area is a predictor of muscle mass in #CKD patients. The cutoff values for detecting? https://t.co/KJE1owvdMq',Brazil,1306729674530271233
lgcxst,b'@brunelson0 among',Brazil,1306729652350787585
LilKidSaul,b'@Igormonthay1 O boateng tomando drible do Messi',Brazil,1306729631849029632
vanderlasers,"b""RT @oEltinho: After some success playing Allura in Tip the Scales Wild Murloc (thx @neon31HS), I've tried to port the list to Standard. It?""",Brazil,1306729615222804484
RichardLimaMor3,b'@ribeirojoli Ave Maria',Brazil,1306729572508069889
gaIldinow,b'@renansinho8 cell ta com 90',Brazil,1306729568292810752
partypoiso_n,"b'eu tenho uma obsess?o com o gerard cantando ""a drink for the horror that I\'m in, for the good guys, and the bad guys""'",Brazil,1306729495844577280
LettyOliverr,b'@JATPBR MDDSSS!!!\nWATCH JULIE AND THE PHANTOMS',Brazil,1306729351321395201
ToshToxic,b'RT @dudu_martinss: Miley indo de blackout para in the zone https://t.co/rPWS1HU2XX',Brazil,1306729324825976832
loselitow,b'Just went live! https://t.co/djpeWlac5i',Brazil,1306729233448869894
takemehms,"b'RT @rittner_daniel: Rodovia Transpantaneira, antes e depois dos inc?ndios. O mundo precisa ver isso.\n\nRoad crossing Pantanal, one of the wo?'",Brazil,1306729179728224256
Zaygh1,"b'RT @ChaoBingoBongo: Sometimes I think about asking other artists for tips or suggestions about how to find your own art style, maybe even w?'",Brazil,1306729168831492102
biaavi_,b'@1bru_ Hyperanhas originaaal',Brazil,1306729100636282880
mdm9daplug,"b'RT @flexinz_: Ninja Black ""DOWNTOWN"" EP - @lillpurrp \n(prod. Flexinz, marcelonobi) - @marcelonobi \n\nfeat\n\n@dardengo_01 \n@mdm9daplug\n@CEOCub?'",Brazil,1306729033124675585
alineamxrim,b'@samuk4_214 @isamedeiross_ souu',Brazil,1306729007120093185
jp_mazzei,b'RT @vishsports: ?It was all a Dream.? https://t.co/y9GWoUChox',Brazil,1306728989231206403
cadelinhaoctree,b'RT @anareisll: look SO good yeah look SO SWEET https://t.co/bQ0reogJt4',Brazil,1306728973431435264
LettyOliverr,b'@deitynosh @JATPBR WATCH JULIE AND THE PHANTOMS !',Brazil,1306728927839358978
oEltinho,"b""After some success playing Allura in Tip the Scales Wild Murloc (thx @neon31HS), I've tried to port the list to Sta? https://t.co/qdYIaLAGhu""",Brazil,1306728921644371968
Hypnos_art,b'@Glentgm @Pixel_Dailies this was wonderful! &lt;3',Brazil,1306728918209245184
vivianeeug,b'@jakeeexcx PERFECT ?????',Brazil,1306728914291748867
caroolrdg,b'@emilly68084244 puts EMILLY',Brazil,1306728894133932033
BlueEarrth,b'RT @Hypnos_art: The #giant siren head for the #pixel_dailies @Pixel_Dailies\n#vacaroxa #pixelart #sirenhead https://t.co/0CMBDF0fgM',Brazil,1306728824797900800
_Gabriellgm,b'Dark https://t.co/uIffy5LQM6',Brazil,1306728816216285186
LeandroML3,b'RT @SindPFA: Em instantes! Use a hashtag #ReformaFake. (Cc @FrenteServicoP; @Fonacate) https://t.co/3LfQgJjecj',Brazil,1306728810302316545
seiiixo,b'@gu1n3s Nops',Brazil,1306728805982183425
