user,text,country,id
Landadu1,"b'That Vergil announcement sure was a surprise, but a good one. It?s somewhat strange to see special edition without? https://t.co/r3ueOalpQL'",Belarus,1306513863731548165
VytasNeviera,b'Including #Lithuania. https://t.co/v6qp5q3F0y',Belarus,1306351632607838208
nanocentaur,b'Do you remember when you joined Twitter? I do! #MyTwitterAnniversary https://t.co/TW3SQtDMPv',Belarus,1306337206836047877
KortezR_,"b'I still need pool practice to be good on tournaments, but I dont really know If I will have enough free time in weekdays to practice pools ?'",Belarus,1306295147462889473
ArturBasak,"b'@jensimmons I think this could be useful for applications such as a calendar, a todo list, or time filters, but it? https://t.co/dL1CsLleYq'",Belarus,1306289145430634498
amby_okoli,"b'It?s the (successful) twist-outs,low puffs, high buns,flat twists.\nIt?s the entire Afro hair for me.\nAfro hair ? Ra? https://t.co/vDk9Xop2pU'",Belarus,1306193072376745989
kuon_orochi,b'RT @Landadu1: Into the Breach fanart conversion I did a few weeks ago. I am really thrilled with idea of a game ItB-like in fantasy setting?',Belarus,1306192329922039809
rissandquan1,b'RT @lexi_rivera18: Follow on fb. \nhttps://t.co/amrUBu8phS',Belarus,1306164259425005569
lexi_rivera18,b'Follow on fb. \nhttps://t.co/amrUBu8phS',Belarus,1306164078231138304
lexi_rivera18,b'Comment if u want to join Lexi and Brent discord.',Belarus,1306161442844966912
Landadu1,b'RT @Landadu1: Into the Breach fanart conversion I did a few weeks ago. I am really thrilled with idea of a game ItB-like in fantasy setting?',Belarus,1306126405101645825
tinytouchtales,b'RT @Landadu1: Into the Breach fanart conversion I did a few weeks ago. I am really thrilled with idea of a game ItB-like in fantasy setting?',Belarus,1306092652555915264
WealthyAardvark,b'RT @Landadu1: Into the Breach fanart conversion I did a few weeks ago. I am really thrilled with idea of a game ItB-like in fantasy setting?',Belarus,1306072953684197383
KemonoBito1987,b'RT @Landadu1: Into the Breach fanart conversion I did a few weeks ago. I am really thrilled with idea of a game ItB-like in fantasy setting?',Belarus,1306058901524156421
NetworkIndie,b'RT @Landadu1: Into the Breach fanart conversion I did a few weeks ago. I am really thrilled with idea of a game ItB-like in fantasy setting?',Belarus,1306058581037457411
JarMustard,b'RT @Landadu1: Into the Breach fanart conversion I did a few weeks ago. I am really thrilled with idea of a game ItB-like in fantasy setting?',Belarus,1306058532962226176
VytasNeviera,"b'#Belarus?ians, #Lithuania is with you! ???? https://t.co/X8Berr9MSu'",Belarus,1305994310215700481
VytasNeviera,"b'@evilhag @chrisbosh Honestly, America, make the voting day a day off like any other normal democracy in the world.? https://t.co/GVsrjtXREt'",Belarus,1305993831247228930
KortezR_,"b'Anyone who has study+job (or just any kind of busy, actually)\nTell me pls how do you handle doing all required thin? https://t.co/eWUYL29gES'",Belarus,1305910585096364038
MvFaraway,b'RT @izvath: Hello friends. My mamma has started making tea boxes for order for MVR25. Each tea box is inclusive of; \n1 Bajiyaa \n1 Gulha\n1 K?',Belarus,1305622170131857408
routinelygothic,"b'@AJEnglish just go already, oh my god'",Belarus,1305600403699052544
KortezR_,b'#NewProfilePic\nsource: https://t.co/3gT6ENDwba https://t.co/8zLy4lryg9',Belarus,1305600181757501442
KortezR_,b'@YoshiLover456 sadge',Belarus,1305577477088120834
KortezR_,b'@Kahli_osu Happy Birthday ?',Belarus,1305459465567768578
Landadu1,b'I just realized that eventually @Garretthanna is going to draw Vegito! Let?s go boys!',Belarus,1305455426935443461
pavelts,"b'Belarus: 100,000 join rally against Lukashenko on eve of Putin showdown https://t.co/owCJTu9nMa'",Belarus,1305227343838023680
sookiesnobbs,"b'@sorola Gus, this is important! would your pickles be pickles in Connecticut? https://t.co/yjEHtshcAG'",Belarus,1305219788382363651
routinelygothic,b'@BBCWorld every day.',Belarus,1305197043875540993
FansNeman,b'@ohsolipeveloso @NemanGlasgow Nope',Belarus,1305183813409136640
artyomkhomyakov,b'@DedPerded1988 Be like https://t.co/KsVoY3Tqdw',Belarus,1305157306661982208
pavelts,b'@ThomasVLinge Great!',Belarus,1305129743218618368
liufegi,b'@MWatts3376 Spice boys',Belarus,1305128094458675201
KortezR_,b'@mikel1450 Hello?',Belarus,1305043266308648960
routinelygothic,b'theatres... i love theatres!! https://t.co/QReA1kOLK3',Belarus,1304884146267979776
LWOnilink,"b""RT @ArstonMusic: I'll never stop. Whatever happens to the world there always will be music in my hearth ? 'When We Were Young' together wit?""",Belarus,1304843103094927362
karthik2731,b'@iPoonampandey What a boobs &amp; nipple ?',Belarus,1304840039214407680
HylianKitten,"b""RT @ArstonMusic: I'll never stop. Whatever happens to the world there always will be music in my hearth ? 'When We Were Young' together wit?""",Belarus,1304787448250105856
RevealedRecWW,"b""RT @ArstonMusic: I'll never stop. Whatever happens to the world there always will be music in my hearth ? 'When We Were Young' together wit?""",Belarus,1304785553930498048
RevealedSPA,"b""RT @ArstonMusic: I'll never stop. Whatever happens to the world there always will be music in my hearth ? 'When We Were Young' together wit?""",Belarus,1304783904365326337
FansNeman,b'FULL TIME!! A massive win on the road for our lads! It finished RUKH 2-3 NEMAN!! Sorry for the lack of updates but? https://t.co/PzQMagw83k',Belarus,1304766844436348930
AfshanLatheef,b'RT @izvath: Guys please follow my mamma?s instagram page and show some love! Thank you all for the support!! ???? \nhttps://t.co/ljRbM5Vxws',Belarus,1304702824744284160
lexi_rivera18,b'Do u guys want to join Lexi discord? If yes then comment',Belarus,1304660263845670913
LeeVanCleef_3,"b'RT @Landadu1: Hey, @ArcSystemWorksU here is a Kum Haehyun you may like!\n\n#GuiltyGear https://t.co/bWKisDV8dK'",Belarus,1304652561534902272
KortezR_,b'22. Discord ofc',Belarus,1304628618073640963
CaptainQuagsire,"b'RT @Landadu1: Hey, @ArcSystemWorksU here is a Kum Haehyun you may like!\n\n#GuiltyGear https://t.co/bWKisDV8dK'",Belarus,1304538356630663170
Danii_1498,"b""RT @ArstonMusic: I'll never stop. Whatever happens to the world there always will be music in my hearth ? 'When We Were Young' together wit?""",Belarus,1304531643458351105
dr_sam5,b'@Aranbaal @ManUtd_Sources @ManUtd Do you think Mason Greenwood will bench Sancho??',Belarus,1304518562657206275
dr_sam5,b'@Aranbaal @ManUtd_Sources @ManUtd So when these players are injured who comes I. For them?? We need ppl and I know? https://t.co/IQXcfT814J',Belarus,1304509208776396800
john_mcal,b'RT @FansNeman: ??TOMORROW WE RETURN \n? Rukh Brest (away)\n? KICK OFF 12:00 UK \n? 14:00 Belarus time\n\nAfter disappointment in our last two ma?',Belarus,1304493231837720578
FansNeman,b'??TOMORROW WE RETURN \n? Rukh Brest (away)\n? KICK OFF 12:00 UK \n? 14:00 Belarus time\n\nAfter disappointment in our la? https://t.co/sYwheUFllo',Belarus,1304493152867422208
DjDomwell,"b""RT @ArstonMusic: I'll never stop. Whatever happens to the world there always will be music in my hearth ? 'When We Were Young' together wit?""",Belarus,1304489538098659328
dr_sam5,b'@Aranbaal @ManUtd_Sources @ManUtd No I want to know the wingers that guarantees 20+ goals at the club presently. Pl? https://t.co/AOq0eWPeZ3',Belarus,1304488329086480389
humdha,b'RT @izvath: Guys please follow my mamma?s instagram page and show some love! Thank you all for the support!! ???? \nhttps://t.co/ljRbM5Vxws',Belarus,1304485900382957568
aldia424,b'RT @izvath: Guys please follow my mamma?s instagram page and show some love! Thank you all for the support!! ???? \nhttps://t.co/ljRbM5Vxws',Belarus,1304485173694586880
KortezR_,b'19. Sprite xD\nBut seriously prefer Coca Cola if 1 of this 2',Belarus,1304483667369234432
dr_sam5,b'@Aranbaal @ManUtd_Sources @ManUtd These*',Belarus,1304482380812636168
dr_sam5,b'@Aranbaal @ManUtd_Sources @ManUtd Lol you are confusing me. Please write the names of this wingers.',Belarus,1304482296318357505
faesal_ismael,b'RT @izvath: Guys please follow my mamma?s instagram page and show some love! Thank you all for the support!! ???? \nhttps://t.co/ljRbM5Vxws',Belarus,1304479639578882050
IllathHassan,b'RT @izvath: Guys please follow my mamma?s instagram page and show some love! Thank you all for the support!! ???? \nhttps://t.co/ljRbM5Vxws',Belarus,1304470357005402113
mrs_mystic_,b'RT @izvath: Guys please follow my mamma?s instagram page and show some love! Thank you all for the support!! ???? \nhttps://t.co/ljRbM5Vxws',Belarus,1304470209839783938
MRifgaR,b'RT @izvath: Guys please follow my mamma?s instagram page and show some love! Thank you all for the support!! ???? \nhttps://t.co/ljRbM5Vxws',Belarus,1304470136712171520
_zahu_a_r_,b'RT @izvath: Guys please follow my mamma?s instagram page and show some love! Thank you all for the support!! ???? \nhttps://t.co/ljRbM5Vxws',Belarus,1304469463983480832
Shanna_ismail,b'RT @izvath: Hello friends! We are taking orders for tea boxes for Friday! Each tea box is inclusive of; \n1 Bajiyaa \n1 Gulha\n1 Kavaabu\n1 Bis?',Belarus,1304469400464969728
Shanna_ismail,b'RT @izvath: Guys please follow my mamma?s instagram page and show some love! Thank you all for the support!! ???? \nhttps://t.co/ljRbM5Vxws',Belarus,1304469336682164224
Aaximms,b'RT @izvath: Guys please follow my mamma?s instagram page and show some love! Thank you all for the support!! ???? \nhttps://t.co/ljRbM5Vxws',Belarus,1304467919531720704
Muavviyath,b'RT @izvath: Guys please follow my mamma?s instagram page and show some love! Thank you all for the support!! ???? \nhttps://t.co/ljRbM5Vxws',Belarus,1304467909410877441
NavieNazim,b'RT @izvath: Guys please follow my mamma?s instagram page and show some love! Thank you all for the support!! ???? \nhttps://t.co/ljRbM5Vxws',Belarus,1304466665644539905
eyyjeyyyy,b'RT @izvath: Guys please follow my mamma?s instagram page and show some love! Thank you all for the support!! ???? \nhttps://t.co/ljRbM5Vxws',Belarus,1304462477321801728
izvath,b'Guys please follow my mamma?s instagram page and show some love! Thank you all for the support!! ???? \nhttps://t.co/ljRbM5Vxws',Belarus,1304460586227507218
ArstonMusic,"b""I'll never stop. Whatever happens to the world there always will be music in my hearth ? 'When We Were Young' toget? https://t.co/GhonuL5gaB""",Belarus,1304443236946268164
RazinaDhahtha,b'RT @izvath: Hello friends! We are taking orders for tea boxes for Friday! Each tea box is inclusive of; \n1 Bajiyaa \n1 Gulha\n1 Kavaabu\n1 Bis?',Belarus,1304438244726042624
KortezR_,"b'18. Twi... oh, instagram then :D'",Belarus,1304426125356134400
KortezR_,b'17. Twitter',Belarus,1304420687738699779
e_shmurai,b'@viktar_babaryka Ave Maria!',Belarus,1304404961141420032
Landadu1,"b'@Franrekk god, why am I a slav, living thousands of miles away? Those cupcakes look so good!'",Belarus,1304384425669558274
ptachblr,b'Cheap Shutterstock image or vector (5+ pcs) https://t.co/8CLUdcCcFo',Belarus,1304381833799503872
dr_sam5,b'@Aranbaal @ManUtd_Sources @ManUtd Who are our 2 top scoring wingers. Mason isn?t matured enough to start in CL. We? https://t.co/ShbTH3nEjx',Belarus,1304361041506250753
Landadu1,"b'Hey, @ArcSystemWorksU here is a Kum Haehyun you may like!\n\n#GuiltyGear https://t.co/bWKisDV8dK'",Belarus,1304342035961466880
_zahu_a_r_,b'RT @izvath: Hello friends! We are taking orders for tea boxes for Friday! Each tea box is inclusive of; \n1 Bajiyaa \n1 Gulha\n1 Kavaabu\n1 Bis?',Belarus,1304339353217331200
KortezR_,b'16. Twitter',Belarus,1304338463253299200
KortezR_,"b'15. Evening, but if certain choice then night'",Belarus,1304338423449255938
KortezR_,b'13. No\n14. No? If I get the question right',Belarus,1304336144272949248
uteshevas,b'@LinkeviciusL It was really awful when I saw it on-line waiting my flight to New-York in lounge. RIP all the victim? https://t.co/BIlcc93SxS',Belarus,1304331363659780096
MrDeAmigo,b'RT @izvath: Hello friends! We are taking orders for tea boxes for Friday! Each tea box is inclusive of; \n1 Bajiyaa \n1 Gulha\n1 Kavaabu\n1 Bis?',Belarus,1304303285373792256
slavno4,b'@porolosha actually can relate',Belarus,1304300968193011712
dr_sam5,b'@Aranbaal @ManUtd_Sources @ManUtd Well we don?t. How many goals did the other teams score in comparison with ours?? We need him',Belarus,1304292324680306689
KortezR_,"b'11. Well, kinda, but now I am not thinking about it'",Belarus,1304286245271539713
KortezR_,"b'11. Well, kinda, but now I am not thinking about it'",Belarus,1304286245271539713
dr_sam5,"b'@iamMichael_Iyke @ManUtd_Sources @ManUtd Who will play the RW, Mason Greenwood who wasn?t effective in every game o? https://t.co/KbiRhPGVzZ'",Belarus,1304282913165512706
dr_sam5,"b'@Aranbaal @ManUtd_Sources @ManUtd No we need a RW before a CB and a DM. We have Matic, Fred, McTominay and even VDB? https://t.co/pvLdDIssHu'",Belarus,1304282230399864833
uteshevas,b'Bloody butcher https://t.co/HSu7lmo6VU',Belarus,1304212425982566400
uteshevas,b'@CNN The real good news',Belarus,1304207567523139584
KortezR_,"b'10. As you can guess, nope'",Belarus,1304153737129332738
routinelygothic,b'@GibiOfficial yesss James',Belarus,1304149172002709504
KortezR_,"b'9. Except parent love nah, dont think so'",Belarus,1304143816295952385
KortezR_,"b'7. No\n8. Well, becuz of 9th questtion I guess it is obvious yes, I mean who doesnt?'",Belarus,1304142039823642626
routinelygothic,"b'""Dear Theodosia"" from Hamilton - Ben Folds &amp; Regina Spektor with the NSO... https://t.co/brRxNj2FlW via @YouTube'",Belarus,1304135318468255744
korenevich9,"b'@alexfilippchik alright, alright, alright\nLet?s try ?'",Belarus,1304130868483629056
FansNeman,b'@NemanGlasgow @fcrukhUK Got about another 12 left. Just give me a message on here and I?ll sort you out',Belarus,1304121231734648837
routinelygothic,b'@AJWitness @AJEnglish there has not been any particularly blessed land here as long as live',Belarus,1304115281686659072
Aaximms,b'RT @izvath: Hello friends! We are taking orders for tea boxes for Friday! Each tea box is inclusive of; \n1 Bajiyaa \n1 Gulha\n1 Kavaabu\n1 Bis?',Belarus,1304105879361314817
neenamarrichie,b'RT @izvath: Hello friends! We are taking orders for tea boxes for Friday! Each tea box is inclusive of; \n1 Bajiyaa \n1 Gulha\n1 Kavaabu\n1 Bis?',Belarus,1304102137891151872
anuppeyyyy,b'RT @izvath: Hello friends! We are taking orders for tea boxes for Friday! Each tea box is inclusive of; \n1 Bajiyaa \n1 Gulha\n1 Kavaabu\n1 Bis?',Belarus,1304085935227691008
eyyjeyyyy,b'RT @izvath: Hello friends! We are taking orders for tea boxes for Friday! Each tea box is inclusive of; \n1 Bajiyaa \n1 Gulha\n1 Kavaabu\n1 Bis?',Belarus,1304085872371933184
izvath,b'We?re also selling Coke/Sprite cans for MVR15 to go with the tea box. Thank you for the support! ?',Belarus,1304085513478045697
izvath,b'Hello friends! We are taking orders for tea boxes for Friday! Each tea box is inclusive of; \n1 Bajiyaa \n1 Gulha\n1 K? https://t.co/lODTcM4WWX',Belarus,1304085203900563458
prefislt,b'@saras1601 pls pls pls https://t.co/lCtTYO4pGv',Belarus,1304064412786008064
03November1988,b'RT @izvath: Hello friends. My mamma has started making tea boxes for order for MVR25. Each tea box is inclusive of; \n1 Bajiyaa \n1 Gulha\n1 K?',Belarus,1304063644779663374
Landadu1,b'Simon is an outstanding artist. You should definitely check out his artstation or insta:\nhttps://t.co/tqNYCuw3lq? https://t.co/UoelBkdPbX',Belarus,1304034931522310144
Landadu1,b'dune illustration by Simon Goinard. While I loved how trailer feels I wish there were a little bit more color. https://t.co/33xO7bXSFe',Belarus,1304033871869009920
Mantas_Rekus,b'@JockLandale In Lithuania 40 per day is as bad is it gets so considering the numbers  its understandable as to why.',Belarus,1304005747374780417
routinelygothic,"b'@CoESpokesperson why ""risks""? it has become that already'",Belarus,1303990960167190528
mksm84,b'@SecPompeo @CyprusMFA Cyprus - the prostitute of Russia',Belarus,1303979658837397510
mksm84,b'@CyprusMFA @Christodulides @kkorneliou @CyprusinRussia @Demetris_Samuel @MID_RF @PIOcy Cyprus - the prostitute of Russia',Belarus,1303979518592507905
mksm84,b'@CyprusMFA @Christodulides @MID_RF @CyprusinRussia @kkorneliou @Demetris_Samuel @PIOcy @RusEmbCyprus Cyprus - the prostitute of Russia',Belarus,1303979475676336128
mksm84,b'@CyprusMFA @Christodulides @MID_RF @CyprusinRussia @RusEmbCyprus @PIOcy @kkorneliou @Demetris_Samuel Cyprus is the? https://t.co/tLFyQLgRR6',Belarus,1303979297942704128
mksm84,b'@CyprusMFA @Christodulides @MID_RF @CyprusinRussia @RusEmbCyprus @PIOcy @kkorneliou @Demetris_Samuel Cyprus is the? https://t.co/rVBkdH6mYc',Belarus,1303979259065704448
mksm84,b'@GenderMFACyprus @CyprusMFA @Christodulides @CyprusInGeneva @CyprusinUN @JosieChristod Cyprus is the shame of the w? https://t.co/Dyrv7PKyzD',Belarus,1303979085459263488
routinelygothic,b'@ogospadziplina cannot be avoided',Belarus,1303975691491442689
KortezR_,"b""I'm team #GIF. How do you pronounce it?""",Belarus,1303973965375975424
boijaleel,b'RT @izvath: Hello friends. My mamma has started making tea boxes for order for MVR25. Each tea box is inclusive of; \n1 Bajiyaa \n1 Gulha\n1 K?',Belarus,1303823618082656256
uteshevas,b'Failed state - the same as Hamas or Columbia?s narkocartels https://t.co/Tpwc83F80J',Belarus,1303790486679887875
KortezR_,b'@osuAtipir No need to sorry bro xD',Belarus,1303789895224307716
55bb553,b'RT @pavelts: Statement on the human rights situation in Belarus https://t.co/YSBepmIhIr',Belarus,1303768468441960454
pavelts,b'Statement on the human rights situation in Belarus https://t.co/YSBepmIhIr',Belarus,1303768285310312448
yunghost1k,b'@wrld_mag @Skepta @asvpxrocky @POPSMOKE10 one day we get dis joint',Belarus,1303691926433079297
slavno4,b'wild',Belarus,1303676592670093312
jawaadh29,b'RT @izvath: Hello friends. My mamma has started making tea boxes for order for MVR25. Each tea box is inclusive of; \n1 Bajiyaa \n1 Gulha\n1 K?',Belarus,1303673073992790016
routinelygothic,b'was thinking about it myself the last days',Belarus,1303665448635043840
routinelygothic,"b""i don't care for Nobel, but that'll be good-looking""",Belarus,1303665329739124736
hawwansuzan,b'RT @izvath: Hello friends. My mamma has started making tea boxes for order for MVR25. Each tea box is inclusive of; \n1 Bajiyaa \n1 Gulha\n1 K?',Belarus,1303661447092736001
k0okie,b'RT @izvath: Hello friends. My mamma has started making tea boxes for order for MVR25. Each tea box is inclusive of; \n1 Bajiyaa \n1 Gulha\n1 K?',Belarus,1303656820049735681
bulhaa,b'RT @izvath: Hello friends. My mamma has started making tea boxes for order for MVR25. Each tea box is inclusive of; \n1 Bajiyaa \n1 Gulha\n1 K?',Belarus,1303652433755664386
_maail10,b'RT @izvath: Hello friends. My mamma has started making tea boxes for order for MVR25. Each tea box is inclusive of; \n1 Bajiyaa \n1 Gulha\n1 K?',Belarus,1303651152999768064
Ibaa_abdulla,b'RT @izvath: Hello friends. My mamma has started making tea boxes for order for MVR25. Each tea box is inclusive of; \n1 Bajiyaa \n1 Gulha\n1 K?',Belarus,1303635104120492033
fathimaissok,b'RT @izvath: Hello friends. My mamma has started making tea boxes for order for MVR25. Each tea box is inclusive of; \n1 Bajiyaa \n1 Gulha\n1 K?',Belarus,1303632793004437505
Mantas_Rekus,b'@itsSirCoin You deserve it all',Belarus,1303627240702464001
Ismailnihad,b'RT @izvath: Hello friends. My mamma has started making tea boxes for order for MVR25. Each tea box is inclusive of; \n1 Bajiyaa \n1 Gulha\n1 K?',Belarus,1303617817925709824
mashamidhath,b'RT @izvath: Hello friends. My mamma has started making tea boxes for order for MVR25. Each tea box is inclusive of; \n1 Bajiyaa \n1 Gulha\n1 K?',Belarus,1303607846018277382
Lauzas_art,b'RT @izvath: Hello friends. My mamma has started making tea boxes for order for MVR25. Each tea box is inclusive of; \n1 Bajiyaa \n1 Gulha\n1 K?',Belarus,1303597994323795973
yazdanrasheed,b'RT @izvath: Hello friends. My mamma has started making tea boxes for order for MVR25. Each tea box is inclusive of; \n1 Bajiyaa \n1 Gulha\n1 K?',Belarus,1303597196810436608
Lau1iyaz,b'RT @izvath: Hello friends. My mamma has started making tea boxes for order for MVR25. Each tea box is inclusive of; \n1 Bajiyaa \n1 Gulha\n1 K?',Belarus,1303578773065924609
izvath,b'@Aaximms @delivery_mv Im so done w you ?',Belarus,1303578027914342402
Kambaidhi,b'RT @izvath: Hello friends. My mamma has started making tea boxes for order for MVR25. Each tea box is inclusive of; \n1 Bajiyaa \n1 Gulha\n1 K?',Belarus,1303571068087566337
izvath,b'@iyyyya @NoraNazeer Thanks for the suggestion! ??',Belarus,1303570365030035456
AmnAbdulla,b'RT @izvath: Hello friends. My mamma has started making tea boxes for order for MVR25. Each tea box is inclusive of; \n1 Bajiyaa \n1 Gulha\n1 K?',Belarus,1303569512885706752
MoosaWaseem,b'RT @izvath: Hello friends. My mamma has started making tea boxes for order for MVR25. Each tea box is inclusive of; \n1 Bajiyaa \n1 Gulha\n1 K?',Belarus,1303559407872012288
xFleurin,b'RT @izvath: Hello friends. My mamma has started making tea boxes for order for MVR25. Each tea box is inclusive of; \n1 Bajiyaa \n1 Gulha\n1 K?',Belarus,1303501561344131073
doomcultgames,b'How the FUCK does anyone take this shit seriously? https://t.co/p5FOb1sWoa',Belarus,1306732269516853249
FarEasterner,"b'RT @franakviacorka: Today, Lukashenka threatened Lithuania, Poland, and Ukraine with war, announced new drills with Russia, and his army of?'",Belarus,1306732182929649665
agokhank,"b'RT @franakviacorka: Today, Lukashenka threatened Lithuania, Poland, and Ukraine with war, announced new drills with Russia, and his army of?'",Belarus,1306731725742104583
47whitebuffalo,b'RT @VoicesBelarus: Lukashenko should not be recognised as Belarus president after November - EU lawmakers\n\n#Belarus #StandWithBelarus\n\nhttp?',Belarus,1306731357461127169
AlfredGliddon,b'RT @VoicesBelarus: Minsk citizen is judged for sewing white-red-white flags.\n\nPolicemen ordered 10 white-red-white flags from Aleksander an?',Belarus,1306731217392472066
ToporGarri,"b'RT @franakviacorka: Lukashenka announced that Belarus is closing the border with Lithuania, Poland, and Ukraine. https://t.co/KwaMbrEObi'",Belarus,1306730964815695872
torapocodan,"b'RT @VoicesBelarus: Maria Kolesnikova seems to be in a good mood in prison! Her sister said that during an hour-long walk in the courtyard,?'",Belarus,1306730926760587266
chavez145,"b'RT @franakviacorka: Today, Lukashenka threatened Lithuania, Poland, and Ukraine with war, announced new drills with Russia, and his army of?'",Belarus,1306730802030485504
JayTwibber,"b""@Fairy2820 @NYGovCuomo You're a very sick person. Please seek psychological help.""",Belarus,1306730797739769857
IFilipau,"b'RT @franakviacorka: In contrast to westerners, Belarusians do not take him seriously. To stay in the news, Lukashenka has to make scandals?'",Belarus,1306730636162617349
Freecitizen864,"b'RT @franakviacorka: Today, Lukashenka threatened Lithuania, Poland, and Ukraine with war, announced new drills with Russia, and his army of?'",Belarus,1306730581389193217
KristinaRepa,"b'RT @franakviacorka: Kremlin wants Europe to stay aside. ""Don\'t interfere in Belarus crisis"" - Kremlin says. It\'s very important to recogniz?'",Belarus,1306730439596367873
ucaV7micPelMAj7,"b'RT @franakviacorka: Lukashenka announced that Belarus is closing the border with Lithuania, Poland, and Ukraine. https://t.co/KwaMbrEObi'",Belarus,1306730433250459648
Charlou24225316,"b'RT @franakviacorka: I am impressed with all these paintings, posters, and drawings dedicated to the Belarusian protest. Some of them are in?'",Belarus,1306730132472770566
marijkevanderst,"b'RT @franakviacorka: Kremlin wants Europe to stay aside. ""Don\'t interfere in Belarus crisis"" - Kremlin says. It\'s very important to recogniz?'",Belarus,1306730069126250500
Claire_Myfanwy,"b'RT @franakviacorka: Today, Lukashenka threatened Lithuania, Poland, and Ukraine with war, announced new drills with Russia, and his army of?'",Belarus,1306729966785171456
marc_1136,"b'RT @franakviacorka: I am impressed with all these paintings, posters, and drawings dedicated to the Belarusian protest. Some of them are in?'",Belarus,1306729937462800388
doomcultgames,"b""Nah... that psyop strategy had its last gasp in january, if that's what the first corona c*nspiracy theories were.? https://t.co/KvxFP5FSyJ""",Belarus,1306729875223523332
mykpy,"b'RT @franakviacorka: I am impressed with all these paintings, posters, and drawings dedicated to the Belarusian protest. Some of them are in?'",Belarus,1306729735586820096
JayTwibber,"b'@Hegers4 @NYGovCuomo Are you evil? How can a sane person condone the actions of a psychopath who shipped 12,000 sen? https://t.co/6avLY9XkpG'",Belarus,1306729635758080001
MB7Art,b'RT @VoicesBelarus: Lukashenko should not be recognised as Belarus president after November - EU lawmakers\n\n#Belarus #StandWithBelarus\n\nhttp?',Belarus,1306729577742348288
MB7Art,b'WTF EU? https://t.co/Bddesf4bei',Belarus,1306729449593827328
AkEl_Saruman,"b'RT @franakviacorka: Lukashenka announced that Belarus is closing the border with Lithuania, Poland, and Ukraine. https://t.co/KwaMbrEObi'",Belarus,1306729419898314752
Miguel_L71,"b'RT @franakviacorka: Today, Lukashenka threatened Lithuania, Poland, and Ukraine with war, announced new drills with Russia, and his army of?'",Belarus,1306729292546609152
PBPenguin,"b""@rvdiamond_ We shall find out when he's done! ?""",Belarus,1306728840174206976
AndanteLs,"b'RT @franakviacorka: Belarus uprising leader Tsikhanouskaya will speak at the meeting of EU foreign ministers on September 21, in Brussels.?'",Belarus,1306728834994262017
cristivlas,"b'RT @franakviacorka: In contrast to westerners, Belarusians do not take him seriously. To stay in the news, Lukashenka has to make scandals?'",Belarus,1306728778790514688
HughJaeger,b'RT @franakviacorka: Our photo reporters were jailed today. So you will not see many photos in my feed for 11 more days. https://t.co/LIbQVN?',Belarus,1306728765754572801
Gvenechka,"b'RT @franakviacorka: I am impressed with all these paintings, posters, and drawings dedicated to the Belarusian protest. Some of them are in?'",Belarus,1306728743671488512
HughJaeger,"b'RT @franakviacorka: European Parliament adopted an extremely important resolution,  marking, on one hand, the illegitimacy of Lukashenka, a?'",Belarus,1306728719877394434
cristivlas,"b'RT @franakviacorka: Today, Lukashenka threatened Lithuania, Poland, and Ukraine with war, announced new drills with Russia, and his army of?'",Belarus,1306728705381859331
HughJaeger,"b'RT @franakviacorka: Kremlin wants Europe to stay aside. ""Don\'t interfere in Belarus crisis"" - Kremlin says. It\'s very important to recogniz?'",Belarus,1306728647554932736
HughJaeger,b'RT @franakviacorka: 17 partner states of the @OSCE today invoked a rarely used diplomatic maneuver called the Moscow Mechanism to look into?',Belarus,1306728618387795968
HughJaeger,"b'RT @franakviacorka: Lukashenka announced that Belarus is closing the border with Lithuania, Poland, and Ukraine. https://t.co/KwaMbrEObi'",Belarus,1306728584913059840
HughJaeger,"b'RT @franakviacorka: Belarus uprising leader Tsikhanouskaya will speak at the meeting of EU foreign ministers on September 21, in Brussels.?'",Belarus,1306728540801503232
HughJaeger,"b'RT @franakviacorka: I am impressed with all these paintings, posters, and drawings dedicated to the Belarusian protest. Some of them are in?'",Belarus,1306728505493909505
HughJaeger,"b'RT @franakviacorka: In contrast to westerners, Belarusians do not take him seriously. To stay in the news, Lukashenka has to make scandals?'",Belarus,1306728356868743168
HughJaeger,"b'RT @franakviacorka: Today, Lukashenka threatened Lithuania, Poland, and Ukraine with war, announced new drills with Russia, and his army of?'",Belarus,1306728278116446213
AndanteLs,"b'RT @franakviacorka: Lukashenka announced that Belarus is closing the border with Lithuania, Poland, and Ukraine. https://t.co/KwaMbrEObi'",Belarus,1306728275050463233
venezuela_blog,b'RT @VoicesBelarus: The Uruchye metro station in #Minsk. Punishers attacked passers-by and brutally beat them. A chain of solidarity was her?',Belarus,1306728136600682501
juanfayora,b'RT @franakviacorka: Our photo reporters were jailed today. So you will not see many photos in my feed for 11 more days.',Belarus,1306728077746147328
pefnic,"b'RT @franakviacorka: Belarus uprising leader Tsikhanouskaya will speak at the meeting of EU foreign ministers on September 21, in Brussels.?'",Belarus,1306728028031066112
AirRay19,"b'RT @franakviacorka: I am impressed with all these paintings, posters, and drawings dedicated to the Belarusian protest. Some of them are in?'",Belarus,1306727955918458883
ikol22,"b'RT @franakviacorka: Today, Lukashenka threatened Lithuania, Poland, and Ukraine with war, announced new drills with Russia, and his army of?'",Belarus,1306727906685726724
doomcultgames,b'Ben Shapiro brain: claiming to be cancelled for clicks\n\nDoomcult brain: getting deboosted to boost engagement\n\nAlex? https://t.co/OvMntSJoIF',Belarus,1306727855431258112
ikol22,"b'RT @franakviacorka: In contrast to westerners, Belarusians do not take him seriously. To stay in the news, Lukashenka has to make scandals?'",Belarus,1306727804571181057
KristinaRepa,"b'RT @franakviacorka: Lukashenka announced that Belarus is closing the border with Lithuania, Poland, and Ukraine. https://t.co/KwaMbrEObi'",Belarus,1306727794529968137
AaronH300497,"b'RT @franakviacorka: Today, Lukashenka threatened Lithuania, Poland, and Ukraine with war, announced new drills with Russia, and his army of?'",Belarus,1306727763529826306
JayTwibber,"b""@Fairy2820 @NYGovCuomo Sweet soul? He's a psychopath who murdered 12,000 and then laughed about every day with his? https://t.co/2AJjVgapNL""",Belarus,1306727716973146112
ikol22,"b'RT @franakviacorka: I am impressed with all these paintings, posters, and drawings dedicated to the Belarusian protest. Some of them are in?'",Belarus,1306727681153740800
ikol22,"b'RT @franakviacorka: Belarus uprising leader Tsikhanouskaya will speak at the meeting of EU foreign ministers on September 21, in Brussels.?'",Belarus,1306727596097441794
yanevskyy,b'RT @franakviacorka: Our photo reporters were jailed today. So you will not see many photos in my feed for 11 more days. https://t.co/LIbQVN?',Belarus,1306727593455030273
ikol22,"b'RT @franakviacorka: Speaking at the ""Women\'s Forum"", Lukashenka said that the borders with the West will be closed, strengthened security a?'",Belarus,1306727520046321665
ikol22,"b'RT @franakviacorka: Lukashenka announced that Belarus is closing the border with Lithuania, Poland, and Ukraine. https://t.co/KwaMbrEObi'",Belarus,1306727403159420934
ikol22,"b""RT @franakviacorka: ??Lukashenka - to the peoples of Lithuania, Poland and Ukraine: stop your crazy politicians, don't let the war break out""",Belarus,1306727351758344194
ikol22,b'RT @franakviacorka: 17 partner states of the @OSCE today invoked a rarely used diplomatic maneuver called the Moscow Mechanism to look into?',Belarus,1306727309928550400
ikol22,"b'RT @franakviacorka: Kremlin wants Europe to stay aside. ""Don\'t interfere in Belarus crisis"" - Kremlin says. It\'s very important to recogniz?'",Belarus,1306727229938905093
AaronH300497,"b'RT @franakviacorka: I am impressed with all these paintings, posters, and drawings dedicated to the Belarusian protest. Some of them are in?'",Belarus,1306727221390909445
PamelaToomey2,b'RT @franakviacorka: Our photo reporters were jailed today. So you will not see many photos in my feed for 11 more days.',Belarus,1306727201660981249
ikol22,"b'RT @franakviacorka: European Parliament adopted an extremely important resolution,  marking, on one hand, the illegitimacy of Lukashenka, a?'",Belarus,1306727109927342080
lsbu_law,"b'RT @franakviacorka: Kremlin wants Europe to stay aside. ""Don\'t interfere in Belarus crisis"" - Kremlin says. It\'s very important to recogniz?'",Belarus,1306726939336548353
fishy13966193,b'RT @franakviacorka: Our photo reporters were jailed today. So you will not see many photos in my feed for 11 more days.',Belarus,1306726705592258560
milana_pshanko,"b""@kimkara19904360 We'd appreciate any help in our $2.2M fundraiser we run to save our baby. She needs #Zolgensma, th? https://t.co/IRbrbZx6pk""",Belarus,1306726643176747008
HughJaeger,b'RT @Belsat_Eng: Sept 14. Detained @Belsat_TV contributors to face trial #Minsk #Vitsebsk #Homiel #Belarus #BelarusProtest @OSCE_RFoM @press?',Belarus,1306726632070287360
HughJaeger,"b'RT @Belsat_Eng: Like previous rallies, #HeroesMarch in #Minsk was marred by brutal detentions and police violence. However, @Belsat_TV mana?'",Belarus,1306726617880956929
HughJaeger,b'RT @Belsat_Eng: #Belarus authorities: 774 detainees across country during Sunday?s protests https://t.co/VOcFWuXfZl #HeroesMarch #Minsk #Be?',Belarus,1306726597366611973
HughJaeger,"b'RT @Belsat_Eng: Sept 14. #Putin approves $1.5 bn loan for #Belarus ?in this challenging situation?, hinting at necessity to amend #Belarusi?'",Belarus,1306726578638987264
HughJaeger,b'RT @Belsat_Eng: Sept 14. Two @Belsat_TV contributors detained in #Homiel; Yauhen #Merkis dragged out of car (video) #Belarus https://t.co/5?',Belarus,1306726556816080896
HughJaeger,b'RT @Belsat_Eng: Opposition activist Maryia #Kalesnikava has health issue in prison https://t.co/gS9xgKC4QZ #Belarus #BelarusProtest https:/?',Belarus,1306726525849546753
HughJaeger,b'RT @Belsat_Eng: Border Committee explains why Kondrusiewicz was not allowed to enter Belarus\nhttps://t.co/KvzaWjk30N https://t.co/4FnBGrQDmH',Belarus,1306726512285167616
jsatpaalnin,"b'RT @VoicesBelarus: Maria Kolesnikova seems to be in a good mood in prison! Her sister said that during an hour-long walk in the courtyard,?'",Belarus,1306726482970996738
HughJaeger,b'RT @Belsat_Eng: Belsat journalist Katsyaryna Andreyeva to face another trial\nhttps://t.co/9uQZRRL2JE https://t.co/fSE44KPCSB',Belarus,1306726467036946438
HughJaeger,b'RT @Belsat_Eng: Yanka Kupala National Academic Theater turns 100\nhttps://t.co/zpkLPxl42I https://t.co/8l3dBWqtgX',Belarus,1306726454294646789
BoBMarvan,"b'RT @franakviacorka: I am impressed with all these paintings, posters, and drawings dedicated to the Belarusian protest. Some of them are in?'",Belarus,1306726399684870147
HughJaeger,"b'RT @Belsat_Eng: Sept 15. Hefty fines, days in jail: @Belsat_TV contributors appear before court https://t.co/kTljQQDS82 #Minsk #Homiel #Bel?'",Belarus,1306726384988041216
HughJaeger,b'RT @Belsat_Eng: Sept 15. #EU refuses to consider #Lukashenka legitimate president; #Ukraine MPs share view #Belarus #Minsk #Europe #Belarus?',Belarus,1306726366516318212
Marv2punkt0,"b'RT @franakviacorka: Today, Lukashenka threatened Lithuania, Poland, and Ukraine with war, announced new drills with Russia, and his army of?'",Belarus,1306726247771275265
HughJaeger,"b'RT @Belsat_Eng: Svyatlana #Tsikhanouskaya: ?If Alyaksandr #Lukashenka leaves peacefully, he might get security guarantees, and even more? h?'",Belarus,1306726198873997312
CaroPierpaolo,"b'RT @franakviacorka: Today, Lukashenka threatened Lithuania, Poland, and Ukraine with war, announced new drills with Russia, and his army of?'",Belarus,1306726192817623041
HughJaeger,b'RT @Belsat_Eng: Intl human rights defenders about torture and police abuse in #Belarus: Nature of crimes against humanity https://t.co/YB17?',Belarus,1306726175209852928
HughJaeger,"b'RT @Belsat_Eng: #Belarus authorities bring charge against opposition activist Maryia #Kalesnikava. Earlier, she tore up her passport not to?'",Belarus,1306726122848243712
iker_larequi,"b'RT @VoicesBelarus: Maria Kolesnikova seems to be in a good mood in prison! Her sister said that during an hour-long walk in the courtyard,?'",Belarus,1306726111225798659
kinnbox,"b'RT @franakviacorka: Today, Lukashenka threatened Lithuania, Poland, and Ukraine with war, announced new drills with Russia, and his army of?'",Belarus,1306726034209820672
HughJaeger,b'RT @Belsat_Eng: Sept 16. #Belarusian photo reporters Alyaksandr #Vasyukovich and Uladz #Hrydzin get 11-day jail term each https://t.co/cmBs?',Belarus,1306725998956875776
kinnbox,"b'RT @VoicesBelarus: Maria Kolesnikova seems to be in a good mood in prison! Her sister said that during an hour-long walk in the courtyard,?'",Belarus,1306725983873978368
HughJaeger,b'RT @Belsat_Eng: Russian loan terms for Belarus unveiled\nhttps://t.co/1ANXgncC0U https://t.co/5zlf6IA5mX',Belarus,1306725962328010752
HughJaeger,b'RT @Belsat_Eng: Tsikhanouskaya says info about her connections with US intelligence false\nhttps://t.co/MkKAKkR3fg https://t.co/rqSln4bNih',Belarus,1306725943076171777
HughJaeger,b'RT @Belsat_Eng: Lukashenka names five ?aggressor? states\nhttps://t.co/JQuOPBUOwW https://t.co/DnGX1QDJqx',Belarus,1306725932900798464
HughJaeger,b'RT @Belsat_Eng: Lukashenka vows to close borders of Belarus\nhttps://t.co/JRjcnGPEfH https://t.co/GSfTbXH5gd',Belarus,1306725891893014529
SHarr73146294,b'RT @franakviacorka: Our photo reporters were jailed today. So you will not see many photos in my feed for 11 more days.',Belarus,1306725775341649920
CalThunderSnow,"b'RT @franakviacorka: Today, Lukashenka threatened Lithuania, Poland, and Ukraine with war, announced new drills with Russia, and his army of?'",Belarus,1306725544835207173
Cuprikorn66,b'RT @franakviacorka: Our photo reporters were jailed today. So you will not see many photos in my feed for 11 more days. https://t.co/LIbQVN?',Belarus,1306725484026310662
JayTwibber,"b""@WaltTheStalt @NYGovCuomo Cuomo knew ventilators where killing people. He wanted 50,000 more. Thank God Trump didn'? https://t.co/8xtBN0AVaP""",Belarus,1306725440997019651
YolandavdZee,"b'RT @franakviacorka: Meanwhile, Lukashenka is destroying his own 26-year-old myth of a caring father of the nation. He was always saying tha?'",Belarus,1306725235035602951
anders_aslund,b'RT @franakviacorka: Our photo reporters were jailed today. So you will not see many photos in my feed for 11 more days.',Belarus,1306725134556946435
doomcultgames,"b""RT @doomcultgames: Did my homework. I'm not saying it's /strong/ evidence... unless someone were to verify enough coroners' reports with 'a?""",Belarus,1306724872719159296
salsalou,"b'RT @franakviacorka: Today, Lukashenka threatened Lithuania, Poland, and Ukraine with war, announced new drills with Russia, and his army of?'",Belarus,1306724845837848580
doomcultgames,"b""Did my homework. I'm not saying it's /strong/ evidence... unless someone were to verify enough coroners' reports wi? https://t.co/QKA9ZRQDnj""",Belarus,1306724841567944704
clivingsbkk,"b'RT @franakviacorka: Today, Lukashenka threatened Lithuania, Poland, and Ukraine with war, announced new drills with Russia, and his army of?'",Belarus,1306724824723718149
afonso_fonsie,"b'RT @franakviacorka: In contrast to westerners, Belarusians do not take him seriously. To stay in the news, Lukashenka has to make scandals?'",Belarus,1306724810542723073
DDefoult,b'@SDGNelson When will be information about unturned 2?',Belarus,1306657109791170561
santuzzo666,b'Rated Rise of the Damnation Army - United World Rebellion: Chapter Two by Skid Row:???? https://t.co/JXj5CFZKR6',Belarus,1306604091875835906
santuzzo666,b'Rated Alice Cooper Goes to Hell by Alice Cooper:??? https://t.co/JXj5CFZKR6',Belarus,1306598268449693703
santuzzo666,"b'Rated Country, My Way by Nancy Sinatra:???? https://t.co/JXj5CFZKR6'",Belarus,1306597708363259904
santuzzo666,b'Rated Plastic Letters by Blondie:???? https://t.co/JXj5CFZKR6',Belarus,1306597459443871744
LadyK_Gemini22,b'Pooling your resources with another in a business venture or m... More for Gemini https://t.co/soKDp2y4sJ',Belarus,1306571382147276805
gme_sosa,"b""I say it's worth it, I won't say it's fair\nFind your purpose or you wastin' air????""",Belarus,1306553748362350592
gme_sosa,"b'Define who you are and what you are, and be clear on that. Meditate on that and then, live and die by that...? ???'",Belarus,1306548356228042752
gme_sosa,b'When you force solutions on problems you only create new problems. . .???',Belarus,1306547617883709440
John_Ivanovich,"b'RT @OliaMyrr: @vonderleyen @EU_Commission Well, right, for this, the citizens of the European Union pay taxes - to support the inadequate o?'",Belarus,1306507793319579648
krupenkov,"b'RT @OliaMyrr: @vonderleyen @EU_Commission Well, right, for this, the citizens of the European Union pay taxes - to support the inadequate o?'",Belarus,1306506043455930368
AkariAkai,b'comfort tv series chain https://t.co/UoANWZ9aVh https://t.co/I1bEzMMHLR',Belarus,1306297758060548102
gme_sosa,b'I?m in a great space at this point in my life. Feeling good!!!?',Belarus,1306218588697767938
LadyK_Gemini22,b'You may be rudely awakened today by the effects of having repr... More for Gemini https://t.co/soKDp2y4sJ',Belarus,1306208998283120641
LesleyKnife,b'@wotblitz_ru Jagdpanter',Belarus,1306195385107521539
cherriekesa,b'This is so coooool man we love u ????????? https://t.co/IoX7c724tC',Belarus,1305916119455346688
hvnbinie,b'@minhxtiny FELIX BEST BOY',Belarus,1305905842810748928
sonoshion,b'full dj set during one of the anti-regime protests in belarus https://t.co/drloQh2PKC',Belarus,1305904334417408000
hvnbinie,b'@962luvr fuck sm ??',Belarus,1305903860335210497
raybahach,b'@jk_rowling are there any calls for the overthrow of the current government in Belarus in your books? :) https://t.co/1eArlBO2wT',Belarus,1305854533210435585
LadyK_Gemini22,b'It is especially easy now for you to assert your will and acco... More for Gemini https://t.co/soKDp2y4sJ',Belarus,1305846610484633603
gme_sosa,b'If its something u love never give up you gotta keep chasing ???',Belarus,1305835392034312192
santuzzo666,b'Rated Pure and Simple by Joan Jett and The Blackhearts:???? https://t.co/JXj5CFZKR6',Belarus,1305506717044596736
RGulakov,b'what does big mama say? https://t.co/rwEdmJDvBq',Belarus,1305505203144327175
gme_sosa,"b'If you don?t need help, your vision is not BIG enough ???'",Belarus,1305504677279281154
santuzzo666,b'Rated Where Did Our Love Go by The Supremes:??? https://t.co/JXj5CFZKR6',Belarus,1305491778515001344
LadyK_Gemini22,b'A highly emotional conversation may take a sudden turn today. ... More for Gemini https://t.co/soKDp2y4sJ',Belarus,1305484224271536128
_wavyosama,"b'RT @gme_sosa: I don?t care what your title is in my life, if it ain?t genuine I?m good, I want no parts ???'",Belarus,1305475118072770562
gme_sosa,"b'I don?t care what your title is in my life, if it ain?t genuine I?m good, I want no parts ???'",Belarus,1305474304965054464
santuzzo666,b'Rated New World - New Eyes by House of Lords:??? https://t.co/JXj5CFZKR6',Belarus,1305455504349491200
cherriekesa,b'@BTS_twt Bbys love y so much ???????',Belarus,1305416288878157824
Dihazerus,"b'@AndrewByatt @novosyolov this is our ""brave"" police'",Belarus,1305224934923403266
segg3r,b'@TranSPURS Coach',Belarus,1305212854015004676
gme_sosa,b'Once you get a taste of peace you?ll cut anybody off to keep it. ???',Belarus,1305134503665577984
LadyK_Gemini22,b'You may feel like your ambitions and plans are constricted by ... More for Gemini https://t.co/soKDp2y4sJ',Belarus,1305121839845265408
NickDeDevolve,"b""@Acu4D Helko that's my outcome lol""",Belarus,1304869436688605188
arrrshhh_,b'i cried in the afterlife \ni cry hard because i have died \nand you`re alive',Belarus,1304847380332916736
segg3r,b'@LFC This is great ?',Belarus,1304841629929549832
LadyK_Gemini22,"b'You are feeling quite positive about your worth, assets, and t... More for Gemini https://t.co/soKDp2y4sJ'",Belarus,1304759450406846468
HyRzaUFYzi7YxeL,b'@abed01233199 What a beautiful cake.!!!',Belarus,1304756821106851841
verter2015,b'@nirxcoin Good cool',Belarus,1304633836588933120
AppuruLovesYou,"b""@memeowlier IT'S MY TURN NOW""",Belarus,1304484097138593799
Frankie_Dead,b'@_tama_tama___ @fagot.frank',Belarus,1304465802654089216
callmelinaaaaa,"b'@BTS_twt Happy birthday to youuu, our sunshine, our world. The reason, why i smile every day, why i do what I reall? https://t.co/syAS0dXzDy'",Belarus,1304439289602813952
cherriekesa,b'HAPPY BIRTHDAY MY LOVE ????? WISH U ENTERNAL HAPPINESS ??????? https://t.co/ZUIsCBcGAt',Belarus,1304436458074378246
LadyK_Gemini22,b'A friend may say or do something today that wounds your sense ... More for Gemini https://t.co/soKDp2y4sJ',Belarus,1304397064550232066
gme_sosa,b'Social media made y?all comfortable with disrespecting people and not getting punched in the mouth for it  ????',Belarus,1304391613712601088
gme_sosa,"b'Don?t count the number of friends you have, but the number of friends you can count on.???'",Belarus,1304391537728598016
gme_sosa,b'Build a team that don?t bump heads when they huddle.???',Belarus,1304171702100918273
arrrshhh_,b'younger hunger - dead inside',Belarus,1304130393529032711
AppuruLovesYou,b'@transkok1chi well of course',Belarus,1304114525826879488
JustLiah,b'RT @gme_sosa: If your main circle isn?t discussing: \n-Opening businesses \n-Investing \n-Escaping the 9-5\n-Fitness \n-Self development \n Then?',Belarus,1304076298252439553
GuruKwazzy,b'RT @gme_sosa: If your main circle isn?t discussing: \n-Opening businesses \n-Investing \n-Escaping the 9-5\n-Fitness \n-Self development \n Then?',Belarus,1304067150013960193
cherriekesa,b'Link pls babe ?????? https://t.co/XlxELjXkN8',Belarus,1304057249363628038
LadyK_Gemini22,"b'You are wearing your heart on your sleeve today, exuding a war... More for Gemini https://t.co/soKDp2y4sJ'",Belarus,1304034668338012162
gme_sosa,b'Rip to the homie that got killed on his bike last night',Belarus,1304032022533484544
gme_sosa,b'Yessir ?? https://t.co/22DUQpQSNX',Belarus,1304031842320945152
GuruKwazzy,b'RT @gme_sosa: Today makes a year we been in the sneakers game on a serious note sold over 100 pair of kicks in our first year #sosassportsc?',Belarus,1304030907683274754
gme_sosa,b'If your main circle isn?t discussing: \n-Opening businesses \n-Investing \n-Escaping the 9-5\n-Fitness \n-Self developme? https://t.co/61Rjgp4aqp',Belarus,1304030656054337539
_LAVORCHIK_,b'@back_dead19 red_new_black ;)',Belarus,1304027083941740548
gme_sosa,b'Today makes a year we been in the sneakers game on a serious note sold over 100 pair of kicks in our first year #sosassportsclub_llc ???',Belarus,1304024163657621505
Seal_Jack,"b'@CyprusPIO @CYSTAT_EN You talk about ""human rights and violence against women"" but blocked sanctions against Lukash? https://t.co/ckRPrmSin7'",Belarus,1303936208406540290
Seal_Jack,b'@CyprusMFA @Christodulides @MID_RF @CyprusinRussia @RusEmbCyprus @PIOcy @kkorneliou @Demetris_Samuel You talk about? https://t.co/ZfoLHn1Iw6',Belarus,1303935792247697408
Seal_Jack,"b'@GenderMFACyprus @CyprusMFA @Christodulides @CyprusInGeneva @CyprusinUN @JosieChristod You talk about ""human rights? https://t.co/aQehZlTuMK'",Belarus,1303935679571931137
yoongigme,b'@seokjingme Doeu https://t.co/BJdDg8UbYV',Belarus,1303771983994384385
arrrshhh_,b'?????my sunshine??????? https://t.co/DtgYve8ce2',Belarus,1303741132099248134
gme_sosa,b'Yea ima go head and grab that audi A8 ???',Belarus,1303684940350054403
LadyK_Gemini22,"b'A large financial windfall from an inheritance, tax refund, co... More for Gemini https://t.co/soKDp2y4sJ'",Belarus,1303672281013477376
LadyK_Gemini22,"b'A large financial windfall from an inheritance, tax refund, co... More for Gemini https://t.co/soKDp2y4sJ'",Belarus,1303672281013477376
LadyK_Gemini22,"b'A large financial windfall from an inheritance, tax refund, co... More for Gemini https://t.co/soKDp2y4sJ'",Belarus,1303672281013477376
LadyK_Gemini22,"b'A large financial windfall from an inheritance, tax refund, co... More for Gemini https://t.co/soKDp2y4sJ'",Belarus,1303672281013477376
LadyK_Gemini22,"b'A large financial windfall from an inheritance, tax refund, co... More for Gemini https://t.co/soKDp2y4sJ'",Belarus,1303672281013477376
LadyK_Gemini22,"b'A large financial windfall from an inheritance, tax refund, co... More for Gemini https://t.co/soKDp2y4sJ'",Belarus,1303672281013477376
astronaut_and_K,b'in love\nwith Matthew McConaughey\n(hope wrote that right)',Belarus,1306718751451230213
ashvlv,b'?Morning starts with \n\n                                         coffee? https://t.co/6rlYkbJbG1',Belarus,1306687890148261891
_PuppyKing_,"b""@YeltsinOcelot EA CHAD CORP'S""",Belarus,1306670867364151297
Sveta36343550,"b""You can always find options to leave, it's stupid to lock people in a cage in the 21st century to humiliate them...? https://t.co/b8JMZcnzsD""",Belarus,1306657177483042818
Sveta36343550,"b'At the railway station announced: ""railway with the people! Long Live Belarus!"" Make the right choice!!! Do good an? https://t.co/pE8rhpDDfw'",Belarus,1306637591115108353
ashvlv,"b'?You?become?responsible,?forever,?for?what?you?have?tamed?'",Belarus,1306629949361618945
ashvlv,b'?Music is the soul of language.?\n\n         ? Music is my life ?',Belarus,1306629221352177665
ashvlv,b'?After all this time??\n\n                                      Always!???',Belarus,1306627168089395202
ashvlv,b'Sony PSP 3008 https://t.co/5xGRXzKNsd',Belarus,1306602320600469504
Sveta36343550,"b'Thank you very much to the European countries for their support, this is very important for the people of Belarus,? https://t.co/6TNTOpey0s'",Belarus,1306602126915723269
Gnrl_Strike_Bot,b'RT @Sveta36343550: A pretty Cup!!! 80% of Belarusians dream of drinking from one of these!!! ????? #Belarus #BelarusSolidarity #BelarusFree?',Belarus,1306600889071923200
wheniwasthere,b'RT @Sveta36343550: A pretty Cup!!! 80% of Belarusians dream of drinking from one of these!!! ????? #Belarus #BelarusSolidarity #BelarusFree?',Belarus,1306600865722257408
Aleksan92206788,b'CryptoTab Browser is the world?s first web browser with built-in mining features. Familiar Chrome user interface is? https://t.co/R4QHk24W8y',Belarus,1306526141864345606
Sveta36343550,b'A pretty Cup!!! 80% of Belarusians dream of drinking from one of these!!! ????? #Belarus #BelarusSolidarity? https://t.co/QtdoZNGrpz',Belarus,1306518679136407552
vladrad23,b'@ImNathanBennett Cool',Belarus,1306484866498916363
Sveta36343550,"b'If they are so merciful, why do they not respect Belarusians, but beat Them with batons, throw them in jail, call t? https://t.co/6UGMAUiIey'",Belarus,1306480241955700736
haraldwl,b'RT @Sveta36343550: Thank you very much for support!!! Your support is a very important for us!!! Together we will win ????? #Belarus #Belar?',Belarus,1306305866170331136
usagimiamoto,b'#SongOfTheDay @Unprocessedband @ManuelGardnerFe - Abandoned\n\nGuitar work is amazing! https://t.co/A750myngpl',Belarus,1306294113331970051
Sveta36343550,b'Thank you very much for support!!! Your support is a very important for us!!! Together we will win ????? #Belarus? https://t.co/JhiE3ISsfz',Belarus,1306289913684467714
alexczare,b'@kanyewest Yeaaa Solidarity',Belarus,1306279526557782016
alexczare,b'@kanyewest We will pray even more often',Belarus,1306277310333628416
alexczare,b'@kanyewest It was a lot of spam ?',Belarus,1306276693292843012
alexczare,b'@kanyewest Putin',Belarus,1306273151609901057
sulfur32066,"b'@pathofexile would game work on other Unix OS(Ubuntu, Mint) after reliase for Mac OS?'",Belarus,1306244887457783810
EjnwHuxRYw0GJDE,"b'#eurusd long sl 1,1837'",Belarus,1306104726468034560
superochek,b'may the highest bless you',Belarus,1306103019575050240
EjnwHuxRYw0GJDE,"b'#EURUSD long &gt; 1,192 https://t.co/r54r9Xw4H2'",Belarus,1306093416665821185
EjnwHuxRYw0GJDE,"b'Short 1,192 #EURUSD'",Belarus,1306091219186049026
Sveta36343550,b'Thank you for support Belarus people in very difficult times!!! ????? #Belarus #BelarusSolidarity #BelarusFreedom https://t.co/rGCOl2xmEc',Belarus,1305950076670537729
rinekov,b'RT @Sveta36343550: Belarusian doctors raised the white-red-white flag on the highest mountain in Austria! Belarusians are incredibly creati?',Belarus,1305877083944411137
a_oyasuml,b'@quiiproquo YEP cock',Belarus,1305875775028162560
Sveta36343550,"b'Thank you to Our Ukrainian friends in spirit!!! You are our true friends, not Russians who consider Belarusians the? https://t.co/DmEhlb2wXj'",Belarus,1305872820392595458
nifelia,b'@AmyLeeEV Belarus love you ????',Belarus,1305619699204599810
Sveta36343550,"b'Belarus - Warriors Of Light, Warriors Of Good! The road will be mastered by walking!!! Together until the end, unti? https://t.co/QOlFuWjgKI'",Belarus,1305557752392097793
usagimiamoto,b'Every breath that you take.?\nEvery role that I know.?\nEveryday live till break.?\nEveryone makes a show.?\nLook aroun? https://t.co/FbMOmEoaca',Belarus,1305554083659632642
smitschagen,b'RT @Sveta36343550: Belarusian doctors raised the white-red-white flag on the highest mountain in Austria! Belarusians are incredibly creati?',Belarus,1305550818553270272
Sveta36343550,"b'Football players-we stand in solidarity with you, violence is evil! But violence is a consequence!Free Association? https://t.co/4p0iNV5dQT'",Belarus,1305550629830643714
Sveta36343550,b'Belarusian doctors raised the white-red-white flag on the highest mountain in Austria! Belarusians are incredibly c? https://t.co/lX3MqJmWHM',Belarus,1305548192042356736
Sveta36343550,"b'Even dogs in Belarus are considered better than the authorities!!! The authorities, the election Commission, and th? https://t.co/54Z6qAFAPq'",Belarus,1305542449943711744
Sveta36343550,b'@smitschagen @HekelKortzicht The girl says: Why are parents not notified when the police come to school and arrange? https://t.co/REAkbmFEtk',Belarus,1305540604181520385
Sveta36343550,b'Manchester United thank you very much for such incredible support of the people Belarus in their quest for Freedom? https://t.co/cr7zlaXYzg',Belarus,1305538832650113025
Sveta36343550,b'Manchester United thank you very much for such incredible support of the people and culture of Belarus in difficult? https://t.co/2b02NMJ1u5',Belarus,1305533608434847749
Sveta36343550,"b'@goalsby In Latvia, they support the people of Belarus, and do not humiliate and beat people, as the authorities do? https://t.co/zSRv0JSap4'",Belarus,1305531664731459584
Sveta36343550,b'@smitschagen @HekelKortzicht There are many such situations in Belarusian schools now that parents are dissatisfied? https://t.co/9AxFt6Eh6Y',Belarus,1305529861541433352
Sveta36343550,b'@smitschagen @HekelKortzicht Parents: You must support humanism',Belarus,1305529374024839168
Sveta36343550,"b'@smitschagen @HekelKortzicht Parents say: The school should not teach children ideology, the school should give kno? https://t.co/naZ5HMwnjZ'",Belarus,1305529329183535105
Sveta36343550,b'Thank you for support!!! Together we will win dictator!?????#Belarus #BelarusSolidarity #BelarusFreedom https://t.co/VaJMHh4HTK',Belarus,1305491040254787584
a_oyasuml,b'the ult                             the user https://t.co/xhgxc0NatI https://t.co/4VUebFAUc6',Belarus,1305215582250446848
Sveta36343550,"b'In the Kremlin, let them monitor their power and its change or not, why do they interfere in the Affairs of Belarus? https://t.co/7pedWbPSOv'",Belarus,1305187521253584898
ayrienie,b'RT @Sveta36343550: Mogilev Solidarity March!!! People say they were not paid to go to the Solidarity rally. They marry their loved ones who?',Belarus,1305184892544790530
smitschagen,b'RT @Sveta36343550: Mogilev Solidarity March!!! People say they were not paid to go to the Solidarity rally. They marry their loved ones who?',Belarus,1305184303802978312
Sveta36343550,b'Mogilev Solidarity March!!! People say they were not paid to go to the Solidarity rally. They marry their loved one? https://t.co/zWO5TONLxS',Belarus,1305184139986038785
patienttrading,b'RT @Sveta36343550: European countries that block sanctions against Belarus support rough beating of women by police #Belarus #Belarus2020',Belarus,1305182656901021698
Sveta36343550,b'Thank you for your support!!! We really need the support of the International community and famous people in the pu? https://t.co/tQHgHLuPl6',Belarus,1305176270137896960
Sveta36343550,b'European countries that block sanctions against Belarus support rough beating of women by police #Belarus? https://t.co/YzJvAxndKr',Belarus,1305175455713157124
smitschagen,"b'RT @Sveta36343550: The people of Belarus are incredible, bold, creative and never give up!!! And the authorities are petty, vile, unscrupul?'",Belarus,1305173664225259520
smitschagen,b'RT @Sveta36343550: I admire the Unity and Solidarity of Minsk!!! March of heroes more than 500 thousand people-This is how Belarusians peac?',Belarus,1305171092206768139
Sveta36343550,b'I admire the Unity and Solidarity of Minsk!!! March of heroes more than 500 thousand people-This is how Belarusians? https://t.co/ssmkaZirfG',Belarus,1305165852380200961
Sveta36343550,"b'@smitschagen We pay taxes, for which they keep the riot Police, and the riot Police beat us and severely detain us'",Belarus,1305161280337121280
Sveta36343550,b'@smitschagen A woman tells the riot Police that the people (especially young people) earn us money. Says: You would? https://t.co/9E2LtdMb0D',Belarus,1305160782049665025
GarniMag,b'RT @dzenik23: @Sandvine How much did bloody dictator Lukashenko pay you for your help in August? You ruined your reputation by helping him.',Belarus,1305028096148623360
EjnwHuxRYw0GJDE,b'Excellent work',Belarus,1304976484449300480
EjnwHuxRYw0GJDE,b'Help',Belarus,1304976399854428160
dzenik23,b'@Sandvine How much did bloody dictator Lukashenko pay you for your help in August? You ruined your reputation by helping him.',Belarus,1304816034856275971
ofmarblewoods,"b""@violetheda @WildpipM You are it happens, stop the bullying it doesn't make you any better""",Belarus,1304795804767531008
Red712712,b'The rose is tender but has thorns...\n#Drawing\n#fashiondesigner \n#fashionslayer \n#RosesAreRed \n#characterDesign? https://t.co/OWewKG2Xpl',Belarus,1304764444891852800
KrabosMuchachos,b'@theflowmag United States of Ukraine',Belarus,1304498702468485123
_PuppyKing_,b'@YibavURota @Oktopus_2 ye lf',Belarus,1304475264508887040
estmcam,"b'RT @Sveta36343550: Thank you to the countries that support and stand in Solidarity with the people of Belarus in very difficult, almost war?'",Belarus,1304468195370303496
estmcam,"b'RT @Sveta36343550: Thank you to the countries that support and stand in Solidarity with the people of Belarus in very difficult, almost war?'",Belarus,1304468179633213440
Sveta36343550,"b'Thank you to the countries that support and stand in Solidarity with the people of Belarus in very difficult, almos? https://t.co/zDpq4thEQx'",Belarus,1304464751305658369
Sveta36343550,"b'Thank you to the countries that support and stand in Solidarity with the people of Belarus in very difficult, almos? https://t.co/NoHrlD6ure'",Belarus,1304464627925954564
Sveta36343550,b'Countries that slow down the introduction of sanctions against Lukashenka and his security forces approve of the mo? https://t.co/fETQCePYIt',Belarus,1304452058049904641
superochek,"b""@MartinKrasiviy i'm already blessed""",Belarus,1304451536110710785
Sveta36343550,"b'Thank you to the countries that support and stand in Solidarity with the people of Belarus in very difficult, almos? https://t.co/KBhxuRzJ4P'",Belarus,1304450927659757570
ryumka_uliyliy,"b'@__sairy__ @MaryMargOlohan @LDiamond39 Satanism is not bad. I am a satanist, and there is rule, that says ""Satanism? https://t.co/jafUYIUjbS'",Belarus,1304263191321509890
Sveta36343550,b'Countries that slow down the introduction of sanctions against Lukashenka approve of the most terrible crimes again? https://t.co/Gz0tgcw14B',Belarus,1304060192615796736
Sveta36343550,b'Countries that slow down the introduction of sanctions against Lukashenka and his security forces approve of the mo? https://t.co/v4vhmuYtZT',Belarus,1304059047172341761
sirjustv,b'@3vanillamuffin3 That guy was rage against the machine bass',Belarus,1304031541874524166
ofmarblewoods,b'@OpponentsH well',Belarus,1304007674351235072
a_oyasuml,b'no context https://t.co/68RMxjWDHA',Belarus,1304004645363343360
trueRock_n_roll,b'@vopani hearthstone',Belarus,1303962665170198530
AlexSmolsky,b'@Chernozol I lovin completely nuts:)',Belarus,1303842904478298112
ArtistRTweeters,b'RT @keistolia: cute #snake\n.\n.\n.\n#cartoon #illustration #illustrator #illustrationartist #art #artist #artwork #digitalart #digitalillustra?',Belarus,1303766577142210564
keiweri_,b'cute #snake\n.\n.\n.\n#cartoon #illustration #illustrator #illustrationartist #art #artist #artwork #digitalart? https://t.co/A8aTPmjEqC',Belarus,1303766381477933056
keiweri_,b'cute #snake\n.\n.\n.\n#cartoon #illustration #illustrator #illustrationartist #art #artist #artwork #digitalart? https://t.co/A8aTPmjEqC',Belarus,1303766381477933056
keiweri_,b'cute #snake\n.\n.\n.\n#cartoon #illustration #illustrator #illustrationartist #art #artist #artwork #digitalart? https://t.co/A8aTPmjEqC',Belarus,1303766381477933056
keiweri_,b'cute #snake\n.\n.\n.\n#cartoon #illustration #illustrator #illustrationartist #art #artist #artwork #digitalart? https://t.co/A8aTPmjEqC',Belarus,1303766381477933056
keiweri_,b'cute #snake\n.\n.\n.\n#cartoon #illustration #illustrator #illustrationartist #art #artist #artwork #digitalart? https://t.co/A8aTPmjEqC',Belarus,1303766381477933056
keiweri_,b'cute #snake\n.\n.\n.\n#cartoon #illustration #illustrator #illustrationartist #art #artist #artwork #digitalart? https://t.co/A8aTPmjEqC',Belarus,1303766381477933056
dalexiis_,b'@v7arb Problems of being ugly',Belarus,1306724780570226690
dalexiis_,b'@v7arb Dw i feel ur pain',Belarus,1306724699037147137
dalexiis_,b'@v7arb Spain but s is silent',Belarus,1306723802538225668
dalexiis_,"b""@Yunace_ Who's this guy""",Belarus,1306693575690911745
reusdowskii,b'I LITERALLY STARTED CRYING WHEN I SAW THIS I LOVE HIM SO MUCH https://t.co/EfErxWMJy2',Belarus,1306688041755516930
dalexiis_,"b'@EzWalla Yessss, even when i was picking heroes i said ""tf why the animaci?n looks like more smooth"" i thought i wa? https://t.co/TRQExfCaBS'",Belarus,1306664405833220104
dalexiis_,b'@EzWalla Same i thought It was only me noticing this ?',Belarus,1306663484046880770
dalexiis_,b'@iiunax Yeaaaas',Belarus,1306640497411321857
dalexiis_,b'When u can actually stop overthinking ?',Belarus,1306633640558895104
dalexiis_,b'@Kxstom Get  off Moira we need ana.',Belarus,1306633406088982528
dalexiis_,"b'When  i was 10, 4 me  she was like the hottest girl ever https://t.co/HQ5BdmHGxm'",Belarus,1306617387811254273
dalexiis_,"b""I've wasted my nights\nYou turned out the lights\nNow I'm paralyzed\nStill stuck in that time\nWhen we called it love\nB? https://t.co/Fd2MjxKRXa""",Belarus,1306616217160093697
AdamsonSekeenat,b'Today is propitious for addressing any domestic issues that ne... More for Libra https://t.co/EAlMoHEtDV',Belarus,1306608996451721216
reusdowskii,b'can it get any creepier??? https://t.co/4MxppDifOA https://t.co/io1ihY8pM2',Belarus,1306589638895706118
reusdowskii,b'OH MY GOD https://t.co/hZozJXYEZM https://t.co/p9NTYd8LFm',Belarus,1306589282572746757
reusdowskii,b'oh my god what have we created https://t.co/bquKXlTRIE https://t.co/eWJYLYiK8P',Belarus,1306589186070175756
reusdowskii,b'damn im edgy',Belarus,1306583936718471168
reusdowskii,b'items that drop when you defeat me https://t.co/GxmwMslF7B https://t.co/TRpF6w7LC7',Belarus,1306583931920187398
dalexiis_,b'@mightybrig_ Horny bastard ?',Belarus,1306579154809376769
BraindeadArchie,b'@simak2k Bruh...',Belarus,1306558837877542918
SilverTY_TH,b'@fixstern_deep so nice! ??',Belarus,1306467762706034688
TeaWithFreak,b'FINALLY WE GOT SOME DEMON ASS https://t.co/zC5OQKW0kK',Belarus,1306357884746428417
reusdowskii,b'watch me get 2 likes https://t.co/i6MPkkutfv',Belarus,1306321342782996488
SilverTY_TH,"b'@fixstern_deep If it still actual, what about Whisper The Wolf (IDW)? :D'",Belarus,1306308426109198342
AdamsonSekeenat,b'Earthquake-like shocks of upheaval and change have driven you ... More for Libra https://t.co/EAlMoHEtDV',Belarus,1306246608284049410
polish_agent,b'Since march i lost my skill to ask people rude when they tell smth stupid',Belarus,1306134444521197569
polish_agent,b'#englishday ? Fuck this shit i hate people bulling me when i tell my opinion about smth on the lesson',Belarus,1306133630268444672
TeaWithFreak,"b""@MelonaDraws YES THANK YOU. I'M DYING.""",Belarus,1306127593943584769
dalexiis_,b'@v7arb Bott**',Belarus,1306043201762086913
dalexiis_,b'@v7arb Its like here on my main i play like a boy',Belarus,1306043161509351424
dalexiis_,b'3.7 blayer https://t.co/x7PE1fWiAC',Belarus,1306038201480613890
dalexiis_,b'Why am i lossing literally every game on my main',Belarus,1306037914539896832
KingOfDrakes69,"b""RT @dalexiis_: Who's https://t.co/WbnU3oswOZ""",Belarus,1305991542763663360
dalexiis_,"b""Who's https://t.co/WbnU3oswOZ""",Belarus,1305991279289999360
reusdowskii,b'twice https://t.co/vB1tFh07re',Belarus,1305945356455288832
aboodialmari,b'@NETDUMA hERE wE G00000000 GuyS',Belarus,1305923966985547778
reusdowskii,"b""@kisstopia ikr those ships are not just taste they are common sense how can someone NOT think they're canon""",Belarus,1305920802286637057
reusdowskii,b'hard same sis https://t.co/v7i18GUhxT',Belarus,1305919514962522114
AdamsonSekeenat,b'There is even more energy available to you than usual through ... More for Libra https://t.co/EAlMoHEtDV',Belarus,1305884219814457345
reusdowskii,"b'?without downloading any new pics, where are you mentally?? https://t.co/QxeqIILMT4 https://t.co/UQFlZyAVEc'",Belarus,1305876585606766596
dalexiis_,b'I need another season of The Young Wallander',Belarus,1305836401645309952
reusdowskii,b'#Affinitweet Hidden Twin\nmercuryCrease is my hidden twin ?\nFind out who is yours!\nvia https://t.co/mRqZbjlIeX https://t.co/cXQlEhwFkt',Belarus,1305831854340288513
maridavidd,"b'Check out new work on my @Behance profile: ""Website Catalog of services and executors | YseTut"" https://t.co/Hf7HNpSfl5'",Belarus,1305592473574666243
dalexiis_,b'@Andreawaifu @princ3ss_sima I agree with her',Belarus,1305583932436623360
dalexiis_,b'@Xyanxii @Lvnkuu Now knowed as suxziy https://t.co/FCUYCPgJMB',Belarus,1305583844893089793
dalexiis_,"b""Remind : don't date latin girls they're craaazy""",Belarus,1305580956615663623
DmitrievDima10,b'You make me the happiest?? https://t.co/FzlCMyfjtt',Belarus,1305564784029569024
tigger08751780,b'@bdangart omgggg doofus drake! so cool! ??',Belarus,1305553091551547392
AdamsonSekeenat,"b'Sudden, drastic changes may threaten your sense of security ab... More for Libra https://t.co/EAlMoHEtDV'",Belarus,1305521831651147776
reusdowskii,"b""i might not be as excited about obey me lately as i've been before but DAMN THAT BEEL SSR THO""",Belarus,1305486350389567498
dalexiis_,b'@Yunace_ @lanicole1045_ @mightybrig_ Fuck my life',Belarus,1305341720582860800
Arduisi_dos,b'RT @SilverTY_TH: Practice with lenticular\n\nDeva from #GwainSaga ? @Geo_Exe https://t.co/qEKI8SOabJ',Belarus,1305260367279534082
BraindeadArchie,b'@MzIvn The King has spoken',Belarus,1305239952448532480
TanyaVerner,b'Perfect ?? https://t.co/taZwTPkq1I',Belarus,1305232471416614913
dalexiis_,b'@Sarashtt Hi there',Belarus,1305208043928514562
Terror_Error_,"b""RT @dalexiis_: Who's this weirdo with like 4 fake accs laughing  at someone's face/body https://t.co/33gzcCO64d""",Belarus,1305196527481245698
dalexiis_,b'@viollous Just add this at the first second https://t.co/KTXoWE5re4',Belarus,1305195704231571458
dalexiis_,"b'@Smileydude2004 @Ashley_Hilton_ Fucking corrector, i wanted yo say fat'",Belarus,1305195015879249921
dalexiis_,"b'@Efdal_____ @Ashley_Hilton_ Noo, i was replying her'",Belarus,1305193987469381633
dalexiis_,"b'@Efdal_____ @Ashley_Hilton_ And btw why u dont Talk now with ur maint tw acc, u exposed urself b4, when u were crticizing him'",Belarus,1305193184780320770
Efdal_____,"b""RT @dalexiis_: Who's this weirdo with like 4 fake accs laughing  at someone's face/body https://t.co/33gzcCO64d""",Belarus,1305192513423187968
Sarashtt,"b""RT @dalexiis_: Who's this weirdo with like 4 fake accs laughing  at someone's face/body https://t.co/33gzcCO64d""",Belarus,1305186113443725312
Lvnkuu,"b""RT @dalexiis_: Who's this weirdo with like 4 fake accs laughing  at someone's face/body https://t.co/33gzcCO64d""",Belarus,1305184443276111872
kayjiio,"b""RT @dalexiis_: Who's this weirdo with like 4 fake accs laughing  at someone's face/body https://t.co/33gzcCO64d""",Belarus,1305176042483732482
LS3mpai,"b""RT @dalexiis_: Who's this weirdo with like 4 fake accs laughing  at someone's face/body https://t.co/33gzcCO64d""",Belarus,1305175913097723909
dalexiis_,"b""RT @dalexiis_: Who's this weirdo with like 4 fake accs laughing  at someone's face/body https://t.co/33gzcCO64d""",Belarus,1305175499518377985
Andreawaifu,"b""RT @dalexiis_: Who's this weirdo with like 4 fake accs laughing  at someone's face/body https://t.co/33gzcCO64d""",Belarus,1305175311429054465
iiunax,"b""RT @dalexiis_: Who's this weirdo with like 4 fake accs laughing  at someone's face/body https://t.co/33gzcCO64d""",Belarus,1305174568642977792
dalexiis_,b'At least if ir going to do this dont do It in a fake acc pussy',Belarus,1305174103645736961
dalexiis_,"b""Who's this weirdo with like 4 fake accs laughing  at someone's face/body https://t.co/33gzcCO64d""",Belarus,1305173687419707395
AdamsonSekeenat,b'Great energy is stirred up in your career today by a riveting ... More for Libra https://t.co/EAlMoHEtDV',Belarus,1305159447816273920
DmitrievDima10,"b""@_kkkaarrina_ I'm your baby??\nYou my princess ??""",Belarus,1305092152909860864
dalexiis_,b'@v7arb This is gold',Belarus,1305061616413704195
AdamsonSekeenat,"b'You are going public with a powerful emotion today, shouting f... More for Libra https://t.co/EAlMoHEtDV'",Belarus,1304797059422191616
dalexiis_,b'@poke_oni @v7arb He is The best Lybian player ?',Belarus,1304591540002729986
dalexiis_,b'@poke_oni Poggers',Belarus,1304590321905553408
dalexiis_,"b""@poke_oni What's ur Sr""",Belarus,1304590133447077888
dalexiis_,b'HIGHEST*',Belarus,1304584771843088386
dalexiis_,"b""Atm who' the higest tank on eu?""",Belarus,1304584495392337921
dalexiis_,b'@MattBeast_ @mightybrig_ Google it',Belarus,1304477430648918016
dalexiis_,"b'@MattBeast_ @mightybrig_ Oh fuck, its a sipmly Game, u re playing It rn, and if u remeber that u re playing It u loss'",Belarus,1304477052037455873
dalexiis_,"b'@MattBeast_ @mightybrig_ U dont know what is ""The Game""'",Belarus,1304476717571072000
dalexiis_,b'When u say that u re spanish in a na lobby https://t.co/iUkbYgzkdp',Belarus,1304442239066701826
dalexiis_,b'@OW_Ritzi @mightybrig_ @nvdellicious He is.',Belarus,1304440349209825280
dalexiis_,b'@FilipeUff @tandeoverwatch @WhoXim Lucifer56 on sym with harrytakumi and thedacota in the same team ???',Belarus,1304439710086033409
dalexiis_,b'@Kxstom @danieIxt We got this',Belarus,1304439219297890304
McJohn974,b'Trying out @theTunnelBear so I can browse privately from my ISP https://t.co/DOKD5mOWZv https://t.co/bRWit5fsgf',Belarus,1304437262869028866
AdamsonSekeenat,b'You may have to work to keep stormy feelings at bay while you ... More for Libra https://t.co/EAlMoHEtDV',Belarus,1304434668201078790
dalexiis_,b'@BonnieAttack Dva is Broken rn',Belarus,1304347691124764674
AntonioModer,b'@CyberpunkGame I will play for: https://t.co/6qaxRNiWrn',Belarus,1304330115955019777
reusdowskii,b'Bleach: Brave Souls Campaign is on now! Follow @bleachbrs_en and tweet with #BBSMuseum for a chance to win merch!',Belarus,1304219244532502528
dalexiis_,b'U lost.',Belarus,1304175261655556097
dalexiis_,"b'They did, time to ot my shitty dva again ?'",Belarus,1304126191348133888
AdamsonSekeenat,b'Today you are exceptionally intuitive and receptive to the fac... More for Libra https://t.co/EAlMoHEtDV',Belarus,1304072285247037440
dalexiis_,b'Are they going to Nerf hog today?',Belarus,1304060048826675202
AjaTerrine,b'RT @AntonioModer: First played the #VR #HalfLifeAlyx\n(HTC Vive) https://t.co/uVqDdO6ryF',Belarus,1304051055840448513
dalexiis_,"b""@kyoyaIts U have the same person avoided twice, and the worst thing is that he's spanish hahahhahaha""",Belarus,1303998426623995904
trueninjaBY,b'@NVIDIAGeForce @msigaming #UltimatePlay yahoo',Belarus,1303973113168891904
reusdowskii,b'@Scenfau OH MY GOD YOUR VOICE RANGE',Belarus,1303815905722408961
reusdowskii,"b""sexy gamer lmao i thought you're not supposed to dress up as yourself https://t.co/qB8OdFTGR5""",Belarus,1303810900969893889
Landadu1,"b'That Vergil announcement sure was a surprise, but a good one. It?s somewhat strange to see special edition without? https://t.co/r3ueOalpQL'",Belarus,1306513863731548165
VytasNeviera,b'Including #Lithuania. https://t.co/v6qp5q3F0y',Belarus,1306351632607838208
nanocentaur,b'Do you remember when you joined Twitter? I do! #MyTwitterAnniversary https://t.co/TW3SQtDMPv',Belarus,1306337206836047877
KortezR_,"b'I still need pool practice to be good on tournaments, but I dont really know If I will have enough free time in weekdays to practice pools ?'",Belarus,1306295147462889473
ArturBasak,"b'@jensimmons I think this could be useful for applications such as a calendar, a todo list, or time filters, but it? https://t.co/dL1CsLleYq'",Belarus,1306289145430634498
amby_okoli,"b'It?s the (successful) twist-outs,low puffs, high buns,flat twists.\nIt?s the entire Afro hair for me.\nAfro hair ? Ra? https://t.co/vDk9Xop2pU'",Belarus,1306193072376745989
kuon_orochi,b'RT @Landadu1: Into the Breach fanart conversion I did a few weeks ago. I am really thrilled with idea of a game ItB-like in fantasy setting?',Belarus,1306192329922039809
rissandquan1,b'RT @lexi_rivera18: Follow on fb. \nhttps://t.co/amrUBu8phS',Belarus,1306164259425005569
lexi_rivera18,b'Follow on fb. \nhttps://t.co/amrUBu8phS',Belarus,1306164078231138304
lexi_rivera18,b'Comment if u want to join Lexi and Brent discord.',Belarus,1306161442844966912
Landadu1,b'RT @Landadu1: Into the Breach fanart conversion I did a few weeks ago. I am really thrilled with idea of a game ItB-like in fantasy setting?',Belarus,1306126405101645825
tinytouchtales,b'RT @Landadu1: Into the Breach fanart conversion I did a few weeks ago. I am really thrilled with idea of a game ItB-like in fantasy setting?',Belarus,1306092652555915264
WealthyAardvark,b'RT @Landadu1: Into the Breach fanart conversion I did a few weeks ago. I am really thrilled with idea of a game ItB-like in fantasy setting?',Belarus,1306072953684197383
KemonoBito1987,b'RT @Landadu1: Into the Breach fanart conversion I did a few weeks ago. I am really thrilled with idea of a game ItB-like in fantasy setting?',Belarus,1306058901524156421
NetworkIndie,b'RT @Landadu1: Into the Breach fanart conversion I did a few weeks ago. I am really thrilled with idea of a game ItB-like in fantasy setting?',Belarus,1306058581037457411
JarMustard,b'RT @Landadu1: Into the Breach fanart conversion I did a few weeks ago. I am really thrilled with idea of a game ItB-like in fantasy setting?',Belarus,1306058532962226176
VytasNeviera,"b'#Belarus?ians, #Lithuania is with you! ???? https://t.co/X8Berr9MSu'",Belarus,1305994310215700481
VytasNeviera,"b'@evilhag @chrisbosh Honestly, America, make the voting day a day off like any other normal democracy in the world.? https://t.co/GVsrjtXREt'",Belarus,1305993831247228930
KortezR_,"b'Anyone who has study+job (or just any kind of busy, actually)\nTell me pls how do you handle doing all required thin? https://t.co/eWUYL29gES'",Belarus,1305910585096364038
MvFaraway,b'RT @izvath: Hello friends. My mamma has started making tea boxes for order for MVR25. Each tea box is inclusive of; \n1 Bajiyaa \n1 Gulha\n1 K?',Belarus,1305622170131857408
routinelygothic,"b'@AJEnglish just go already, oh my god'",Belarus,1305600403699052544
KortezR_,b'#NewProfilePic\nsource: https://t.co/3gT6ENDwba https://t.co/8zLy4lryg9',Belarus,1305600181757501442
KortezR_,b'@YoshiLover456 sadge',Belarus,1305577477088120834
KortezR_,b'@Kahli_osu Happy Birthday ?',Belarus,1305459465567768578
Landadu1,b'I just realized that eventually @Garretthanna is going to draw Vegito! Let?s go boys!',Belarus,1305455426935443461
pavelts,"b'Belarus: 100,000 join rally against Lukashenko on eve of Putin showdown https://t.co/owCJTu9nMa'",Belarus,1305227343838023680
sookiesnobbs,"b'@sorola Gus, this is important! would your pickles be pickles in Connecticut? https://t.co/yjEHtshcAG'",Belarus,1305219788382363651
routinelygothic,b'@BBCWorld every day.',Belarus,1305197043875540993
FansNeman,b'@ohsolipeveloso @NemanGlasgow Nope',Belarus,1305183813409136640
artyomkhomyakov,b'@DedPerded1988 Be like https://t.co/KsVoY3Tqdw',Belarus,1305157306661982208
pavelts,b'@ThomasVLinge Great!',Belarus,1305129743218618368
liufegi,b'@MWatts3376 Spice boys',Belarus,1305128094458675201
KortezR_,b'@mikel1450 Hello?',Belarus,1305043266308648960
routinelygothic,b'theatres... i love theatres!! https://t.co/QReA1kOLK3',Belarus,1304884146267979776
LWOnilink,"b""RT @ArstonMusic: I'll never stop. Whatever happens to the world there always will be music in my hearth ? 'When We Were Young' together wit?""",Belarus,1304843103094927362
karthik2731,b'@iPoonampandey What a boobs &amp; nipple ?',Belarus,1304840039214407680
HylianKitten,"b""RT @ArstonMusic: I'll never stop. Whatever happens to the world there always will be music in my hearth ? 'When We Were Young' together wit?""",Belarus,1304787448250105856
RevealedRecWW,"b""RT @ArstonMusic: I'll never stop. Whatever happens to the world there always will be music in my hearth ? 'When We Were Young' together wit?""",Belarus,1304785553930498048
RevealedSPA,"b""RT @ArstonMusic: I'll never stop. Whatever happens to the world there always will be music in my hearth ? 'When We Were Young' together wit?""",Belarus,1304783904365326337
FansNeman,b'FULL TIME!! A massive win on the road for our lads! It finished RUKH 2-3 NEMAN!! Sorry for the lack of updates but? https://t.co/PzQMagw83k',Belarus,1304766844436348930
AfshanLatheef,b'RT @izvath: Guys please follow my mamma?s instagram page and show some love! Thank you all for the support!! ???? \nhttps://t.co/ljRbM5Vxws',Belarus,1304702824744284160
lexi_rivera18,b'Do u guys want to join Lexi discord? If yes then comment',Belarus,1304660263845670913
LeeVanCleef_3,"b'RT @Landadu1: Hey, @ArcSystemWorksU here is a Kum Haehyun you may like!\n\n#GuiltyGear https://t.co/bWKisDV8dK'",Belarus,1304652561534902272
KortezR_,b'22. Discord ofc',Belarus,1304628618073640963
CaptainQuagsire,"b'RT @Landadu1: Hey, @ArcSystemWorksU here is a Kum Haehyun you may like!\n\n#GuiltyGear https://t.co/bWKisDV8dK'",Belarus,1304538356630663170
Danii_1498,"b""RT @ArstonMusic: I'll never stop. Whatever happens to the world there always will be music in my hearth ? 'When We Were Young' together wit?""",Belarus,1304531643458351105
dr_sam5,b'@Aranbaal @ManUtd_Sources @ManUtd Do you think Mason Greenwood will bench Sancho??',Belarus,1304518562657206275
dr_sam5,b'@Aranbaal @ManUtd_Sources @ManUtd So when these players are injured who comes I. For them?? We need ppl and I know? https://t.co/IQXcfT814J',Belarus,1304509208776396800
john_mcal,b'RT @FansNeman: ??TOMORROW WE RETURN \n? Rukh Brest (away)\n? KICK OFF 12:00 UK \n? 14:00 Belarus time\n\nAfter disappointment in our last two ma?',Belarus,1304493231837720578
FansNeman,b'??TOMORROW WE RETURN \n? Rukh Brest (away)\n? KICK OFF 12:00 UK \n? 14:00 Belarus time\n\nAfter disappointment in our la? https://t.co/sYwheUFllo',Belarus,1304493152867422208
DjDomwell,"b""RT @ArstonMusic: I'll never stop. Whatever happens to the world there always will be music in my hearth ? 'When We Were Young' together wit?""",Belarus,1304489538098659328
dr_sam5,b'@Aranbaal @ManUtd_Sources @ManUtd No I want to know the wingers that guarantees 20+ goals at the club presently. Pl? https://t.co/AOq0eWPeZ3',Belarus,1304488329086480389
humdha,b'RT @izvath: Guys please follow my mamma?s instagram page and show some love! Thank you all for the support!! ???? \nhttps://t.co/ljRbM5Vxws',Belarus,1304485900382957568
aldia424,b'RT @izvath: Guys please follow my mamma?s instagram page and show some love! Thank you all for the support!! ???? \nhttps://t.co/ljRbM5Vxws',Belarus,1304485173694586880
KortezR_,b'19. Sprite xD\nBut seriously prefer Coca Cola if 1 of this 2',Belarus,1304483667369234432
dr_sam5,b'@Aranbaal @ManUtd_Sources @ManUtd These*',Belarus,1304482380812636168
dr_sam5,b'@Aranbaal @ManUtd_Sources @ManUtd Lol you are confusing me. Please write the names of this wingers.',Belarus,1304482296318357505
faesal_ismael,b'RT @izvath: Guys please follow my mamma?s instagram page and show some love! Thank you all for the support!! ???? \nhttps://t.co/ljRbM5Vxws',Belarus,1304479639578882050
IllathHassan,b'RT @izvath: Guys please follow my mamma?s instagram page and show some love! Thank you all for the support!! ???? \nhttps://t.co/ljRbM5Vxws',Belarus,1304470357005402113
mrs_mystic_,b'RT @izvath: Guys please follow my mamma?s instagram page and show some love! Thank you all for the support!! ???? \nhttps://t.co/ljRbM5Vxws',Belarus,1304470209839783938
MRifgaR,b'RT @izvath: Guys please follow my mamma?s instagram page and show some love! Thank you all for the support!! ???? \nhttps://t.co/ljRbM5Vxws',Belarus,1304470136712171520
_zahu_a_r_,b'RT @izvath: Guys please follow my mamma?s instagram page and show some love! Thank you all for the support!! ???? \nhttps://t.co/ljRbM5Vxws',Belarus,1304469463983480832
Shanna_ismail,b'RT @izvath: Hello friends! We are taking orders for tea boxes for Friday! Each tea box is inclusive of; \n1 Bajiyaa \n1 Gulha\n1 Kavaabu\n1 Bis?',Belarus,1304469400464969728
Shanna_ismail,b'RT @izvath: Guys please follow my mamma?s instagram page and show some love! Thank you all for the support!! ???? \nhttps://t.co/ljRbM5Vxws',Belarus,1304469336682164224
Aaximms,b'RT @izvath: Guys please follow my mamma?s instagram page and show some love! Thank you all for the support!! ???? \nhttps://t.co/ljRbM5Vxws',Belarus,1304467919531720704
Muavviyath,b'RT @izvath: Guys please follow my mamma?s instagram page and show some love! Thank you all for the support!! ???? \nhttps://t.co/ljRbM5Vxws',Belarus,1304467909410877441
NavieNazim,b'RT @izvath: Guys please follow my mamma?s instagram page and show some love! Thank you all for the support!! ???? \nhttps://t.co/ljRbM5Vxws',Belarus,1304466665644539905
eyyjeyyyy,b'RT @izvath: Guys please follow my mamma?s instagram page and show some love! Thank you all for the support!! ???? \nhttps://t.co/ljRbM5Vxws',Belarus,1304462477321801728
izvath,b'Guys please follow my mamma?s instagram page and show some love! Thank you all for the support!! ???? \nhttps://t.co/ljRbM5Vxws',Belarus,1304460586227507218
ArstonMusic,"b""I'll never stop. Whatever happens to the world there always will be music in my hearth ? 'When We Were Young' toget? https://t.co/GhonuL5gaB""",Belarus,1304443236946268164
RazinaDhahtha,b'RT @izvath: Hello friends! We are taking orders for tea boxes for Friday! Each tea box is inclusive of; \n1 Bajiyaa \n1 Gulha\n1 Kavaabu\n1 Bis?',Belarus,1304438244726042624
KortezR_,"b'18. Twi... oh, instagram then :D'",Belarus,1304426125356134400
KortezR_,b'17. Twitter',Belarus,1304420687738699779
e_shmurai,b'@viktar_babaryka Ave Maria!',Belarus,1304404961141420032
Landadu1,"b'@Franrekk god, why am I a slav, living thousands of miles away? Those cupcakes look so good!'",Belarus,1304384425669558274
ptachblr,b'Cheap Shutterstock image or vector (5+ pcs) https://t.co/8CLUdcCcFo',Belarus,1304381833799503872
dr_sam5,b'@Aranbaal @ManUtd_Sources @ManUtd Who are our 2 top scoring wingers. Mason isn?t matured enough to start in CL. We? https://t.co/ShbTH3nEjx',Belarus,1304361041506250753
Landadu1,"b'Hey, @ArcSystemWorksU here is a Kum Haehyun you may like!\n\n#GuiltyGear https://t.co/bWKisDV8dK'",Belarus,1304342035961466880
_zahu_a_r_,b'RT @izvath: Hello friends! We are taking orders for tea boxes for Friday! Each tea box is inclusive of; \n1 Bajiyaa \n1 Gulha\n1 Kavaabu\n1 Bis?',Belarus,1304339353217331200
KortezR_,b'16. Twitter',Belarus,1304338463253299200
KortezR_,"b'15. Evening, but if certain choice then night'",Belarus,1304338423449255938
KortezR_,b'13. No\n14. No? If I get the question right',Belarus,1304336144272949248
uteshevas,b'@LinkeviciusL It was really awful when I saw it on-line waiting my flight to New-York in lounge. RIP all the victim? https://t.co/BIlcc93SxS',Belarus,1304331363659780096
MrDeAmigo,b'RT @izvath: Hello friends! We are taking orders for tea boxes for Friday! Each tea box is inclusive of; \n1 Bajiyaa \n1 Gulha\n1 Kavaabu\n1 Bis?',Belarus,1304303285373792256
slavno4,b'@porolosha actually can relate',Belarus,1304300968193011712
dr_sam5,b'@Aranbaal @ManUtd_Sources @ManUtd Well we don?t. How many goals did the other teams score in comparison with ours?? We need him',Belarus,1304292324680306689
KortezR_,"b'11. Well, kinda, but now I am not thinking about it'",Belarus,1304286245271539713
KortezR_,"b'11. Well, kinda, but now I am not thinking about it'",Belarus,1304286245271539713
dr_sam5,"b'@iamMichael_Iyke @ManUtd_Sources @ManUtd Who will play the RW, Mason Greenwood who wasn?t effective in every game o? https://t.co/KbiRhPGVzZ'",Belarus,1304282913165512706
dr_sam5,"b'@Aranbaal @ManUtd_Sources @ManUtd No we need a RW before a CB and a DM. We have Matic, Fred, McTominay and even VDB? https://t.co/pvLdDIssHu'",Belarus,1304282230399864833
uteshevas,b'Bloody butcher https://t.co/HSu7lmo6VU',Belarus,1304212425982566400
uteshevas,b'@CNN The real good news',Belarus,1304207567523139584
KortezR_,"b'10. As you can guess, nope'",Belarus,1304153737129332738
routinelygothic,b'@GibiOfficial yesss James',Belarus,1304149172002709504
KortezR_,"b'9. Except parent love nah, dont think so'",Belarus,1304143816295952385
KortezR_,"b'7. No\n8. Well, becuz of 9th questtion I guess it is obvious yes, I mean who doesnt?'",Belarus,1304142039823642626
routinelygothic,"b'""Dear Theodosia"" from Hamilton - Ben Folds &amp; Regina Spektor with the NSO... https://t.co/brRxNj2FlW via @YouTube'",Belarus,1304135318468255744
korenevich9,"b'@alexfilippchik alright, alright, alright\nLet?s try ?'",Belarus,1304130868483629056
FansNeman,b'@NemanGlasgow @fcrukhUK Got about another 12 left. Just give me a message on here and I?ll sort you out',Belarus,1304121231734648837
routinelygothic,b'@AJWitness @AJEnglish there has not been any particularly blessed land here as long as live',Belarus,1304115281686659072
Aaximms,b'RT @izvath: Hello friends! We are taking orders for tea boxes for Friday! Each tea box is inclusive of; \n1 Bajiyaa \n1 Gulha\n1 Kavaabu\n1 Bis?',Belarus,1304105879361314817
neenamarrichie,b'RT @izvath: Hello friends! We are taking orders for tea boxes for Friday! Each tea box is inclusive of; \n1 Bajiyaa \n1 Gulha\n1 Kavaabu\n1 Bis?',Belarus,1304102137891151872
anuppeyyyy,b'RT @izvath: Hello friends! We are taking orders for tea boxes for Friday! Each tea box is inclusive of; \n1 Bajiyaa \n1 Gulha\n1 Kavaabu\n1 Bis?',Belarus,1304085935227691008
eyyjeyyyy,b'RT @izvath: Hello friends! We are taking orders for tea boxes for Friday! Each tea box is inclusive of; \n1 Bajiyaa \n1 Gulha\n1 Kavaabu\n1 Bis?',Belarus,1304085872371933184
izvath,b'We?re also selling Coke/Sprite cans for MVR15 to go with the tea box. Thank you for the support! ?',Belarus,1304085513478045697
izvath,b'Hello friends! We are taking orders for tea boxes for Friday! Each tea box is inclusive of; \n1 Bajiyaa \n1 Gulha\n1 K? https://t.co/lODTcM4WWX',Belarus,1304085203900563458
prefislt,b'@saras1601 pls pls pls https://t.co/lCtTYO4pGv',Belarus,1304064412786008064
03November1988,b'RT @izvath: Hello friends. My mamma has started making tea boxes for order for MVR25. Each tea box is inclusive of; \n1 Bajiyaa \n1 Gulha\n1 K?',Belarus,1304063644779663374
Landadu1,b'Simon is an outstanding artist. You should definitely check out his artstation or insta:\nhttps://t.co/tqNYCuw3lq? https://t.co/UoelBkdPbX',Belarus,1304034931522310144
Landadu1,b'dune illustration by Simon Goinard. While I loved how trailer feels I wish there were a little bit more color. https://t.co/33xO7bXSFe',Belarus,1304033871869009920
Mantas_Rekus,b'@JockLandale In Lithuania 40 per day is as bad is it gets so considering the numbers  its understandable as to why.',Belarus,1304005747374780417
routinelygothic,"b'@CoESpokesperson why ""risks""? it has become that already'",Belarus,1303990960167190528
mksm84,b'@SecPompeo @CyprusMFA Cyprus - the prostitute of Russia',Belarus,1303979658837397510
mksm84,b'@CyprusMFA @Christodulides @kkorneliou @CyprusinRussia @Demetris_Samuel @MID_RF @PIOcy Cyprus - the prostitute of Russia',Belarus,1303979518592507905
mksm84,b'@CyprusMFA @Christodulides @MID_RF @CyprusinRussia @kkorneliou @Demetris_Samuel @PIOcy @RusEmbCyprus Cyprus - the prostitute of Russia',Belarus,1303979475676336128
mksm84,b'@CyprusMFA @Christodulides @MID_RF @CyprusinRussia @RusEmbCyprus @PIOcy @kkorneliou @Demetris_Samuel Cyprus is the? https://t.co/tLFyQLgRR6',Belarus,1303979297942704128
mksm84,b'@CyprusMFA @Christodulides @MID_RF @CyprusinRussia @RusEmbCyprus @PIOcy @kkorneliou @Demetris_Samuel Cyprus is the? https://t.co/rVBkdH6mYc',Belarus,1303979259065704448
mksm84,b'@GenderMFACyprus @CyprusMFA @Christodulides @CyprusInGeneva @CyprusinUN @JosieChristod Cyprus is the shame of the w? https://t.co/Dyrv7PKyzD',Belarus,1303979085459263488
routinelygothic,b'@ogospadziplina cannot be avoided',Belarus,1303975691491442689
KortezR_,"b""I'm team #GIF. How do you pronounce it?""",Belarus,1303973965375975424
boijaleel,b'RT @izvath: Hello friends. My mamma has started making tea boxes for order for MVR25. Each tea box is inclusive of; \n1 Bajiyaa \n1 Gulha\n1 K?',Belarus,1303823618082656256
uteshevas,b'Failed state - the same as Hamas or Columbia?s narkocartels https://t.co/Tpwc83F80J',Belarus,1303790486679887875
KortezR_,b'@osuAtipir No need to sorry bro xD',Belarus,1303789895224307716
55bb553,b'RT @pavelts: Statement on the human rights situation in Belarus https://t.co/YSBepmIhIr',Belarus,1303768468441960454
pavelts,b'Statement on the human rights situation in Belarus https://t.co/YSBepmIhIr',Belarus,1303768285310312448
yunghost1k,b'@wrld_mag @Skepta @asvpxrocky @POPSMOKE10 one day we get dis joint',Belarus,1303691926433079297
slavno4,b'wild',Belarus,1303676592670093312
jawaadh29,b'RT @izvath: Hello friends. My mamma has started making tea boxes for order for MVR25. Each tea box is inclusive of; \n1 Bajiyaa \n1 Gulha\n1 K?',Belarus,1303673073992790016
routinelygothic,b'was thinking about it myself the last days',Belarus,1303665448635043840
routinelygothic,"b""i don't care for Nobel, but that'll be good-looking""",Belarus,1303665329739124736
hawwansuzan,b'RT @izvath: Hello friends. My mamma has started making tea boxes for order for MVR25. Each tea box is inclusive of; \n1 Bajiyaa \n1 Gulha\n1 K?',Belarus,1303661447092736001
k0okie,b'RT @izvath: Hello friends. My mamma has started making tea boxes for order for MVR25. Each tea box is inclusive of; \n1 Bajiyaa \n1 Gulha\n1 K?',Belarus,1303656820049735681
bulhaa,b'RT @izvath: Hello friends. My mamma has started making tea boxes for order for MVR25. Each tea box is inclusive of; \n1 Bajiyaa \n1 Gulha\n1 K?',Belarus,1303652433755664386
_maail10,b'RT @izvath: Hello friends. My mamma has started making tea boxes for order for MVR25. Each tea box is inclusive of; \n1 Bajiyaa \n1 Gulha\n1 K?',Belarus,1303651152999768064
Ibaa_abdulla,b'RT @izvath: Hello friends. My mamma has started making tea boxes for order for MVR25. Each tea box is inclusive of; \n1 Bajiyaa \n1 Gulha\n1 K?',Belarus,1303635104120492033
fathimaissok,b'RT @izvath: Hello friends. My mamma has started making tea boxes for order for MVR25. Each tea box is inclusive of; \n1 Bajiyaa \n1 Gulha\n1 K?',Belarus,1303632793004437505
Mantas_Rekus,b'@itsSirCoin You deserve it all',Belarus,1303627240702464001
