user,text,country,id
brosephallen,b'RT @amirsvelvet: everything about this is taking me the fuck out.... https://t.co/4mTQIFWMQS',Ethiopia,1306694411204661253
YungBarack09,b'RT @amirsvelvet: Dumb and dumber',Ethiopia,1306678385775652872
SL1M3S,b'RT @amirsvelvet: The dairy creamer and cheese to my stomach in my breakfast https://t.co/IYeDgKctrz',Ethiopia,1306672597766148098
amirsvelvet,b'@kylorensdad OKFG',Ethiopia,1306666817285509123
amirsvelvet,b'what exactly did you think was gonna happen https://t.co/djSBZAEbo6',Ethiopia,1306666550322135040
minjisouI,b'@RlCED hmm definitely with you',Ethiopia,1306662294844329985
minjisouI,b'@RlCED you talking to 5 dudes like this? smh',Ethiopia,1306661878232424449
amirsvelvet,b'Dumb and dumber https://t.co/S1qHkK6gaE',Ethiopia,1306661686041083904
AYEEE_TOAST,b'RT @amirsvelvet: Got another application and now I?m at the bank to get new card https://t.co/DvPk9qYRsu',Ethiopia,1306631552609247235
amirsvelvet,b'Her bag going all the way up the escalator https://t.co/MYStX7RJxX',Ethiopia,1306631135259234307
amirsvelvet,b'I saw this tweet this morning before class and couldn?t stupid laughing ??????? https://t.co/5wfkdOjyYa',Ethiopia,1306630996448743425
amirsvelvet,b'is Norman Performing motivation',Ethiopia,1306629719459274752
BacockObama,b'RT @amirsvelvet: Got another application and now I?m at the bank to get new card https://t.co/DvPk9qYRsu',Ethiopia,1306617976397934592
amirsvelvet,b'Asian doll is gorgeous',Ethiopia,1306617965664665601
amirsvelvet,b'Got another application and now I?m at the bank to get new card https://t.co/DvPk9qYRsu',Ethiopia,1306617190720962562
JayJayDMac,b'RT @amirsvelvet: Professor let us out early  https://t.co/IYeDgKctrz',Ethiopia,1306614527245660160
amirsvelvet,b'about to hit the pen and it?s not even noon  https://t.co/XqBf7t60zG',Ethiopia,1306612965441966080
amirsvelvet,b'Bruh this was my only class today...&amp; i finished all my work what do I do now',Ethiopia,1306612124895117312
amirsvelvet,b'Professor let us out early  https://t.co/IYeDgKctrz',Ethiopia,1306611555765833729
amirsvelvet,b'The fact that she goes to my college now and we don?t even talk ? https://t.co/bOMB9R0QgZ',Ethiopia,1306600975340371969
godlmati,"b""@DrTedros I hope the #WHO will continue to assist those nations which aren't currently on the WHO working radar like Brazil.""",Ethiopia,1306598423320170501
godlmati,b'Care should be taken in assisting the most vulnerable societies hitted hard by #flooding and natural disaster. \n\nIt? https://t.co/RxSYKnX5cc',Ethiopia,1306598056134021120
GabeDeLaGoon,b'RT @amirsvelvet: she is god  https://t.co/seVCRzUTXf',Ethiopia,1306595980549079040
amirsvelvet,b'she is god  https://t.co/seVCRzUTXf',Ethiopia,1306595297066270721
amirsvelvet,b'@bIuwaffles Exactly',Ethiopia,1306592799245074432
amirsvelvet,b'@babybirkinbag OMGHES',Ethiopia,1306589264533229568
amirsvelvet,b'I?m the teacher. https://t.co/ytqFP7xUzZ',Ethiopia,1306589000430485505
amirsvelvet,b'What the fuck is this https://t.co/4yj4FkhzO7',Ethiopia,1306588859887689729
amirsvelvet,"b'I?m just gonna do a thread of dogs I see in Philly, LOOK AT THIS HUGE BABY ? https://t.co/O5otIDLouM'",Ethiopia,1306588237553696769
amirsvelvet,b'@_uyuyuiii The little dance at the end ????',Ethiopia,1306585958410838016
amirsvelvet,b'I want a dog ? https://t.co/JF9D7jHSOx',Ethiopia,1306585810981060614
amirsvelvet,b'had a breakdown last night about how I hate everyone at this school https://t.co/Ad7yjYtXOe',Ethiopia,1306585219881992192
amirsvelvet,b'Bro look how hard she?s moving her arm for this whack ass beat ?????  https://t.co/IYeDgKctrz',Ethiopia,1306584829069266945
amirsvelvet,b'Them pretending to dance cus they didn?t know what she was doing... https://t.co/IYeDgKctrz',Ethiopia,1306584480392581126
amirsvelvet,b'The dairy creamer and cheese to my stomach in my breakfast https://t.co/IYeDgKctrz',Ethiopia,1306584216231182338
cheekeyyyyyy,b'The best response to those maderpaker',Ethiopia,1306582977032331264
cheekeyyyyyy,"b'If they cant accept u,so what?Show them how happy u are and how strong u r'",Ethiopia,1306582786224959489
cheekeyyyyyy,"b""If u treasure each other,stay together.Dont let other people dictate you of what u should and shouldn't do or feel.? https://t.co/xQQaqXzr9v""",Ethiopia,1306582362097029120
cheekeyyyyyy,"b'I thought you changed for the better,but u became worse'",Ethiopia,1306580536920473602
ponayangeles,"b""RT @grlddcm: there's nothing i can give, love you moreee!! https://t.co/FrylRPL3in""",Ethiopia,1306578207118823424
geraldmarquez_,"b""there's nothing i can give, love you moreee!! https://t.co/FrylRPL3in""",Ethiopia,1306577947466186753
cheekeyyyyyy,b'Mah heartttt',Ethiopia,1306576579242328065
cessaireexyz,b'RT @cheekeyyyyyy: Excited naaa!!!',Ethiopia,1306574596288643074
cheekeyyyyyy,b'Excited naaa!!! https://t.co/GpTC1IlIrA',Ethiopia,1306572971029405697
cheekeyyyyyy,b'9 days lefttt',Ethiopia,1306552337784135680
jnsnprncss_,b'Asuss welcomee:)) https://t.co/5Bhp182aBX',Ethiopia,1306513453134168064
amirsvelvet,b'This is the funniest shit Ive seen all day https://t.co/IYeDgKctrz',Ethiopia,1306486374913257472
amirsvelvet,b'I?d tjis the blessed Madonna ????? https://t.co/V1s8AGyLoe',Ethiopia,1306485793754697728
dance_vivaldi,b'RT @amirsvelvet: I saw this baby today https://t.co/PgNu7s00tb',Ethiopia,1306481977441374209
amirsvelvet,b'What................? https://t.co/CUFlg5z3iv',Ethiopia,1306479451639812096
amirsvelvet,b'to be young and in love',Ethiopia,1306479034440847361
amirsvelvet,b'why did they just say shut up f*ggot on South Park......????',Ethiopia,1306475151857537025
amirsvelvet,b'What the fuck...? https://t.co/fZuV4Oy8pO',Ethiopia,1306475054885203968
minjisouI,"b""I'm addicted to among us videos""",Ethiopia,1306469715762610176
eatbabimochi,b'RT @amirsvelvet: The person that screamed GIRL after the second fall ????  https://t.co/MYStX7RJxX',Ethiopia,1306467418655522816
moistpretzels,b'RT @amirsvelvet: @noellearchives What',Ethiopia,1306467252397539328
amirsvelvet,b'@noellearchives What',Ethiopia,1306467070121517057
amirsvelvet,b'The person that screamed GIRL after the second fall ????  https://t.co/MYStX7RJxX',Ethiopia,1306466764109344774
amirsvelvet,b'Why would she start rolling https://t.co/MYStX7RJxX',Ethiopia,1306466455353987072
amirsvelvet,b'Billie Jean plying in the background...',Ethiopia,1306466284708737025
amirsvelvet,b'I saw this baby today https://t.co/PgNu7s00tb',Ethiopia,1306462558983991296
ydiotduvillage,b'RT @amirsvelvet: It?s been a long ass day I need to smoke https://t.co/N9nDhHtjun',Ethiopia,1306453890213326848
amirsvelvet,b'ppl are annoying',Ethiopia,1306434320689754112
amirsvelvet,b'sigh',Ethiopia,1306432274473398273
dang_chandler,b'RT @amirsvelvet: We really don?t give a fuck. It?s not a major holiday...its really not btch you act like it?s Christmas or sum',Ethiopia,1306431395439443968
cata_Ilena,b'RT @amirsvelvet: We really don?t give a fuck. It?s not a major holiday...its really not btch you act like it?s Christmas or sum',Ethiopia,1306430746001801216
AYEEE_TOAST,b'RT @amirsvelvet: We really don?t give a fuck. It?s not a major holiday...its really not btch you act like it?s Christmas or sum',Ethiopia,1306430539247890435
amirsvelvet,b'We really don?t give a fuck. It?s not a major holiday...its really not btch you act like it?s Christmas or sum https://t.co/SZSf8KqY4z',Ethiopia,1306429679398719488
indeeyuuh,b'RT @amirsvelvet: It?s been a long ass day I need to smoke https://t.co/N9nDhHtjun',Ethiopia,1306342148934074368
amirsvelvet,b'It?s been a long ass day I need to smoke https://t.co/N9nDhHtjun',Ethiopia,1306341198400032769
amirsvelvet,b'I look like a gay stoner https://t.co/ipjg2E2ky6',Ethiopia,1306321438236913665
amirsvelvet,b'you?re my favorite take your time and get it right *breakdown* https://t.co/N4TC19lf2T',Ethiopia,1306264541345599489
amirsvelvet,b'I love Kelela so fucking much',Ethiopia,1306263797418659841
amirsvelvet,b'OMFG https://t.co/ZwSlaljBd1',Ethiopia,1306257637013676032
shadymandias,b'RT @amirsvelvet: Loona did not come to play with you hoes  https://t.co/XqBf7t60zG',Ethiopia,1306254560298708992
cata_Ilena,b'RT @amirsvelvet: Loona at 12  https://t.co/QTGGarAgjJ',Ethiopia,1306252058174074881
k5IIua,b'RT @amirsvelvet: Loona at 12  https://t.co/QTGGarAgjJ',Ethiopia,1306249210690445312
spongebobgummy,b'RT @amirsvelvet: Loona at 12  https://t.co/QTGGarAgjJ',Ethiopia,1306248738382413824
amirsvelvet,b'The way my chef always lets us leave class early... I really won',Ethiopia,1306248689934049281
amirsvelvet,b'Loona at 12  https://t.co/QTGGarAgjJ',Ethiopia,1306248374329409538
toretargetassup,b'RT @amirsvelvet: Loona did not come to play with you hoes  https://t.co/XqBf7t60zG',Ethiopia,1306247950679539714
amirsvelvet,b'@YVESTHETRNDSTTR Thank you ?',Ethiopia,1306247814431809536
amirsvelvet,b'Loona did not come to play with you hoes  https://t.co/XqBf7t60zG',Ethiopia,1306247089459003392
amirsvelvet,b'I feel good af now...making pasta from scratch in my next class too today is good https://t.co/DSHeviQ2tG',Ethiopia,1306246426763165703
amirsvelvet,b'I had my first knife skills test today and I was so nervous but my chef said they were really good ? (I made the mu? https://t.co/YWcuBzVyIq',Ethiopia,1306246116414050313
amirsvelvet,b'this day about to be long as fuck omfg. I already woke up late',Ethiopia,1306202389972738048
tushisrash,b'@PolarSaurusRex Among us vid?????',Ethiopia,1306191879298600960
cheekeyyyyyy,b'awts connecting naa',Ethiopia,1306111206415949825
abrillastephen1,b'murray jokic',Ethiopia,1306102037424168960
cheekeyyyyyy,b'NEED DEEP SLEEP',Ethiopia,1306098786964353024
awholeass,b'RT @amirsvelvet: this is literally set up to be racist....?',Ethiopia,1306088727756697600
blxckhorze,b'RT @amirsvelvet: no I?m Wendy... https://t.co/JAhRHphABE',Ethiopia,1306076436298715143
twymannnn,b'RT @amirsvelvet: face mask and tea before bed ? https://t.co/DzQYhuYBAd',Ethiopia,1306071898925797377
amirsvelvet,b'face mask and tea before bed ? https://t.co/DzQYhuYBAd',Ethiopia,1306069401993609216
minjisouI,"b""Haw?i still slaps, my boy maluma didn't disappoint""",Ethiopia,1306068131249520641
amirsvelvet,b'no I?m Wendy... https://t.co/JAhRHphABE',Ethiopia,1306063581402853377
amirsvelvet,b'Are they penguins... https://t.co/MDqe9rD2Gm',Ethiopia,1306049588479037441
amirsvelvet,b'this is literally set up to be racist....? https://t.co/ZnSP5N9XZe',Ethiopia,1306039352938713089
aquamoongrI,b'RT @amirsvelvet: Runnin from a opp and I shoot at opp  https://t.co/XqBf7t60zG',Ethiopia,1306030346769752066
amirsvelvet,b'Runnin from a opp and I shoot at opp  https://t.co/XqBf7t60zG',Ethiopia,1306027178518339584
