user,text,country,id
goksi_,b'happy for you)',Bosnia and Herzegovina,1306688266717061121
endemiik,b'@efruzeamanur Evettttt :)',Bosnia and Herzegovina,1306684207159222275
averie69,b'RT @JackJackinovic: ITS LITERALLY THE POINT OF THE AMENDMENTS YOU FUCKING MORON!',Bosnia and Herzegovina,1306681208189968384
I_am_Juventino,b'@juveaj And in the first 11 against Sampdoria ?',Bosnia and Herzegovina,1306681090241892358
davidpe11188501,b'RT @JackJackinovic: ITS LITERALLY THE POINT OF THE AMENDMENTS YOU FUCKING MORON!',Bosnia and Herzegovina,1306679254336376832
per_plexing,"b'graduated from master debater, slash, massive masturbator'",Bosnia and Herzegovina,1306678972101599238
JackJackinovic,b'@whenbatmenfly It BETTER have Chromatica II in it. I still get mad when they play 911 on radio WITHOUT Chromatica II. like BITCH!?!?',Bosnia and Herzegovina,1306678579577712646
JackJackinovic,b'ITS LITERALLY THE POINT OF THE AMENDMENTS YOU FUCKING MORON! https://t.co/qO6GSnYhj1',Bosnia and Herzegovina,1306677938558062594
nanovond,"b'RT @I_am_Juventino: Kick out Khedira, sell Ramsey and bring this kid!'",Bosnia and Herzegovina,1306676045223845888
adnitza,"b""moj simpy ima dobre noge, and that's on periodt.""",Bosnia and Herzegovina,1306675331940716545
kcidraganova,"b""RT @goksi_: I guess I'm just a play date to you?""",Bosnia and Herzegovina,1306673530365509635
JackJackinovic,"b'Any more examples where a billion dollar Media corporation said ""ok, we made a mistake"" like Capcom did and release? https://t.co/X6bBPkS3OS'",Bosnia and Herzegovina,1306671856838209536
skepticfella,b'@TheManUtdWay Make Contact F.C\nMonitoring F.C\nBriefing F.C',Bosnia and Herzegovina,1306661046875234309
aplatkadin,b'@nes_vanilija Well...',Bosnia and Herzegovina,1306660741995532288
adocule,b'?? Our new boy.\n~\n#fcbarcelona #barca #trincao #portugal #graphicdesign #design https://t.co/swn8KHUFdP',Bosnia and Herzegovina,1306653241736941575
JackJackinovic,b'@theSNYDERVERSE it WAS?!?!',Bosnia and Herzegovina,1306652781089107970
drewbuzztin,b'RT @DelicDzenana: @drewbuzztin HOLY TONIGHT',Bosnia and Herzegovina,1306649224046665731
omar_polo,b'@dzoni____ more bit bidne',Bosnia and Herzegovina,1306648866683523081
DelicDzenana,b'@serayrauhl HOLY TONIGHT',Bosnia and Herzegovina,1306648210426023936
dude_from_qrtx,"b'@AMPTechno @LaidbackLuke @PyrodoxMusic oooh dope, thnx ?'",Bosnia and Herzegovina,1306648066976612352
DelicDzenana,b'@angelsjailey HOLY TONIGHT',Bosnia and Herzegovina,1306647621063319558
DelicDzenana,b'@popcreave_ HOLY TONIGHT',Bosnia and Herzegovina,1306647323985018880
DelicDzenana,b'@drewbuzztin HOLY TONIGHT',Bosnia and Herzegovina,1306647240761651202
DelicDzenana,b'@serayrauhl HOLY TONIGHT',Bosnia and Herzegovina,1306647107277815810
DelicDzenana,b'@luny4shodrty HOLY TONIGHT',Bosnia and Herzegovina,1306646067837112321
goksi_,"b""I'm highest in the room""",Bosnia and Herzegovina,1306645790463582209
DelicDzenana,b'@biebersmybro HOLY TONIGHT',Bosnia and Herzegovina,1306645516336406528
DelicDzenana,b'@praisebizzleluv HOLY TONIGHT',Bosnia and Herzegovina,1306645357611429889
I_am_Juventino,b'@aleanza94 Maybe I am wrong or Sanchez has EU passport really. Who knows.',Bosnia and Herzegovina,1306640698750492673
goksi_,"b""I guess I'm just a play date to you?""",Bosnia and Herzegovina,1306636192318992389
boginjaOlimpaaa,b'RT @Mrs_Luderka: @boginjaOlimpaaa My bro ?',Bosnia and Herzegovina,1306634957633314816
dude_from_qrtx,"b'@LaidbackLuke Make a tutorial for us of ""Luke\'s way for mastering"" ?'",Bosnia and Herzegovina,1306634032361414658
emirmemex,b'@F1Manager Its friday then...',Bosnia and Herzegovina,1306633990032494593
Mrs_Luderka,b'@boginjaOlimpaaa My bro ?',Bosnia and Herzegovina,1306633873992880131
magistar86,b'@metar_drva Jes jes...',Bosnia and Herzegovina,1306633370391187458
AshanaAu,b'netflix and chill',Bosnia and Herzegovina,1306632503843643392
DelicDzenana,b'@Belieber_Rox HOLY TOMORROW',Bosnia and Herzegovina,1306625656525070337
I_am_Juventino,b'@saintjuve They will sell Dembele.',Bosnia and Herzegovina,1306625470012809222
DelicDzenana,b'@justinbieber @chancetherapper OMG this looks and sounds amazing  ???',Bosnia and Herzegovina,1306625420545216512
I_am_Juventino,"b""@aleanza94 Hmm they have bought Sanchez(I think he doesn't have EU passport) and one serbian GK.""",Bosnia and Herzegovina,1306625242438283264
ESavjetovanje,"b'@AskPayPal Yes you have, with no solution and VERY SIMPLE QUESTION, are U able to login to your account, after i ex? https://t.co/vu5F6XlVRv'",Bosnia and Herzegovina,1306624214938660865
adnitza,b'sis is just telling the truth. https://t.co/oXlE4BZdAg',Bosnia and Herzegovina,1306623961493577734
DelicDzenana,b'@availablebiebzs HOLY TOMORROW',Bosnia and Herzegovina,1306622888699625475
kidrauhlhive,b'RT @DelicDzenana: @kidrauhlhive HOLY TOMORROW',Bosnia and Herzegovina,1306622546603900929
DelicDzenana,b'@kidrauhlhive HOLY TOMORROW',Bosnia and Herzegovina,1306621422387814403
DelicDzenana,b'@BieberF11618385 HOLY TOMORROW',Bosnia and Herzegovina,1306620956203462657
JackJackinovic,"b'@theSNYDERVERSE ""My name is ??????? and I am braver than you""\nI AM CRYING!'",Bosnia and Herzegovina,1306615437128536064
DelicDzenana,b'@secutebeliebz HOLY TOMORROW',Bosnia and Herzegovina,1306615308116000771
I_am_Juventino,b'What if Suarez is going to inter and Lautaro to Barca? ? #PlotTwist #FabrizioBakiano',Bosnia and Herzegovina,1306606986600026112
AshanaAu,b'@NoreineR_ thanking yours ?',Bosnia and Herzegovina,1306602297724559362
I_am_Juventino,b'We are going to sign them both. Dzexuarez indeed. ?? https://t.co/FH13lorGzD',Bosnia and Herzegovina,1306599202160427009
adnitza,"b'I can call you master, you can call me: ""mine"" ?'",Bosnia and Herzegovina,1306599012296847363
I_am_Juventino,"b'@socios @spicyturtle21 You are following now a nice, humble and good person. \n\nCheers! ??'",Bosnia and Herzegovina,1306598764090540034
I_am_Juventino,"b""@aleanza94 I don't think he will start on sunday.""",Bosnia and Herzegovina,1306589870341500928
vjeraislama,b'@Rvhimv She didn?t say it was strictly Islamic nor did she ?promote? anything. She shared HER story of how SHE got? https://t.co/d1Mh8YSG93',Bosnia and Herzegovina,1306589146815827968
hypersomiacphd,"b'RT @I_am_Juventino: Kick out Khedira, sell Ramsey and bring this kid! https://t.co/w60QLwBEoF'",Bosnia and Herzegovina,1306587145734418432
goghie_m,b'@AtlantaLove1 He he he. To.',Bosnia and Herzegovina,1306584925487771655
BeaTrexee,b'RT @abarentosjha9: @BeaTrexee happy birthday bea!???',Bosnia and Herzegovina,1306582669136805888
JuventusRuling,"b'RT @I_am_Juventino: According to me, Dzeko will be our new striker and not Suarez.'",Bosnia and Herzegovina,1306581787405987840
I_am_Juventino,"b'According to me, Dzeko will be our new striker and not Suarez.'",Bosnia and Herzegovina,1306581632271425537
BosnianHD,b'RT @TheBosnian95: Late night drives really hit different',Bosnia and Herzegovina,1306577494728990720
AbdullaBnS,"b'RT @I_am_Juventino: Kick out Khedira, sell Ramsey and bring this kid!'",Bosnia and Herzegovina,1306577359169085441
skepticfella,"b""@lichamber @TodaywithClaire @DonnellyStephen @lawlessj But Lisa, you can't even remember where you were supposed to? https://t.co/s6Vmqipldi""",Bosnia and Herzegovina,1306575602120560647
MileVukovic,b'Joey Belladonna (Antrax) https://t.co/PJjvyj1p5V',Bosnia and Herzegovina,1306574360749236224
httpwwwalexis,b'papay',Bosnia and Herzegovina,1306573435422687233
adnitza,b'i ja sam?? https://t.co/F3yW1FP5la',Bosnia and Herzegovina,1306569856515481607
JackJackinovic,b'Thats just embarrassing ???? https://t.co/mik5cdIwX7',Bosnia and Herzegovina,1306567796017504256
adnitza,"b""Talk to me, please, don't have much to believe in\nI need you right now, are you down to listen to me?""",Bosnia and Herzegovina,1306565373785968640
_estherrezende,"b'RT @I_am_Juventino: Kick out Khedira, sell Ramsey and bring this kid!'",Bosnia and Herzegovina,1306563453428158464
douglasdayube,"b'RT @I_am_Juventino: Kick out Khedira, sell Ramsey and bring this kid!'",Bosnia and Herzegovina,1306563056030318593
JuventusRuling,"b'RT @I_am_Juventino: Kick out Khedira, sell Ramsey and bring this kid! https://t.co/w60QLwBEoF'",Bosnia and Herzegovina,1306562015473803265
I_am_Juventino,"b'Kick out Khedira, sell Ramsey and bring this kid! https://t.co/w60QLwBEoF'",Bosnia and Herzegovina,1306561729955012611
admiristrator,b'Birthday Gift from Friend @Nuhanovic_Elvir #suprise #ForTheAlliance! https://t.co/mkwa4tQfoR',Bosnia and Herzegovina,1306560542774091776
JackJackinovic,"b'Me in an e-mail: ""hello, I need help for my Bachelor thesis. are you by any chance tomorrow available to help me?""? https://t.co/6sTxjoHx0a'",Bosnia and Herzegovina,1306560327174193153
StudhamBob,"b'Here\'s a good reality check including this gem: ""... no EU deal would profoundly damage the business model of the J? https://t.co/LU0l2Nu5VK'",Bosnia and Herzegovina,1306559379446075393
JackJackinovic,"b""@Shepard4k @bioware @BioWareProblems @BioWare_News_DE @EA_Germany I just hope they don't screw it up because so man? https://t.co/DqNYwQWmQW""",Bosnia and Herzegovina,1306559224441450499
JackJackinovic,b'Isnt that like someone who sells you stuff in an RPG?!?! https://t.co/LnPTvUUA1j',Bosnia and Herzegovina,1306558622365822976
goksi_,b'always by my side? https://t.co/myUxwjJpcY',Bosnia and Herzegovina,1306558348679151616
stokaaan075,b'Best on #iOS14 \nFinnaly ?? https://t.co/bftBJYgP9X',Bosnia and Herzegovina,1306558058542379008
zexyxxai,b'@shajeons You can doit???',Bosnia and Herzegovina,1306551774040322049
JackJackinovic,"b'@Shepard4k @bioware @BioWareProblems @BioWare_News_DE @EA_Germany I KNOW! The problem is, that for some reason, eit? https://t.co/qMAbv4VSTM'",Bosnia and Herzegovina,1306550498221330433
JackJackinovic,b'@wondyintraining @MasterofpunsV13 ME FIRST!',Bosnia and Herzegovina,1306548615201128448
JackJackinovic,b'@MasterofpunsV13 Daddy',Bosnia and Herzegovina,1306548582091284485
StudhamBob,b'There is not a lot that one can disagree with in this piece by @tommctague. https://t.co/N5UYX9YvA8',Bosnia and Herzegovina,1306547956502462464
goksi_,b'baby I got you',Bosnia and Herzegovina,1306547108883894272
abarentosjha9,b'@BeaTrexee happy birthday bea!???',Bosnia and Herzegovina,1306541871326404608
martaknezebitch,b'Pooling your resources with another in a business venture or m... More for Gemini https://t.co/TpqgAk3PTj',Bosnia and Herzegovina,1306541024232185856
bajricamer,"b'@Complaxes @FCBayern How can you say something like that? I agree with you, most od the time, but to say something? https://t.co/owEf5mOl6b'",Bosnia and Herzegovina,1306532836632145921
abarentosjha9,b'songs bro',Bosnia and Herzegovina,1306532138133499904
StudhamBob,b'?What we cannot have is the EU seeking to erect a regulatory border down the Irish Sea between Northern Ireland and? https://t.co/kby7RvmWJu',Bosnia and Herzegovina,1306529103701475329
magistar86,"b""@trenerovca_mica Ja glasam and I think it's beautiful.""",Bosnia and Herzegovina,1306519675732451329
NenadAleksandr2,"b'@MiroslavLajcak @Avdullah @predsednikrs , I ask you to be people, to have feelings and to be normal towards the par? https://t.co/3BADspZahE'",Bosnia and Herzegovina,1306519072008548352
NenadAleksandr2,"b'@MiroslavLajcak @Avdullah @predsednikrs According to the citizens of the second, third order. If you have employed? https://t.co/KqqUQngLOQ'",Bosnia and Herzegovina,1306518795301912577
NenadAleksandr2,"b'@MiroslavLajcak @Avdullah @predsednikrs \nDear Mr. Hoti, I appreciate and respect your work. I would like to ask you? https://t.co/2ZbrMQJBrn'",Bosnia and Herzegovina,1306518358725218305
JackJackinovic,b'take out??!?! as in WHAT!? ignore!?!? bomb!??! what the fuck is he talking about?!!? https://t.co/iB2gIScjIj',Bosnia and Herzegovina,1306517684931178497
JackJackinovic,b'I would rather eat fish from the Presidium lakes than play the Mass Effect trilogy on renegade and be mean to each? https://t.co/5SUDhwk7b0',Bosnia and Herzegovina,1306517530119471104
omar_polo,b'@trenerovca_mica @dodjoskaa big shit',Bosnia and Herzegovina,1306514389768515584
JackJackinovic,b'Maybe because its illegal to deny a genocide or mass murder in Germany!??! She literally broke the law because she? https://t.co/Bj7XEvNPuT',Bosnia and Herzegovina,1306513752204939271
JackJackinovic,b'American conservatives really ARE just the DUMBEST MOTHERFUCKERS on this planet! I swear https://t.co/9OSYRL6XIG',Bosnia and Herzegovina,1306510695975051264
aplatkadin,b'@magistar86 AMIN',Bosnia and Herzegovina,1306510379196051457
ABossnianOtaku,"b""@bolimeburek Welp, some men don't know understand restraint, and it really worries me.""",Bosnia and Herzegovina,1306731181006876680
kafaleilo,b'@jugogeist True',Bosnia and Herzegovina,1306729971520540675
rohnn,b'oldie but goodie.\n\n#INeedToSleep \n\nhttps://t.co/CYltVbQmyh',Bosnia and Herzegovina,1306727329566162944
trnkicaaa,b'@goghie_m @Hermjonovna For for ?',Bosnia and Herzegovina,1306723401181134849
bigsalolio,b'I have just received the steadiest LILY JAMES poster',Bosnia and Herzegovina,1306722389586333696
IchinoseCarbine,b'@OTAHENTenshi DO NOT LOOK UP\n\nSCENTS CON IN ROBLOX GAME SEARCH',Bosnia and Herzegovina,1306721683089301504
IchinoseCarbine,b'@OTAHENTenshi sounds cool ngl',Bosnia and Herzegovina,1306721594056880130
Faruk45sa1,"b""@doamuslims @fakhremohmand She's crazy... She need take the drugs...""",Bosnia and Herzegovina,1306720364467290113
Sea_wanderer_,"b'?????\n""NCL-Norwegian Cruise Line to restart operations on select sailings in November 2020 | Cruise News | CruiseMa? https://t.co/B4vjkYTTzO'",Bosnia and Herzegovina,1306720173857140741
NMGSports,"b""RT @NOCKOSOVO: DID YOU KNOW?\n\n20 years ago the currently coach of Kosovo's National Team in handball @taipramadani was player of @Australia?""",Bosnia and Herzegovina,1306718942979710977
EHalebic,b'@alexmuench It?s amazing to see this. Thank you! ?',Bosnia and Herzegovina,1306717651750850561
ABossnianOtaku,"b""@29XI1943 @MarshaBlackburn People don't understand amendments exist""",Bosnia and Herzegovina,1306717638496858120
seminalkic,b'John Boyega quits perfume brand Jo Malone after being replaced in Chinese commercial - CNN https://t.co/K1MKBs6PZc',Bosnia and Herzegovina,1306717451854385152
arberrogova,"b""Mambli's space\n9/17/20 | Daily summary\n\nWind:  Calm\nPressure: 1005.0 | 1003.0 hPa\nRain: 0.0 mm\n\nhttps://t.co/Ck2o4JlYPu\n#Weathercloud""",Bosnia and Herzegovina,1306717447970525184
bicoamar,"b'@TechAltar I think they should focus on the software, there is plenty of potential from Nokia in that sphere. I mea? https://t.co/bnMNp485O7'",Bosnia and Herzegovina,1306717434922102784
ABossnianOtaku,"b""@DarthKiririn @YeOlDoggo @TheLewd_Otaku Oh, she's definitely got, in my opinion, one of the best VA performances in? https://t.co/VK7JH9Q9z4""",Bosnia and Herzegovina,1306715873823031298
berra_sp,b'At home',Bosnia and Herzegovina,1306714583294529537
DerEwigeSerbe,b'@AlpineTerrorist Here it?s not mandatory but you will be called out if you don?t wear one',Bosnia and Herzegovina,1306712110819348480
sannirst,b'choerry ?? https://t.co/vs0YAu9KuG',Bosnia and Herzegovina,1306710941023850504
ahmen_hotep,"b""@theneedledrop Make classic reviews a monthly thing or something. There's a demand for hearing your takes on classi? https://t.co/HUKQ09dcMy""",Bosnia and Herzegovina,1306707028904206338
ahmen_hotep,"b""@realranton The problem with RTSs is that no tutorial can truly prepare you for the real PvP experience. They're ju? https://t.co/1m1zLPBm5O""",Bosnia and Herzegovina,1306706024733302786
darkokrznaric,"b""RT @WCMsarajevo: The cantonal govt's promised funding of 50.000 KM for the WCM was, after a prolonged &amp; nontransparent process, allocated t?""",Bosnia and Herzegovina,1306705032394440704
IchinoseCarbine,b'Yeah but they are actually entertaining https://t.co/4Gv12JOm5b',Bosnia and Herzegovina,1306703451003510786
AmilaKaracic,b'What I see when I see Buddy ?The Cake Boss? Valastro: https://t.co/9uHCQ76xFp https://t.co/L4HqRQ4UvZ',Bosnia and Herzegovina,1306701664213176321
abat_kem,b'Did you mean ?my pimp? ?',Bosnia and Herzegovina,1306700990343716865
EliteOzzy,b'RT @dvargha: #Australia trying to go full dystopian dictatorship.\n\nhttps://t.co/uGgrlBR6rm',Bosnia and Herzegovina,1306700426759122944
Hebaccio,"b'@izukuuu_shonen Boruto, Black Clover...'",Bosnia and Herzegovina,1306700243539554310
dvargha,"b'When the state runs the schools, it teaches its disciples that it alone is to be worshiped. https://t.co/mBKOkq0QNM'",Bosnia and Herzegovina,1306699963544621056
erminkadic,"b""@_EricHu stuntin' on em""",Bosnia and Herzegovina,1306699865141981185
unwomenbih,"b'RT @MacdonaldIngrid: Whilst you read the latest @UN report on? #COVID19 contributions &amp; actions (? https://t.co/b2MOb12ufn), take a look ??'",Bosnia and Herzegovina,1306698062186905601
VamosVela,b'The state of American politics... https://t.co/a46R3xEW6o',Bosnia and Herzegovina,1306696997576024067
AmvcLeS,b'@JustTropojan Excuse frere',Bosnia and Herzegovina,1306696778683645952
EstherCW,b'I read Ella Minnow Pea by Mark Dunn https://t.co/D3Q4wqu9Oh',Bosnia and Herzegovina,1306696639269269509
dvargha,"b'?@GovAbbott, 25% tyranny is still tyranny.?\n\nhttps://t.co/wEumLxn7GP'",Bosnia and Herzegovina,1306694993634041862
rumeysaa_stsrp,"b""@bilalsuzgun Let's remember right away. https://t.co/1ExpOqHGyP""",Bosnia and Herzegovina,1306692787560157192
Aavael,b'@KathyMegar Thank you so much! :D',Bosnia and Herzegovina,1306692477269798917
ABossnianOtaku,"b'@MagicEightBal Thank you, needed that'",Bosnia and Herzegovina,1306692435695874048
ABossnianOtaku,b'Will I ever get out of this existential nightmare? https://t.co/52DJnKqk1O',Bosnia and Herzegovina,1306692344947904513
trnkicaaa,b'@35Hartigan Deder',Bosnia and Herzegovina,1306692270083780611
KathyMegar,b'RT @Aavael: Caduceus Clay - Critical Role\n\n?Just sit with a kettle and the world will come to you.?\n\n#Criticalrole #CriticalRoleArt #critic?',Bosnia and Herzegovina,1306692239729610760
ABossnianOtaku,"b""@YeOlDoggo @TheLewd_Otaku I've got *scientific* proof that that hypothesis is correct""",Bosnia and Herzegovina,1306691608629465088
shawnspencer96,b'@JooEspada8 @FCPorto Sure',Bosnia and Herzegovina,1306691477301604357
ABossnianOtaku,b'@YeOlDoggo @TheLewd_Otaku All of them are so adorable\n\nSaten still best girl though',Bosnia and Herzegovina,1306690937431691265
AlbanImami,b'Come say hi!\nhttps://t.co/AGStdkIJlK',Bosnia and Herzegovina,1306690861644894208
shawnspencer96,b'@FCPorto Bunch of amateurs',Bosnia and Herzegovina,1306690490339909632
JakeStateFarmHH,b'Just finished Joker. Good movie. https://t.co/wFQLTZAefe',Bosnia and Herzegovina,1306690152589398018
CritRoleArtBot,b'RT @Aavael: Caduceus Clay - Critical Role\n\n?Just sit with a kettle and the world will come to you.?\n\n#Criticalrole #CriticalRoleArt #critic?',Bosnia and Herzegovina,1306689453050728448
ElementsOfJane,"b""RT @WCMsarajevo: The cantonal govt's promised funding of 50.000 KM for the WCM was, after a prolonged &amp; nontransparent process, allocated t?""",Bosnia and Herzegovina,1306689225048436736
Aavael,b'Caduceus Clay - Critical Role\n\n?Just sit with a kettle and the world will come to you.?\n\n#Criticalrole? https://t.co/Mng2WFXDGR',Bosnia and Herzegovina,1306689109939888135
shawnspencer96,b'@josemorgado Pleasure to watch him. Beautiful one-handed backhand. ?',Bosnia and Herzegovina,1306689095847026696
dvargha,"b'Diversity, but only #NFL league and franchise approved diversity.\n\nhttps://t.co/waQS9lSgfA'",Bosnia and Herzegovina,1306688792116555776
shawnspencer96,b'@FCPorto @ehfcl Imbecilles',Bosnia and Herzegovina,1306688778489257984
DarbyNEFFl,b'@ilooybebi was los',Bosnia and Herzegovina,1306687545967812612
TrumpFollower13,b'RT @dvargha: The mayor of #Nashville is covering up low #COVID numbers.\n\nhttps://t.co/eBideUn6PM',Bosnia and Herzegovina,1306686676576673796
dvargha,"b'I could get through the day without coffee, but I don?t think you?d want me to do it.'",Bosnia and Herzegovina,1306685551949549568
GolubGusan,b'@badjicaa Ide to hahah',Bosnia and Herzegovina,1306685300148637697
diplpapirolog,"b'Well, well, well https://t.co/qL68HOE539'",Bosnia and Herzegovina,1306684631165566981
dvargha,"b'@wesrap @GovAbbott @KXAN_News Wes, I might have missed it, but what did Abbott say about wearing masks?'",Bosnia and Herzegovina,1306684470054080515
dvargha,b'Summary:\n\nhttps://t.co/ExBLBttWeX',Bosnia and Herzegovina,1306684165530714113
dvargha,b'Thread for #Texas . . . https://t.co/z2U74kHE9t',Bosnia and Herzegovina,1306683899842527232
SarajevoCityFC,b'In Our Todays Champions League Matchup we avoided the Worst by scoring a Last Minute Screamer in the 90th Minute!? https://t.co/Qdah07nO01',Bosnia and Herzegovina,1306682413557452802
AmikaBrx,b'@olibasciano Thanks for listening ?\nBefore &gt;now https://t.co/T64VhTkLwX',Bosnia and Herzegovina,1306680168979861505
EstherCW,b'5 of 5 stars to A Slip of the Keyboard by Terry Pratchett https://t.co/Vih6QkV0tn',Bosnia and Herzegovina,1306679893326024704
dvargha,b'Our education system is producing a nation of dolts.\n\nhttps://t.co/vAJPqEq7d0',Bosnia and Herzegovina,1306679549615276032
kafaleilo,b'@trendafilzwei Forever teenager *~* ##',Bosnia and Herzegovina,1306678904594235393
dvargha,b'#Australia trying to go full dystopian dictatorship.\n\nhttps://t.co/uGgrlBR6rm',Bosnia and Herzegovina,1306678784675000320
YsnEmr,b'@mattdavella I kinda have to want to do',Bosnia and Herzegovina,1306678445217374208
AmikaBrx,b'@olibasciano Cheers ? https://t.co/Xjudo645Dz',Bosnia and Herzegovina,1306677203925643265
JakeStateFarmHH,b'@Athena_Bambina pov you tried to report and dox Athena https://t.co/rf3fNbvlcO',Bosnia and Herzegovina,1306677170102841346
ABossnianOtaku,"b""@LivingScribe @AdSappies That's a major problem in Eastern Asia, not just China. I mean, just look at Japan""",Bosnia and Herzegovina,1306677091526733827
solitudare,"b'@antisve Where on Earth do they say for those armchairs ""usable""?!'",Bosnia and Herzegovina,1306677023016988673
KOSVolleyball,"b""RT @NOCKOSOVO: Our?? Women's U-18 National Team in beach volley defeats 2:0 (21:17, 21:12) #Israel U-18 at the first match of the @CEVolley?""",Bosnia and Herzegovina,1306676463836573697
holy_south1921,b'@GorillaoJustice This bag is awesome! Love it. ??',Bosnia and Herzegovina,1306676442281979905
florianacomfort,"b""So good I had to share! Check out all the items I'm loving on @Poshmarkapp #poshmark #fashion #style #shopmycloset? https://t.co/9FlBH4XkIA""",Bosnia and Herzegovina,1306675999682121728
dvargha,b'@BetsyDeVosED kicking ass and taking names!',Bosnia and Herzegovina,1306675467085373440
AmikaBrx,b'@olibasciano @oritgat This photo was taken a few days after the end of the war and the demining of the terrain. Grb? https://t.co/xoQNcs4oGX',Bosnia and Herzegovina,1306674839634227200
dvargha,b'LMAO! Hoisted on their own petard.\n\nhttps://t.co/rbPmLJ5WTZ',Bosnia and Herzegovina,1306674793350082562
UndercoverBro12,"b'RT @solitudare: I know that RS would not do anything, but @USEmbassySJJ must!\nPrime minister of Srpska is witnessed to be involved in unear?'",Bosnia and Herzegovina,1306674405582483461
alythekat,"b'24 tasks,  9 more to goooo ?'",Bosnia and Herzegovina,1306674171359838208
IchinoseCarbine,"b'@Athena_Bambina they are so fucking pathetic, thank you for not backing down and going along with their bullshit. n? https://t.co/q9DPWbpMNU'",Bosnia and Herzegovina,1306674014639849472
vulldotnet,"b""@abithoxha @Enver_Hoxhaj That's why he would be jealous ?""",Bosnia and Herzegovina,1306673511109402624
e_xile,b'@Ostrov_A @JZarif When did he deny holocaust? Thank you.',Bosnia and Herzegovina,1306672899084955648
IchinoseCarbine,b'@CursedChest YO i am in. grromm time',Bosnia and Herzegovina,1306672403964211200
kafaleilo,b'@trendafilzwei Omg was',Bosnia and Herzegovina,1306672232954048512
IchinoseCarbine,b'@Athena_Bambina Keep your head up and stay based. let them seethe',Bosnia and Herzegovina,1306671947447767042
IchinoseCarbine,b'@CursedChest Am I in https://t.co/qxcHrcd8cl',Bosnia and Herzegovina,1306671521948151808
IndieJenFischer,b'RT @RichardSANewell: #HatetoHumanity Follow @Wearit_Shareit for more updates too!',Bosnia and Herzegovina,1306668898599596032
GojakDenis,"b'RT @solitudare: I know that RS would not do anything, but @USEmbassySJJ must!\nPrime minister of Srpska is witnessed to be involved in unear?'",Bosnia and Herzegovina,1306668647843344384
evosaraj,b'? @theawaydays - Dream of How (intro) https://t.co/U7HZjp1H5O',Bosnia and Herzegovina,1306667990839169024
OpacinM,b'@Free_Nudism wonderful new pics great',Bosnia and Herzegovina,1306664589237653504
DinarevicAlem,"b'@AnfieldEffect Journalism equivalent of Internet explorer. Since Jimbo left, 0 relevance to football.'",Bosnia and Herzegovina,1306661642718019585
vulldotnet,b'@abithoxha Probably @Enver_Hoxhaj would be jealous that he was not included in the lecture for Habermas.',Bosnia and Herzegovina,1306660041601187842
ndmalchc,"b'RT @solitudare: I know that RS would not do anything, but @USEmbassySJJ must!\nPrime minister of Srpska is witnessed to be involved in unear?'",Bosnia and Herzegovina,1306660019614687246
ColinMcburger,b'I really hope this is the first platform my employers see',Bosnia and Herzegovina,1306659972168650753
NotaRatatall,"b'RT @ichbinilya: This is a straight news piece, not opinion, in the NYT. As far as I understand, the expert consensus is that a lack of cont?'",Bosnia and Herzegovina,1306659754429870086
ColinMcburger,b'I don?t understand why it?s illegal to own meth',Bosnia and Herzegovina,1306659567070138368
solitudare,"b'I know that RS would not do anything, but @USEmbassySJJ must!\nPrime minister of Srpska is witnessed to be involved? https://t.co/zrnE79HlQQ'",Bosnia and Herzegovina,1306659486216716292
MiawallaceB52,b'RT @rohnn: chilling... I need to chill.\n\nhttps://t.co/GYnKLt85O2',Bosnia and Herzegovina,1306658196547919872
erminkadic,b'@stevcevski That would be me ?',Bosnia and Herzegovina,1306657970193924097
PlamenkoM,b'@damirimamovic Keep up good deleting!',Bosnia and Herzegovina,1306656043703980035
malagigina,b'@BosnianIQ @DarlingDusho Nisi do sad? Ijaoooo ????',Bosnia and Herzegovina,1306716250245128212
zmijasaramenima,b'@vojosaviic Indeed',Bosnia and Herzegovina,1306712253828337670
rusalkyy,b'RT @valjdavalda: *laughs in lesbian*',Bosnia and Herzegovina,1306704918057811970
alexandarsa,b'Magic atmosphere and the magic of light. Dutch maestro: Michiel Schrijver. https://t.co/QLxfllMvLC',Bosnia and Herzegovina,1306683401626243073
hophijo,b'@lepotiicaaa welches thema',Bosnia and Herzegovina,1306677907599880194
KnightOfRen_,b'@web_dev_ocd @sunilc_ @PrasoonPratham Do try to infer more meaning than the pure words you see..',Bosnia and Herzegovina,1306666524896366603
KnightOfRen_,"b'@web_dev_ocd @sunilc_ @PrasoonPratham The question wasn\'t why do you ""call yourself"" something, but what does that? https://t.co/5MG48jkEza'",Bosnia and Herzegovina,1306665297898803204
valjdavalda,b'@d0ticna Isti mood https://t.co/1kA926X0nd',Bosnia and Herzegovina,1306663853158273031
valjdavalda,b'Edgy baby iskr https://t.co/lHqDV1C5qD',Bosnia and Herzegovina,1306662920223416321
sinisamajetic,"b""RT @sinisamajetic: @NewYorker MLK could not possibly have been true Opera buff because it is not part of black's experience. That's the axi?""",Bosnia and Herzegovina,1306653185537462272
sinisamajetic,"b""@NewYorker MLK could not possibly have been true Opera buff because it is not part of black's experience. That's the axiom of this article.""",Bosnia and Herzegovina,1306653152775680002
A_Popadic,b'Big NO ffs https://t.co/d0ThHDQQS8',Bosnia and Herzegovina,1306652700382244864
missbowie_nina,b'@ordurebizarree Same my dude',Bosnia and Herzegovina,1306649730890510337
volley_aleksa,b'@Merazameru Opet??',Bosnia and Herzegovina,1306649527298949121
djukanova,b'@kgugdihxixg Belvadere',Bosnia and Herzegovina,1306638337143443457
qheoemro,b'RT @valjdavalda: *laughs in lesbian* https://t.co/QCWK8apePZ',Bosnia and Herzegovina,1306616336135663616
hrvatskibog,b'RT @valjdavalda: *laughs in lesbian* https://t.co/QCWK8apePZ',Bosnia and Herzegovina,1306613333869703170
godmarija,b'RT @valjdavalda: *laughs in lesbian*',Bosnia and Herzegovina,1306612031882231810
asocialslut,b'RT @valjdavalda: *laughs in lesbian*',Bosnia and Herzegovina,1306611390644445185
local_clown1,b'RT @valjdavalda: *laughs in lesbian*',Bosnia and Herzegovina,1306610519995043843
Foxtown16,b'RT @valjdavalda: *laughs in lesbian*',Bosnia and Herzegovina,1306609430507786240
ZoranDjakovic,"b'RT @ZoranDjakovic: @googltranslate Mr.Trump campaign to address U.S. retirees,\nso you achieve an additional 5% .'",Bosnia and Herzegovina,1306609372924121089
ZoranDjakovic,"b'@googltranslate Mr.Trump campaign to address U.S. retirees,\nso you achieve an additional 5% .'",Bosnia and Herzegovina,1306609345602433026
valjdavalda,b'*laughs in lesbian* https://t.co/QCWK8apePZ',Bosnia and Herzegovina,1306608646688854017
el_matador_33,b'Angola is amazing https://t.co/Nx0vXxD4Pz',Bosnia and Herzegovina,1306592544952782852
ZoranDjakovic,"b'RT @ZoranDjakovic: @googltranslate the outer element radiates the whole world america, europe \nbalkan and asia...and maybe Google translate?'",Bosnia and Herzegovina,1306567559341371392
ZoranDjakovic,"b'@googltranslate the outer element radiates the whole world america, europe \nbalkan and asia...and maybe Google tran? https://t.co/ADEYlP2si4'",Bosnia and Herzegovina,1306567529209499650
mincii17,b'@fvrel_ Ton oncle',Bosnia and Herzegovina,1306564549538189317
vrlebl,"b'@nuggets and #NikolaJokic maestro for basketball game  wait @Lakers @NBA ,good luck Sombor  Champ via @vrlebl https://t.co/ZQRb4cJvHi'",Bosnia and Herzegovina,1306562674663329792
volley_aleksa,b'@necetibitidrago Danas sledeci bi bio...\n\n...and continues to this day....',Bosnia and Herzegovina,1306561666256175105
ZoranDjakovic,"b'RT @ZoranDjakovic: @WHO @DrTedros the price of injection treatment should not exsceed\n200 euros,per patient.\ndestilled waters all over the?'",Bosnia and Herzegovina,1306556457966538752
ZoranDjakovic,"b'@WHO @DrTedros the price of injection treatment should not exsceed\n200 euros,per patient.\ndestilled waters all over? https://t.co/DTKGCHnA6O'",Bosnia and Herzegovina,1306556420033257473
ZoranDjakovic,b'RT @ZoranDjakovic: @WHO @DrTedros the antidote against covid 19  is \ndraw 10ml of blood to the patient\nadd streptomycin sulfate (about 100?',Bosnia and Herzegovina,1306552063564881920
ZoranDjakovic,b'@WHO @DrTedros the antidote against covid 19  is \ndraw 10ml of blood to the patient\nadd streptomycin sulfate (about? https://t.co/E0xRUoVBbc',Bosnia and Herzegovina,1306551998624530432
ZoranDjakovic,"b'@ACSimpsons @simpsonovi-amerika\nThe outher element radiates amerika ,europe, balkan...\nasia..and directors factory? https://t.co/OC7EGPMrjw'",Bosnia and Herzegovina,1306548496305213441
ZoranDjakovic,"b'RT @ZoranDjakovic: @niveauk @terriheckley .The outer element radiates Amerika, Europe ,Balkan..\nand factory directors and their families an?'",Bosnia and Herzegovina,1306543910936866816
ZoranDjakovic,"b'@niveauk @terriheckley .The outer element radiates Amerika, Europe ,Balkan..\nand factory directors and their famili? https://t.co/K8nEd7vA1N'",Bosnia and Herzegovina,1306543874224070657
malesevic184,b'@genderisharmful Yet they sell Comunist Manifesto das Kapital. Do they know how many gay people has been killed and? https://t.co/5FzbQwZjEq',Bosnia and Herzegovina,1306536139461922816
Stef_T_,b'RT @Graja17: Out of context https://t.co/BB74DCieN2',Bosnia and Herzegovina,1306498005902786562
Graja17,b'Out of context https://t.co/BB74DCieN2',Bosnia and Herzegovina,1306497926328451072
malagigina,b'@topimolovo ????? ?? Join the club',Bosnia and Herzegovina,1306496978730311681
ZoranDjakovic,"b'RT @ZoranDjakovic: @NATO @ExSeaBreeze @NATO_MARCOM ,, and 5% of senior Serb non fascist soldiers, in the middle \nof Serbia...he killed Serb?'",Bosnia and Herzegovina,1306492433425989633
ZoranDjakovic,"b'@NATO @ExSeaBreeze @NATO_MARCOM ,, and 5% of senior Serb non fascist soldiers, in the middle \nof Serbia...he killed? https://t.co/UD2yGHEXjy'",Bosnia and Herzegovina,1306492401830309889
ZoranDjakovic,"b""@NATO @ExSeaBreeze @NATO_MARCOM the so-called Aleksandar Vulin..Djukanovic's..Montenegrin..\nfascist..for 10 yers he? https://t.co/MaOBa8hewe""",Bosnia and Herzegovina,1306490605103710208
KnightOfRen_,"b""@ChaseMc67 @sunilc_ @PrasoonPratham Thanks, I'd agree. Especially with the 'leadership level' part.""",Bosnia and Herzegovina,1306490571587039232
KnightOfRen_,"b'@ChaseMc67 @sunilc_ @PrasoonPratham Yes but what does ""senior"" mean in the context of your company?'",Bosnia and Herzegovina,1306488628231704583
ZoranDjakovic,b'RT @ZoranDjakovic: @jensstoltenberg @NATO defend yourself from shallow buried atomic bombs.\ngypsum or glass tunnels are at : 50-100-500 met?',Bosnia and Herzegovina,1306488452230373376
ZoranDjakovic,b'@jensstoltenberg @NATO defend yourself from shallow buried atomic bombs.\ngypsum or glass tunnels are at : 50-100-50? https://t.co/Iv5DKcLcUf',Bosnia and Herzegovina,1306488417157615616
pepeljara9,b'@batinicajelena @SinPodbare I ja gledam??',Bosnia and Herzegovina,1306474094167240709
sinisamajetic,b'@MattWalshBlog Is @pithinthewind left or right wing media? Serious question.',Bosnia and Herzegovina,1306442713290731522
sinisamajetic,b'@NickJFuentes Newt Gingrich is nowadays the great outlier.',Bosnia and Herzegovina,1306435779804225536
sinisamajetic,b'@ConceptualJames What happens to those they deemed below fear zone?',Bosnia and Herzegovina,1306433211594047489
ivoschum,b'RT @ivofspeydss: kinda missing their old hairstyles \n\n?: Gabriel Cruz https://t.co/yauatkg5o1',Bosnia and Herzegovina,1306424421318455299
valjdavalda,b'@Jelenaaaa_a DisgUSTANG',Bosnia and Herzegovina,1306407675807268868
Kleoptr1111,"b""RT @KnightOfRen_: If you're the smartest person in the room, you're in the wrong room.""",Bosnia and Herzegovina,1306397230673338368
licna_masta,b'My babygirl is better than yours',Bosnia and Herzegovina,1306370461161451522
KnightOfRen_,b'@SkochkoMan @Curtos07 100Euros for a disc reader lol',Bosnia and Herzegovina,1306355933229068288
BK5BL,b'Have you heard ?Time Flies By (Snippet)? by BK5BL on #SoundCloud? #np https://t.co/lulhswCmvL',Bosnia and Herzegovina,1306352630659272704
bajicdusko,"b""We're looking for senior backend engineers @ShyftMoving . Join me and my team in Banja Luka, Novi Sad, and Belgrade? https://t.co/maLo3zW166""",Bosnia and Herzegovina,1306351427355320326
mincii17,b'@_tidamaleynok Amin',Bosnia and Herzegovina,1306334490311241735
acogolubovic,b'@saneldlc @goghie_m Kod mene About 5 hours remaining...\n???',Bosnia and Herzegovina,1306334257791619072
zerinaaaa__,b'RT @adnavella: notice how its only the white ppl doing this',Bosnia and Herzegovina,1306333956317483009
acogolubovic,b'@AppleSupport Tragically slow download here in Bosnia #ios14',Bosnia and Herzegovina,1306331040626159619
volley_aleksa,b'@pepeljara9 A vid me...joj vid mi glOve',Bosnia and Herzegovina,1306330927308603394
acogolubovic,b'@MacRumors Tragically download slow here im Bosnia ?',Bosnia and Herzegovina,1306330684445818880
sinisamajetic,"b'@RT_com Exactly, governments would never waste our money.'",Bosnia and Herzegovina,1306330018717601792
mauu_crn,b'@ZDctn pardon',Bosnia and Herzegovina,1306328020504936449
adnavella,b'notice how its only the white ppl doing this https://t.co/RWWc1ozPIi',Bosnia and Herzegovina,1306326446437101569
acogolubovic,b'Here we go ?? https://t.co/Ufcnq3PvET',Bosnia and Herzegovina,1306324360848908288
acogolubovic,b'Bruh what??\n#ios14 https://t.co/zpHvXayWZf',Bosnia and Herzegovina,1306322610473627648
alex_tmf,b'@udo_brinkman Blagotse',Bosnia and Herzegovina,1306319940899819529
el_matador_33,b'Happy birthday bro ??\n@NigelWG5',Bosnia and Herzegovina,1306316401175560193
malesevic184,"b'@Capt_Preston @jk_rowling Typically, a woman has two?X chromosomes?and is capable of?pregnancy?and giving?birth?fro? https://t.co/s1MrX3tK2A'",Bosnia and Herzegovina,1306311898581925890
ARatfat,b'@Charbay Oo for an former yougloslavian born who lived in burgondy Can WE exchange some things ?',Bosnia and Herzegovina,1306311761574998017
bmorlongea,"b'Goldman Sachs economists recently raised their third quarter GDP growth forecast to 35% from 30%, saying consumer s? https://t.co/jxqh0qLAfR'",Bosnia and Herzegovina,1306310829420224514
DjokerSA,b'RT @KnightOfRen_: @Yolitatennis Defeated by a Swiss though.. Swiss supervisor..',Bosnia and Herzegovina,1306309991738019844
A_Popadic,b'Brutal Protest - OD (Official video) https://t.co/P1Y1l873RC via @YouTube',Bosnia and Herzegovina,1306309156534710272
KnightOfRen_,b'@Yolitatennis Defeated by a Swiss though.. Swiss supervisor..',Bosnia and Herzegovina,1306309073307131904
acogolubovic,b'@ValeriTerziyski @MacRumors Which country?',Bosnia and Herzegovina,1306306766322511879
pepeljara9,b'@VNurkovic Okle t sad to?',Bosnia and Herzegovina,1306301612021952513
acogolubovic,b'@howtogeek @benjedwards Anyone got it already??',Bosnia and Herzegovina,1306298544450678787
peshtanski_djak,b'@CosmonautMarcus That album ??',Bosnia and Herzegovina,1306280630314045442
mincii17,b'Where is my hlel ?',Bosnia and Herzegovina,1306279460740759558
revoltizam,b'RT @valjdavalda: Ride or die baby',Bosnia and Herzegovina,1306279062793580544
semsaax,b'@Sadobosanac smiley jaime pas j?prefere largement phenix',Bosnia and Herzegovina,1306276270070784002
bmorlongea,"b'Unleash the power within. Wednesday Wisdom from Bill W. Morlong, Jr., EA &amp; CTRS https://t.co/do6trtIiYB'",Bosnia and Herzegovina,1306269512312983555
ARatfat,b'@BelleMeadeBRBN All my burgondy wine cask for a barrel of belle Meade ahah https://t.co/NvoB92MAV9',Bosnia and Herzegovina,1306259834011029505
MarijanaMalisa1,b'@OGligic Jeste.',Bosnia and Herzegovina,1306241120402366470
koska_lizi,"b""?Can't you see the giant that walks around you seeing through your petty lives \n\nhttps://t.co/6ekhGrGEAK""",Bosnia and Herzegovina,1306211214830325760
Graja17,b'Doc Rivers be like https://t.co/MysqlYAsvh',Bosnia and Herzegovina,1306210179378229248
knezvale,b'@AQtime @cjtruth @Qanon76 Is he going to step down? Soon?',Bosnia and Herzegovina,1306172608220663811
ZoranDjakovic,"b'RT @ZoranDjakovic: @NATO @ExSeaBreeze @NATO_MARCOM Thaiwan and Malaysia have changed  their order Merkel\nis among 1/2 copies in a row and ""?'",Bosnia and Herzegovina,1306170314049687552
ostranula,b'Republika Srpska Basic Court suspends misdemeanor proceedings against #JusticeforDavid activists https://t.co/P5iB1BLNXt',Bosnia and Herzegovina,1306169898394157056
wise_pokita,"b'The Mandalorian, S02. https://t.co/1OVvFIyXkG'",Bosnia and Herzegovina,1306164121407238145
ZoranDjakovic,b'RT @ZoranDjakovic: @BMW Gentlmen ingineers ...\nPatent for BMW automotive industry is:\n=14.5V / 220~ converter system FOR FRONT LED REFLECTO?',Bosnia and Herzegovina,1306163805228019715
ZoranDjakovic,b'@BMW Gentlmen ingineers ...\nPatent for BMW automotive industry is:\n=14.5V / 220~ converter system FOR FRONT LED REF? https://t.co/PQgIn6p6sD',Bosnia and Herzegovina,1306163780645253121
NSavanovic,"b',,Loose me or use me.""\nBrain'",Bosnia and Herzegovina,1306158738085220352
ZoranDjakovic,"b'RT @ZoranDjakovic: @NATO @ExSeaBreeze @NATO_MARCOM with the German palace, make a prison  and surgery...so\nthey can cut  it off, fingers an?'",Bosnia and Herzegovina,1306157504087420928
ZoranDjakovic,"b'@NATO @ExSeaBreeze @NATO_MARCOM with the German palace, make a prison  and surgery...so\nthey can cut  it off, finge? https://t.co/2qFs4Rk6gd'",Bosnia and Herzegovina,1306157444981235713
ZoranDjakovic,b'@NATO @ExSeaBreeze @NATO_MARCOM Thaiwan and Malaysia have changed  their order Merkel\nis among 1/2 copies in a row? https://t.co/1TlfIvUUbf',Bosnia and Herzegovina,1306156245997543425
IkaFerrerGotic,"b""@hasanbegovic Me neither. It's quiet outside. I guess we'll find out soon. Hope it's nothing.""",Bosnia and Herzegovina,1306723499977904135
leptirizsvemira,b'send to all https://t.co/2Y3fMEYkvw',Bosnia and Herzegovina,1306723112210358276
bigsalolio,b'I have just received the steadiest LILY JAMES poster',Bosnia and Herzegovina,1306722389586333696
ylliosmanii,b'I?m a miracle born with imperial',Bosnia and Herzegovina,1306719115055443968
IkaFerrerGotic,"b""@AhmedA_Official Could be an accident. We'll see. Sarajevo is a peaceful city. Thank you tho.""",Bosnia and Herzegovina,1306718794430193664
DerEwigeSerbe,b'@AlpineTerrorist Here it?s not mandatory but you will be called out if you don?t wear one',Bosnia and Herzegovina,1306712110819348480
leptirizsvemira,b'@munirba jeste??',Bosnia and Herzegovina,1306710807020015621
herzogg96,b'May Allah reward all of those who carried on the torch of Islam for all of those years following the fall of last b? https://t.co/wWMduyh8pw',Bosnia and Herzegovina,1306708987535122434
Rrrrnessa,b'@_edinh the ghost of Jessica really continues to haunt us',Bosnia and Herzegovina,1306705993141813250
minjaska,b'Here?s a song for you? Eyes Shut by Years &amp; Years\nhttps://t.co/ClHXs7mdgO',Bosnia and Herzegovina,1306703513582546945
Fedja_Kilibarda,"b'@Adamzhirkee Because Roma renounces all its legends, including Dzeko!'",Bosnia and Herzegovina,1306699144162160640
Rrrrnessa,"b'A lot, truly...a lot feels off about this. https://t.co/OgldOKHQ7T'",Bosnia and Herzegovina,1306698106461917187
shawnspencer96,b'@JooEspada8 @FCPorto Sure',Bosnia and Herzegovina,1306691477301604357
BigEldinovsky,b'@Mirsamita @metar_drva @loud_mind_ Reaaal galata tower',Bosnia and Herzegovina,1306690822579073024
shawnspencer96,b'@FCPorto Bunch of amateurs',Bosnia and Herzegovina,1306690490339909632
shawnspencer96,b'@josemorgado Pleasure to watch him. Beautiful one-handed backhand. ?',Bosnia and Herzegovina,1306689095847026696
shawnspencer96,b'@FCPorto @ehfcl Imbecilles',Bosnia and Herzegovina,1306688778489257984
hidenakaa,b'Amin https://t.co/ZeNuUKzLjt',Bosnia and Herzegovina,1306679711423234051
pilotado,"b'@thebeebs @shahedC I prefer db first, since my app existed before ef.'",Bosnia and Herzegovina,1306676092720295938
alythekat,"b'24 tasks,  9 more to goooo ?'",Bosnia and Herzegovina,1306674171359838208
dopemankaqiku,"b'This is big brain shit, y?all can?t even IMAGINE!!! https://t.co/RW3rk6bqFZ'",Bosnia and Herzegovina,1306672727605030915
Medjunarodni,"b'@NC19297 Uh, aferim. ?'",Bosnia and Herzegovina,1306672714573402114
bezvizno,b'@ZijoBH jeste',Bosnia and Herzegovina,1306669638445608962
DjordjoL,"b'Jay ????? ???????? ????\n\nHey ?or?o Lazarevi?, CONGRATULATIONS that you won $ 1,000,000 in cash? https://t.co/KU79oY0btR'",Bosnia and Herzegovina,1306665134279065601
DjordjoL,"b'Jay ????? ???????? ????\n\nHey Djordjo Lazarevic, CONGRATULATIONS that you won $ 1,000,000 in cash? https://t.co/XSj7apQR3M'",Bosnia and Herzegovina,1306660579365527552
Cetres1,b'@IsmailVard Amin',Bosnia and Herzegovina,1306659435524354050
bigsalolio,b'I have just received a passionate 1D poster',Bosnia and Herzegovina,1306654363037896704
Naksdakkjal,b'@adelarrd Gud aidea',Bosnia and Herzegovina,1306649450803208192
leptirizsvemira,"b'@harriet_haller weeell, we will find out ??'",Bosnia and Herzegovina,1306649118266339330
_medzed,b'Never tell me cyberbullying doesnt work https://t.co/08D2QW7cem',Bosnia and Herzegovina,1306648390462312448
BigEldinovsky,b'@adnandze Full',Bosnia and Herzegovina,1306641443520421891
Ed_Muratbey,b'@iMiaSanMia @cfbayern For me he is still good for a back up...maybe flick would get out  some good of him',Bosnia and Herzegovina,1306628128970866691
tours_bosnia,b'Your travel partner in Bosnia\n????????\n????? ?WhatsApp&amp;Viber ? ??? +387/62/978/478 \n\n#????? #???? #??????? #??????? https://t.co/yJ3kOHUdNv',Bosnia and Herzegovina,1306626035467923456
stanology101,b'YYYAAAAAASSSSSS..... MY PRINCE IS BACK!! https://t.co/tAKoP5tuXE',Bosnia and Herzegovina,1306618787060502530
ZlataPelko,"b'@PetarDettoni Plenkoviceve cure, stranacke?!'",Bosnia and Herzegovina,1306618009730060289
Rrrrnessa,"b'@JilanInVegas Aw thank you, auntie ??'",Bosnia and Herzegovina,1306617619647168513
KnightOfRen_,b'@lukaseder Microsoft doing something that makes sense? Heck no. They would rather buy tiktok or something stupid',Bosnia and Herzegovina,1306617474092273669
DerEwigeSerbe,b'Stuck on this screen for 17 minutes now https://t.co/LHBquOIiqY',Bosnia and Herzegovina,1306614080791285760
Rrrrnessa,b'It?s always good to be in Sarajevo but this time really is slightly more special because there?s a huge lack of tou? https://t.co/CndBLR6zoJ',Bosnia and Herzegovina,1306613291498774535
Rrrrnessa,b'@alexcruik Best friendsss',Bosnia and Herzegovina,1306611867272577024
Rrrrnessa,"b'@queerbalkan Honestly, every time Im at Egipatski sladoled I think of you and Natasha ???'",Bosnia and Herzegovina,1306611729909116938
herzogg96,b'@MrBahz @KampfUndArbeit Crusader Kings 3',Bosnia and Herzegovina,1306599245630173186
nesibaeee,b'ajdins little brother keeps asking when i?m going to go home ??',Bosnia and Herzegovina,1306598540152467456
Muhamed069,b'@ahmedIdn Subhanallah what did i watch',Bosnia and Herzegovina,1306592667418066951
DerEwigeSerbe,b'@kerietzagli @Earldormancy Alive in agartha',Bosnia and Herzegovina,1306592483292266501
alythekat,b'jacoooooob ?? https://t.co/YKVUkL6ReS',Bosnia and Herzegovina,1306592394373079042
algoritmii,b'@Magimusa1 @harrymack Na duhen besom',Bosnia and Herzegovina,1306587657183453184
izet03181634,b'@Your Excellency Sheikh Mohammed bin Rashid Al Maktoum I know you have a lot of work to do but I beg you in a littl? https://t.co/E6zrZlk5Qn',Bosnia and Herzegovina,1306574695857369088
ninadrogaama,b'choose your fighter https://t.co/mpzMQSv32z',Bosnia and Herzegovina,1306574631290236928
izet03181634,b'@I swear to you dear Allah that a great sin was committed against my son.  No one can believe that Adin was fired o? https://t.co/NbnV3TCmyA',Bosnia and Herzegovina,1306572556141461506
izet03181634,b'@I swear to you dear Allah that a great sin was committed against my son.  No one can believe that Adin was fired o? https://t.co/NbnV3TCmyA',Bosnia and Herzegovina,1306572556141461506
Naksdakkjal,"b""@takbergunaa So sad:'(""",Bosnia and Herzegovina,1306571756988108806
HasanSanjaki,b'@COIN_TR1 Aksungur seems to be based on Anka',Bosnia and Herzegovina,1306567841173430273
pazarka_,b'Me today.. ? https://t.co/KGFWRCymp8',Bosnia and Herzegovina,1306561071394754560
VanjaGnjatic,b'@cabke791 100%. Satrase.',Bosnia and Herzegovina,1306560000970682370
bluediggory,b'RT @algoritmii: @bluediggory U lil ass bitch you look good',Bosnia and Herzegovina,1306555175407157249
vpi_bih,b'Happening now ?? Kick ? off meeting of project ?Make Future Together: EU and the Western Balkans from the Youth Per? https://t.co/mWZfOH6Vd5',Bosnia and Herzegovina,1306549544289742854
tropska__,b'The bar is in hell???',Bosnia and Herzegovina,1306536503410073606
izet03181634,b'@Adin and his sister on a mountain near Travnik in Bosnia',Bosnia and Herzegovina,1306534740112048130
izet03181634,"b'@Therefore, I ask you, Your Excellency, to correct the sin committed against him, because he suffers a lot from inj? https://t.co/5QIY05pGKZ'",Bosnia and Herzegovina,1306532455080497152
izet03181634,"b'@He came from Bosnia, was at war, and loves the Emirates and Dubai a lot, and now he is very sad about the injustic? https://t.co/9iRlrFkAYt'",Bosnia and Herzegovina,1306530547246784517
izet03181634,"b'@He has become a purser, which means he is the best.  He gets fired because his contract expires.  It is absurd tha? https://t.co/48gwOzS5VH'",Bosnia and Herzegovina,1306528394688049158
HasanSanjaki,b'@CalibreObscura What about price and quality?',Bosnia and Herzegovina,1306528071458205698
Rrrrnessa,b'@asheck Oh of course',Bosnia and Herzegovina,1306527192197799937
izet03181634,"b'@Your Excellency, my son Adin Arnautovic was committed a great injustice, a great sin against him. 9 years he works? https://t.co/5RPVWtb2U3'",Bosnia and Herzegovina,1306526706329694209
diomyxoxoxixi,b'@snowbunnyaa @srowzyx @weareoneEXO @B_hundred_Hyun WE LOVE YOU BAEKHYUN?\n\n#EXOLSTAYWITHBAEKHYUN\n#EXOLSTAYWITHEXO\n#EXO @weareoneEXO',Bosnia and Herzegovina,1306525217053749248
Eldin14392212,b'@madstyles1000 The besttttt',Bosnia and Herzegovina,1306520000031850496
DjordjoL,"b'Jay ????? ???????? ???? menanggapi comment yang Anda buat di Halamannya.\n\nHey ?L, CONGRATULATIONS that you won $ 1,? https://t.co/aW7xciHK8R'",Bosnia and Herzegovina,1306518112272101377
DjordjoL,"b'Jay ????? ???????? ???? menanggapi comment yang Anda buat di Halamannya.\nHey ?L, CONGRATULATIONS that you won $ 1,0? https://t.co/ueY1GNdpjk'",Bosnia and Herzegovina,1306516881986203653
b86k0qswB7JYTBs,b'RT @KYUNGguin_: I SUPER MISS YOU KYUNGSOO ????\n\n@weareoneEXO #DO #KYUNGSOO #??? #EXO #EXOL https://t.co/qhi2Aiv0k3',Bosnia and Herzegovina,1306514402196086784
hazloni,"b'So, I actually had the iOS 14 four years ago when I had a Samsung Galaxy phone. ?????'",Bosnia and Herzegovina,1306513507719041025
_E74AV_,b'I so many used antistatic bags from @ElectronicsLcsc so I had to figure out how to use those again. :) Now #esprfid? https://t.co/Y4fPBeMgP4',Bosnia and Herzegovina,1306511778969518080
algoritmii,b'@bluediggory U lil ass bitch you look good',Bosnia and Herzegovina,1306507663233163265
tropska__,b'@currlybabe Miss rona really snapped tho',Bosnia and Herzegovina,1306506834702983168
Rrrrnessa,b'@mladenerjavec It?s amazing',Bosnia and Herzegovina,1306494220056899586
tours_bosnia,b'Your travel partner in Bosnia\n????????\n????? ?WhatsApp&amp;Viber ? ??? +387/62/978/478 \n\n#????? #???? #??????? #??????? https://t.co/hpkisvAiOE',Bosnia and Herzegovina,1306492667661086720
ljubomirll,b'@udovica_vesela The Hangover',Bosnia and Herzegovina,1306486531272650752
PXx31fjoiMJNqGT,b'RT @KYUNGguin_: I SUPER MISS YOU KYUNGSOO ????\n\n@weareoneEXO #DO #KYUNGSOO #??? #EXO #EXOL https://t.co/qhi2Aiv0k3',Bosnia and Herzegovina,1306484230428528641
Rrrrnessa,b'Muscle memory is when I drink 134 coffees per day in Sarajevo after drinking only one weak coffee per day for years? https://t.co/NTpJDqCqDg',Bosnia and Herzegovina,1306483513798033409
stanology101,b'@secretlymind With Yenan please... Universe miss him so much!!',Bosnia and Herzegovina,1306481315118751745
BigEldinovsky,b'@Azra87357058 he he he ??',Bosnia and Herzegovina,1306481004106915840
KYUNGguin_,b'I SUPER MISS YOU KYUNGSOO ????\n\n@weareoneEXO #DO #KYUNGSOO #??? #EXO #EXOL https://t.co/qhi2Aiv0k3',Bosnia and Herzegovina,1306467825427476480
BigEldinovsky,b'@Mister_No73 One more erection to waste',Bosnia and Herzegovina,1306456218202931201
Alaasalama99,"b""For ever if I'm far away\nI hold you in my heart\nI sing a secret song to you\nEach night we are apart\nRemember me""",Bosnia and Herzegovina,1306446113432580098
Mister_Ilic,"b""@LantauDisney @TonyKhan @KennyOmegamanX Now I'm done speaking to you go find something else to do while Dynamite is? https://t.co/OvU1YfG38C""",Bosnia and Herzegovina,1306399960234102785
Mister_Ilic,"b""@LantauDisney @TonyKhan @KennyOmegamanX Hate? God damn I bet Jim would be embarrassed of you as his fan. You can't? https://t.co/uZqgwDtbiB""",Bosnia and Herzegovina,1306399677114388481
Mister_Ilic,b'@LantauDisney @TonyKhan @KennyOmegamanX What sense? You think his ideas would actually benefit wrestling to become? https://t.co/qKxLJiKVyY',Bosnia and Herzegovina,1306399111525085189
bigsalolio,b'I have just received a smaller Toronto Blue Jays poster',Bosnia and Herzegovina,1306397719607508992
Mister_Ilic,"b'@LantauDisney @TonyKhan @KennyOmegamanX They are more entertaining to you, hence why a this is subjective. I listen? https://t.co/38FjKddg4x'",Bosnia and Herzegovina,1306397020844961793
Mister_Ilic,b'@LantauDisney @TonyKhan @KennyOmegamanX Like alot of the times Jim just rants about stupid things only people like? https://t.co/lQWmavpIcI',Bosnia and Herzegovina,1306396561052753920
Mister_Ilic,"b'@LantauDisney @TonyKhan @KennyOmegamanX What sense? What do you want of a scripted niche ""sport"" that wrestling has? https://t.co/djGXnlENM2'",Bosnia and Herzegovina,1306396041021923329
Mister_Ilic,b'@LantauDisney @TonyKhan @KennyOmegamanX He makes sense to a guy chugging his beer and watching wrestling in 90s or? https://t.co/PQ2yz7lKZE',Bosnia and Herzegovina,1306394554615173121
herzogg96,b'Despite being only 3% of the population',Bosnia and Herzegovina,1306383009520726019
bigsalolio,b'I have just received a swollen cat poster',Bosnia and Herzegovina,1306359977863516160
nesibaeee,"b'@elisaomerovic ugh, i?m obsessed w u ??'",Bosnia and Herzegovina,1306354171222863875
_medzed,b'This reeks of voter suppression https://t.co/haBdAG89yE',Bosnia and Herzegovina,1306350663438344194
Aidazzles,b'@Kosaa18 I speak sarcasm fluently',Bosnia and Herzegovina,1306349440689635328
aplatkadin,b'RT @BigEldinovsky: #prijejebilobolje\nAlive (Live) - MTV Unplugged - Pearl Jam https://t.co/Ifim1kKY2J via @YouTube',Bosnia and Herzegovina,1306340610220187652
xemafuentes,"b'So, Spotify users want to be able to mark as played multiple episodes at once and @Spotify considers it as ""Not Rig? https://t.co/BxVC5n0S4B'",Bosnia and Herzegovina,1306338611835613190
blackcat_dev,b'Life? https://t.co/ZHpDr1Wagf',Bosnia and Herzegovina,1306329557268672512
algoritmii,"b'Jay-Z - Syllables feat. Eminem, Dr Dre, 50 Cent, Stat Quo &amp; Cashis https://t.co/1O8cuo8E3n via @YouTube i met this? https://t.co/k7C3azYfKq'",Bosnia and Herzegovina,1306328884997230593
BellaDonna2101,b'@Dissebrojedan Awww mrvica ?',Bosnia and Herzegovina,1306327687468920834
Salihu,b'#WSL2 pro tip: access your code on Linux distro file system and not through mnt/..  #vscode and #git experience cha? https://t.co/OiUxzPJKHP',Bosnia and Herzegovina,1306320737645588482
shawnspencer96,b'@PSG_inside @FCMetz Can you score against anyone?',Bosnia and Herzegovina,1306319253411426307
alythekat,"b'i really have no idea why i passed  the language proficiency test instead of typing wae?!?? oh well,  wish me luck.'",Bosnia and Herzegovina,1306318060396003329
KnightOfRen_,"b'@sunilc_ @PrasoonPratham Unrelated question, no shade, just curiosity: at which point did you start calling yoursel? https://t.co/ZVF7JE9SjF'",Bosnia and Herzegovina,1306317587018547202
arijana_mc,b'RT @emiiomer: Bitches get a bf and are like ?omg mehmed farted in his sleep on ft and I?m just like in love again ??? jebote mehmed vi?e',Bosnia and Herzegovina,1306317514578759680
KnightOfRen_,"b""@PrasoonPratham I'm interested in type safe hands of my dearest most precious @typescript ??????""",Bosnia and Herzegovina,1306317073581256713
KnightOfRen_,"b""@Yolitatennis https://t.co/80sQEMnSbT\n\nI'm pretty sure he is if I can read this""",Bosnia and Herzegovina,1306316462257311746
aeon_tea,b'@ItsMiaG Exactly',Bosnia and Herzegovina,1306313599963598848
emiraaxoxo,b'RT @emiiomer: Bitches get a bf and are like ?omg mehmed farted in his sleep on ft and I?m just like in love again ??? jebote mehmed vi?e',Bosnia and Herzegovina,1306309814268686337
Ed_Muratbey,b'@LeroySane19 What is your religion?',Bosnia and Herzegovina,1306302007502868481
igropop,b'@Tarambushko Hiseta rules.',Bosnia and Herzegovina,1306300017074794496
tropska__,b'The original e-girl https://t.co/ag1F99BchR',Bosnia and Herzegovina,1306296086655631362
herzogg96,b'@Emet28594864 @KampfUndArbeit Not just Islam. Religion and morals in general.',Bosnia and Herzegovina,1306295348202213378
bigsalolio,b'I have just received a low Steve Winwood poster',Bosnia and Herzegovina,1306291869366792194
herzogg96,b'God I hate the French https://t.co/NosKgd3v4C',Bosnia and Herzegovina,1306290935572172800
_medzed,b'@DzeboAmer I just need to lick boots and work until my back breaks and maybe i can retire at 70',Bosnia and Herzegovina,1306285024313053186
_medzed,b'Lets not tax them though https://t.co/yUe8rNPI0u',Bosnia and Herzegovina,1306284341669044226
MCBRUDA,b'RT @beharahmeti_: @MCBRUDA KING OF DRIP ?????',Bosnia and Herzegovina,1306281105365053446
beharahmeti_,b'@MCBRUDA KING OF DRIP ?????',Bosnia and Herzegovina,1306281021982244864
Ed_Muratbey,b'@v_vkey @SrLuisGuilherme @Robbenismo10 @iMiaSanMia @Transfermarkt Only reasom i see it is becouse rhey have better? https://t.co/VTD9UMWkr8',Bosnia and Herzegovina,1306279350615117824
alythekat,"b""i'd probably have to read and show an interest in articles with regards to controversies in the phil in order for m? https://t.co/eR8snTjIhG""",Bosnia and Herzegovina,1306277285167726593
Naksdakkjal,b'@imunosupresan Hadiiir',Bosnia and Herzegovina,1306277263868977152
ArduanaPribinja,"b'@KriticarN @EdisPG Here it is, so God help you :) \n\nhttps://t.co/leaVtzzOqn'",Bosnia and Herzegovina,1306272242955886593
dopemankaqiku,b'@leonitaaal I fully agree!',Bosnia and Herzegovina,1306267914501263361
tropska__,b'I martinke ??? https://t.co/YYYmpxpmg8',Bosnia and Herzegovina,1306266847570989056
DerEwigeSerbe,b'@warcriminall Richest man in ??',Bosnia and Herzegovina,1306265037166841856
krivoglava,b'RT @dopemankaqiku: Y?all ever wonder ku u met Resul Sinani? weird',Bosnia and Herzegovina,1306264526107684867
dopemankaqiku,b'Y?all ever wonder ku u met Resul Sinani? weird',Bosnia and Herzegovina,1306264355982499844
IkaFerrerGotic,b'@DalijaAJB Done ???',Bosnia and Herzegovina,1306261063978147843
koska_lizi,"b'@JocoVujkovac Ahaha, twitter just doing its thing :)'",Bosnia and Herzegovina,1306260526100611073
vmrgav,b'OnePlus 8 international giveaway @androidauth #giveaway https://t.co/UUqLcXDBR8',Bosnia and Herzegovina,1306257846569521155
ps_bazinga24,b'@MookMorris2 go home! ??? https://t.co/BwVzG3vq1n',Bosnia and Herzegovina,1306256260518551552
nesibaeee,b'this crying session tonight is going to smack',Bosnia and Herzegovina,1306255570719170560
DerEwigeSerbe,b'@PokecMoravak All brown women are loud',Bosnia and Herzegovina,1306255152547012608
herzogg96,b'Lmao who made this https://t.co/uFLGrOka9I',Bosnia and Herzegovina,1306252170602393600
Mister_Ilic,"b'@SpaceCityKev @alwaysl0sing @ClutchPointsApp Luka is better then Harden in every way except scoring, and Harden onl? https://t.co/ks6NahHRZD'",Bosnia and Herzegovina,1306250119000530944
manekmehapse,b'RT @emiiomer: Bitches get a bf and are like ?omg mehmed farted in his sleep on ft and I?m just like in love again ??? jebote mehmed vi?e',Bosnia and Herzegovina,1306247797394616321
sandzakov,b'@kl_b57 amin',Bosnia and Herzegovina,1306233850289369093
KnightOfRen_,"b""@divirj04 Human ego makes people blind to the obvious truth. Especially one as big as Roger's.""",Bosnia and Herzegovina,1306231465223561217
KnightOfRen_,"b""@divirj04 Salty because Federer belittled Novak's potential 12 years ago and it ended up biting them and him in the face""",Bosnia and Herzegovina,1306230708843810817
Aidazzles,"b'This is chilling, inhumane, savage - it is torture.\n\n?When he refuses the daily x-rays, he is penalised for that.?,? https://t.co/ilswOLuJ5H'",Bosnia and Herzegovina,1306229089414647808
alythekat,"b'""friends don\'t need to know everything to share the pain with you"".'",Bosnia and Herzegovina,1306224298986622981
DerEwigeSerbe,b'@AlpineTerrorist @kerietzagli too late...',Bosnia and Herzegovina,1306223944022851584
DerEwigeSerbe,b'@MonkeKio Kaur here was a nickname for austrians',Bosnia and Herzegovina,1306223642532024320
alythekat,"b""shit,  i'm crying ?? https://t.co/vUyto4DkoK""",Bosnia and Herzegovina,1306223426256871424
GLikic23,b'RT @emiiomer: Bitches get a bf and are like ?omg mehmed farted in his sleep on ft and I?m just like in love again ??? jebote mehmed vi?e',Bosnia and Herzegovina,1306222420198555650
BumpSetHURDLE,b'RT @ePehilj: @DrizzySource Whole tracklist is upside down to #ConspiracyTheories ?',Bosnia and Herzegovina,1306729495060152322
cognaccripcess,b'@JerseyDa420Chef He fasho don?t look at Ppl when he out grocery shopping',Bosnia and Herzegovina,1306728911296892928
THEEONLYVIXEN,b'RT @stfutena: little bitch you know i?m lovely ? https://t.co/j4xjgBAn4c',Bosnia and Herzegovina,1306728831508713472
koams_,b'RT @stfutena: little bitch you know i?m lovely ? https://t.co/j4xjgBAn4c',Bosnia and Herzegovina,1306728543225872387
trennisson,b'RT @stfutena: @trennisson thop ittt ??',Bosnia and Herzegovina,1306728286668685313
cognaccripcess,b'I am LMFAOOOOOOOOOOO https://t.co/INgpmPkEx0',Bosnia and Herzegovina,1306727238981709824
mo__xx3,b'RT @stfutena: little bitch you know i?m lovely ? https://t.co/j4xjgBAn4c',Bosnia and Herzegovina,1306727181582819329
GVONICK,b'RT @stfutena: @GVONICK preshaded ??',Bosnia and Herzegovina,1306726864233340929
cognaccripcess,b'He gone be like ?damn bitches really don?t listen? ?? https://t.co/r0DxSyfjv1',Bosnia and Herzegovina,1306726736319504384
thenaturalai,b'Nigerians are just horrible people',Bosnia and Herzegovina,1306726655386431488
cognaccripcess,b'I want my feet rubbed and my weed rolled',Bosnia and Herzegovina,1306726492139745280
stfutena,b'@slayyoncee thank you pretty ??',Bosnia and Herzegovina,1306726489380065282
stfutena,b'@trennisson thop ittt ??',Bosnia and Herzegovina,1306726413672865795
stfutena,b'@earthgrlanna that?s all you mama',Bosnia and Herzegovina,1306726223150813185
stfutena,b'@GVONICK preshaded ??',Bosnia and Herzegovina,1306725919541714944
cognaccripcess,b'@LabreaBoy Take yo ass to the shop lmaoo',Bosnia and Herzegovina,1306725849501065217
stfutena,b'@_17thCourt thank you',Bosnia and Herzegovina,1306725565467168768
cognaccripcess,b'@jaliaella Lmaoooo this shit starts in the home . Them lil niggas gone grow up and want bitches to buy them shit al? https://t.co/HUSsE5bV2T',Bosnia and Herzegovina,1306725471560769537
cognaccripcess,b'Debating if I should pop out tonight .. y?all know how thirsty thursdays go lmaoo',Bosnia and Herzegovina,1306725074918023169
cognaccripcess,b'@TheRealBHusssle Bitches worries about the wrong weewee ??',Bosnia and Herzegovina,1306724847595085825
stfutena,b'@urfavashh thank you ml ?',Bosnia and Herzegovina,1306724095682318337
officialkhyng,b'RT @stfutena: little bitch you know i?m lovely ? https://t.co/j4xjgBAn4c',Bosnia and Herzegovina,1306723097299611651
00leez,b'RT @stfutena: little bitch you know i?m lovely ? https://t.co/j4xjgBAn4c',Bosnia and Herzegovina,1306722362675605506
_ifleezy_,b'RT @cognaccripcess: Bitches ready to buy a ps5 for every nigga in they phone but not one for their sons lmaoooooooooooo :(',Bosnia and Herzegovina,1306721683240353799
ilabmamigwy,b'@baIchandria ilabmamigwy-chin-may 26',Bosnia and Herzegovina,1306717453800546304
TheReaalJ_Bump,b'RT @cognaccripcess: I been crying laughing at this all day lmaooooooo https://t.co/3jYqvKhitL',Bosnia and Herzegovina,1306712712940982272
DeVeNTheRude,b'RT @cognaccripcess: Bitches ready to buy a ps5 for every nigga in they phone but not one for their sons lmaoooooooooooo :(',Bosnia and Herzegovina,1306712225705459712
slayyoncee,b'RT @stfutena: little bitch you know i?m lovely ? https://t.co/j4xjgBAn4c',Bosnia and Herzegovina,1306710237685129217
Lifeoffurry,b'RT @stfutena: little bitch you know i?m lovely ? https://t.co/j4xjgBAn4c',Bosnia and Herzegovina,1306708763399815168
Cocaineshay,b'RT @stfutena: little bitch you know i?m lovely ? https://t.co/j4xjgBAn4c',Bosnia and Herzegovina,1306708282715840514
brownskinn_tai,b'RT @stfutena: little bitch you know i?m lovely ? https://t.co/j4xjgBAn4c',Bosnia and Herzegovina,1306705789994795009
strawbabiesss,b'RT @stfutena: little bitch you know i?m lovely ? https://t.co/j4xjgBAn4c',Bosnia and Herzegovina,1306705719069114369
Sarrrrahhh_,b'RT @stfutena: little bitch you know i?m lovely ? https://t.co/j4xjgBAn4c',Bosnia and Herzegovina,1306703074250100736
cognaccripcess,b'@loveeeshelly Thank you ???? I appreciate you I hope you?re having a bet day my love ?',Bosnia and Herzegovina,1306701997907689472
cognaccripcess,b'@loveeeshelly EXACTLY LIKE WOOOOOOW I CANT EVEN DEAL LMAO I DONT LIKE THIS GHETTO SHIT',Bosnia and Herzegovina,1306701496654860288
cognaccripcess,b'@loveeeshelly SAD LMAOOO THIS IS HARASSMENT AT THIS POINT',Bosnia and Herzegovina,1306700915349438464
MjCapalotx,b'@BabyJepu Add me',Bosnia and Herzegovina,1306700872353751042
loveeeshelly,b'RT @cognaccripcess: Bitches ready to buy a ps5 for every nigga in they phone but not one for their sons lmaoooooooooooo :(',Bosnia and Herzegovina,1306700799158804480
BallyHimself,b'@Peqly Mar ur still ugly ?????',Bosnia and Herzegovina,1306700511454912519
cognaccripcess,b'Facts ?? https://t.co/z2fVbxle0B',Bosnia and Herzegovina,1306700340155150336
MjCapalotx,b'@ViralKenji Ye but you should make one for me first',Bosnia and Herzegovina,1306699872087748609
MjCapalotx,b'Who wanna run',Bosnia and Herzegovina,1306699541505286147
huntylila,b'RT @stfutena: little bitch you know i?m lovely ? https://t.co/j4xjgBAn4c',Bosnia and Herzegovina,1306696476412661760
katlynnn_x,b'RT @stfutena: little bitch you know i?m lovely ? https://t.co/j4xjgBAn4c',Bosnia and Herzegovina,1306696347731591168
ogstunrr,b'RT @Tha3rdd: Givin Face Vibes Real Niggas Know',Bosnia and Herzegovina,1306695193471590401
aybitchsaybitch,b'RT @cognaccripcess: They already using they kids money might as well buy the kids a new game system lmaoooooooo',Bosnia and Herzegovina,1306695071798980608
cognaccripcess,b'They already using they kids money might as well buy the kids a new game system lmaoooooooo',Bosnia and Herzegovina,1306694236054499328
cognaccripcess,b'@missbehavingg7 Bitches worries about the wrong one lmaoooooo all I?m saying',Bosnia and Herzegovina,1306694142802632704
drewwterrell,b'RT @stfutena: little bitch you know i?m lovely ? https://t.co/j4xjgBAn4c',Bosnia and Herzegovina,1306694101912485888
missbehavingg7,b'RT @cognaccripcess: Bitches ready to buy a ps5 for every nigga in they phone but not one for their sons lmaoooooooooooo :(',Bosnia and Herzegovina,1306694023550136320
NeishaPretty_,b'RT @stfutena: little bitch you know i?m lovely ? https://t.co/j4xjgBAn4c',Bosnia and Herzegovina,1306693757526577152
cognaccripcess,b'Bitches ready to buy a ps5 for every nigga in they phone but not one for their sons lmaoooooooooooo :(',Bosnia and Herzegovina,1306693697237524480
cognaccripcess,b'I gotta change my number again lmaoooooo even made two text free numbers like LOOOOOORD https://t.co/yTid575Tsx',Bosnia and Herzegovina,1306693327681499136
cognaccripcess,b'Them shoes got his feet barking lmaoooooooo https://t.co/cvJAKUMNly',Bosnia and Herzegovina,1306691811319009280
cognaccripcess,b'@GoCrazeMilky I don?t like how it look tho lnaoooooo',Bosnia and Herzegovina,1306690730287529984
Ohthatsbutta,b'RT @cognaccripcess: I been crying laughing at this all day lmaooooooo https://t.co/3jYqvKhitL',Bosnia and Herzegovina,1306689632717864960
cognaccripcess,b'She want a 3 some https://t.co/ibkOhciG8A',Bosnia and Herzegovina,1306689217007816704
stacytamaraa,b'RT @stfutena: little bitch you know i?m lovely ? https://t.co/j4xjgBAn4c',Bosnia and Herzegovina,1306688462381293576
__c2b,b'RT @Tha3rdd: Givin Face Vibes Real Niggas Know',Bosnia and Herzegovina,1306687226772779009
cognaccripcess,b'@therealjoyk @triga_sa EDD slow asses',Bosnia and Herzegovina,1306687071830962176
butajesusus,b'@EoinFN when I get  friend request my screen go black for 10 seconds just turn on auto decline requests',Bosnia and Herzegovina,1306686078175379459
Tha3rdd,b'Givin Face Vibes Real Niggas Know https://t.co/7SYHBUCrVe',Bosnia and Herzegovina,1306682480502554624
d_tweetsss,b'RT @stfutena: little bitch you know i?m lovely ? https://t.co/j4xjgBAn4c',Bosnia and Herzegovina,1306681204301795329
YiTheGreat,b'RT @ePehilj: @DrizzySource Whole tracklist is upside down to #ConspiracyTheories ?',Bosnia and Herzegovina,1306680597201530881
devonalysse_,b'RT @stfutena: little bitch you know i?m lovely ? https://t.co/j4xjgBAn4c',Bosnia and Herzegovina,1306679559245365248
TyTooHollywood,b'RT @stfutena: little bitch you know i?m lovely ? https://t.co/j4xjgBAn4c',Bosnia and Herzegovina,1306679420460113923
th3_prettiest,b'RT @stfutena: little bitch you know i?m lovely ? https://t.co/j4xjgBAn4c',Bosnia and Herzegovina,1306679211231506432
earthgrlanna,b'RT @stfutena: little bitch you know i?m lovely ? https://t.co/j4xjgBAn4c',Bosnia and Herzegovina,1306679100099227651
hunichinq,b'RT @stfutena: little bitch you know i?m lovely ? https://t.co/j4xjgBAn4c',Bosnia and Herzegovina,1306677026338877443
GVONICK,b'RT @stfutena: little bitch you know i?m lovely ? https://t.co/j4xjgBAn4c',Bosnia and Herzegovina,1306676825645604864
stfutena,b'@__Xenamo thanks!',Bosnia and Herzegovina,1306676802685894659
stfutena,b'@RecklessDonDon thank you',Bosnia and Herzegovina,1306676762638680066
itskaylachyan,b'RT @stfutena: little bitch you know i?m lovely ? https://t.co/j4xjgBAn4c',Bosnia and Herzegovina,1306676502956830724
stfutena,b'@_17thCourt full detail interior &amp; exterior',Bosnia and Herzegovina,1306676455829639168
urfavashh,b'RT @stfutena: little bitch you know i?m lovely ? https://t.co/j4xjgBAn4c',Bosnia and Herzegovina,1306676213423931399
queennlydiee,b'RT @stfutena: little bitch you know i?m lovely ? https://t.co/j4xjgBAn4c',Bosnia and Herzegovina,1306676065927147521
JokerPrincipe,b'RT @stfutena: little bitch you know i?m lovely ? https://t.co/j4xjgBAn4c',Bosnia and Herzegovina,1306675709553913857
stfutena,b'little bitch you know i?m lovely ? https://t.co/j4xjgBAn4c',Bosnia and Herzegovina,1306675532009009157
loveeeshelly,b'RT @cognaccripcess: I been crying laughing at this all day lmaooooooo https://t.co/3jYqvKhitL',Bosnia and Herzegovina,1306675160351563776
missbehavingg7,b'RT @cognaccripcess: ????????????? I cant stop laughing I can?t breath type shit lmaoooo I can picture u now wit yo blunt and all',Bosnia and Herzegovina,1306674659199340545
cognaccripcess,b'I like a nigga just as fun and goofy as me life is already hard why a nigga gotta be fake serious all the time',Bosnia and Herzegovina,1306673147865829376
cognaccripcess,b'????????????? I cant stop laughing I can?t breath type shit lmaoooo I can picture u now wit yo blunt and all https://t.co/JIWFIeJL8k',Bosnia and Herzegovina,1306672980563427328
swhyafx,b'RT @eswai_: the boyfriend:                   the girlfriend: https://t.co/wy42qfE1PE',Bosnia and Herzegovina,1306672231548768256
cognaccripcess,b'@missbehavingg7 BIIIIIIIIIIITCH LMAOOOOO I JUST FELL OUT WHY ARE YOU LIKE THIS ??!!!! ????????',Bosnia and Herzegovina,1306671208897810433
miss_frenship,b'goodnight ulet lover???',Bosnia and Herzegovina,1306670931918479360
missbehavingg7,b'RT @cognaccripcess: I?m buying myself a ps5 and bitch if I like you I might let u come over and play this mf lmaoo',Bosnia and Herzegovina,1306670862762872834
InhaleMyChoc,b'RT @cognaccripcess: It?s funny wen niggaz think women are spending $25 on nails lmao what are we 15 years old ? Lmaooo',Bosnia and Herzegovina,1306670730361225216
cognaccripcess,b'I?m buying myself a ps5 and bitch if I like you I might let u come over and play this mf lmaoo',Bosnia and Herzegovina,1306670401590718465
cognaccripcess,b'I don?t trust niggaz that wear ankle socks',Bosnia and Herzegovina,1306670223206920193
cognaccripcess,b'It?s funny wen niggaz think women are spending $25 on nails lmao what are we 15 years old ? Lmaooo',Bosnia and Herzegovina,1306669859091042304
InhaleMyChoc,b'RT @cognaccripcess: I been crying laughing at this all day lmaooooooo https://t.co/3jYqvKhitL',Bosnia and Herzegovina,1306669244612976640
veeenachos,b'RT @cognaccripcess: I been crying laughing at this all day lmaooooooo https://t.co/3jYqvKhitL',Bosnia and Herzegovina,1306669236081762309
cognaccripcess,b'I been crying laughing at this all day lmaooooooo https://t.co/3jYqvKhitL',Bosnia and Herzegovina,1306669022339981312
cognaccripcess,b'REAL NIGGA https://t.co/NEnmUHXO8e',Bosnia and Herzegovina,1306666267105918976
cognaccripcess,b'What?s cuz name lmaoooo https://t.co/7frKIrOYua',Bosnia and Herzegovina,1306666013665013760
cognaccripcess,b'This mf over there listening to Kanye lmaoooooooooo https://t.co/QurlDV1mP6',Bosnia and Herzegovina,1306665332535255040
KeylaaLaFlakaa,b'RT @stfutena: who details cars in broward?',Bosnia and Herzegovina,1306659734825697280
chareut,b'@joannamarieee18 ily happy birthday!! ?',Bosnia and Herzegovina,1306655043332915200
DottorPuce,b'RT @RaideruEUW: @MarkYetter Rather than removing duos in this elo how about removing autofill :DDD?',Bosnia and Herzegovina,1306651004553826310
menggay_liit,b'HEATHHEEERRRR',Bosnia and Herzegovina,1306650845845442560
goghie_m,b'*Send to all* https://t.co/HNKiBwkaPn',Bosnia and Herzegovina,1306732044282667011
goksi_,"b""Inshallah, that's what you say?""",Bosnia and Herzegovina,1306724556430860290
goghie_m,b'@trnkicaaa @Hermjonovna For multiple reasons. ?',Bosnia and Herzegovina,1306723238739881984
AshanaAu,b'sleep over',Bosnia and Herzegovina,1306712442374746112
JackJackinovic,b'@SupesBatsy Land of the free and dumb',Bosnia and Herzegovina,1306709719264956416
JackJackinovic,"b'YES, WHAT THE FUCK https://t.co/pn72ATTqQz'",Bosnia and Herzegovina,1306705875697119236
TariqKhairulla1,"b'RT @vjeraislama: @TariqKhairulla1 It is narrated from Abu Umamat r.a. that the Messenger of Allah, sallallaahu \'alayhi wa sallam, said: ""I?'",Bosnia and Herzegovina,1306704881483481090
vjeraislama,"b""@TariqKhairulla1 It is narrated from Abu Umamat r.a. that the Messenger of Allah, sallallaahu 'alayhi wa sallam, sa? https://t.co/U7V3LNVDUx""",Bosnia and Herzegovina,1306704736159174656
Mirza_ManUtd,b'Day 321 It is 17. September and today I had fun on CodePen #codingphase #365CodingPhaseChallenge https://t.co/0WlsMG6mSS',Bosnia and Herzegovina,1306703017207623681
skepticfella,b'@Blanco_B7 @XavsFutbol This man actually gets paid for talking bollox-ology on t.v.and he does not seem to care one bit. Nice',Bosnia and Herzegovina,1306698931229855746
JackJackinovic,b'A VIRUS IS GOING ON YOU MORON! https://t.co/qVvnOAvORF',Bosnia and Herzegovina,1306697459209588738
TheBosnian95,b'@FuckJoshSmith We need a show',Bosnia and Herzegovina,1306693497425145857
TheBosnian95,b'@andrewmyerrr With the 3 piece',Bosnia and Herzegovina,1306693292424400899
goksi_,b'happy for you)',Bosnia and Herzegovina,1306688266717061121
endemiik,b'@efruzeamanur Evettttt :)',Bosnia and Herzegovina,1306684207159222275
averie69,b'RT @JackJackinovic: ITS LITERALLY THE POINT OF THE AMENDMENTS YOU FUCKING MORON!',Bosnia and Herzegovina,1306681208189968384
I_am_Juventino,b'@juveaj And in the first 11 against Sampdoria ?',Bosnia and Herzegovina,1306681090241892358
davidpe11188501,b'RT @JackJackinovic: ITS LITERALLY THE POINT OF THE AMENDMENTS YOU FUCKING MORON!',Bosnia and Herzegovina,1306679254336376832
per_plexing,"b'graduated from master debater, slash, massive masturbator'",Bosnia and Herzegovina,1306678972101599238
JackJackinovic,b'@whenbatmenfly It BETTER have Chromatica II in it. I still get mad when they play 911 on radio WITHOUT Chromatica II. like BITCH!?!?',Bosnia and Herzegovina,1306678579577712646
JackJackinovic,b'ITS LITERALLY THE POINT OF THE AMENDMENTS YOU FUCKING MORON! https://t.co/qO6GSnYhj1',Bosnia and Herzegovina,1306677938558062594
nanovond,"b'RT @I_am_Juventino: Kick out Khedira, sell Ramsey and bring this kid!'",Bosnia and Herzegovina,1306676045223845888
adnitza,"b""moj simpy ima dobre noge, and that's on periodt.""",Bosnia and Herzegovina,1306675331940716545
kcidraganova,"b""RT @goksi_: I guess I'm just a play date to you?""",Bosnia and Herzegovina,1306673530365509635
JackJackinovic,"b'Any more examples where a billion dollar Media corporation said ""ok, we made a mistake"" like Capcom did and release? https://t.co/X6bBPkS3OS'",Bosnia and Herzegovina,1306671856838209536
skepticfella,b'@TheManUtdWay Make Contact F.C\nMonitoring F.C\nBriefing F.C',Bosnia and Herzegovina,1306661046875234309
aplatkadin,b'@nes_vanilija Well...',Bosnia and Herzegovina,1306660741995532288
adocule,b'?? Our new boy.\n~\n#fcbarcelona #barca #trincao #portugal #graphicdesign #design https://t.co/swn8KHUFdP',Bosnia and Herzegovina,1306653241736941575
JackJackinovic,b'@theSNYDERVERSE it WAS?!?!',Bosnia and Herzegovina,1306652781089107970
drewbuzztin,b'RT @DelicDzenana: @drewbuzztin HOLY TONIGHT',Bosnia and Herzegovina,1306649224046665731
omar_polo,b'@dzoni____ more bit bidne',Bosnia and Herzegovina,1306648866683523081
DelicDzenana,b'@serayrauhl HOLY TONIGHT',Bosnia and Herzegovina,1306648210426023936
dude_from_qrtx,"b'@AMPTechno @LaidbackLuke @PyrodoxMusic oooh dope, thnx ?'",Bosnia and Herzegovina,1306648066976612352
DelicDzenana,b'@angelsjailey HOLY TONIGHT',Bosnia and Herzegovina,1306647621063319558
DelicDzenana,b'@popcreave_ HOLY TONIGHT',Bosnia and Herzegovina,1306647323985018880
DelicDzenana,b'@drewbuzztin HOLY TONIGHT',Bosnia and Herzegovina,1306647240761651202
DelicDzenana,b'@serayrauhl HOLY TONIGHT',Bosnia and Herzegovina,1306647107277815810
DelicDzenana,b'@luny4shodrty HOLY TONIGHT',Bosnia and Herzegovina,1306646067837112321
goksi_,"b""I'm highest in the room""",Bosnia and Herzegovina,1306645790463582209
DelicDzenana,b'@biebersmybro HOLY TONIGHT',Bosnia and Herzegovina,1306645516336406528
DelicDzenana,b'@praisebizzleluv HOLY TONIGHT',Bosnia and Herzegovina,1306645357611429889
I_am_Juventino,b'@aleanza94 Maybe I am wrong or Sanchez has EU passport really. Who knows.',Bosnia and Herzegovina,1306640698750492673
goksi_,"b""I guess I'm just a play date to you?""",Bosnia and Herzegovina,1306636192318992389
boginjaOlimpaaa,b'RT @Mrs_Luderka: @boginjaOlimpaaa My bro ?',Bosnia and Herzegovina,1306634957633314816
dude_from_qrtx,"b'@LaidbackLuke Make a tutorial for us of ""Luke\'s way for mastering"" ?'",Bosnia and Herzegovina,1306634032361414658
emirmemex,b'@F1Manager Its friday then...',Bosnia and Herzegovina,1306633990032494593
Mrs_Luderka,b'@boginjaOlimpaaa My bro ?',Bosnia and Herzegovina,1306633873992880131
magistar86,b'@metar_drva Jes jes...',Bosnia and Herzegovina,1306633370391187458
AshanaAu,b'netflix and chill',Bosnia and Herzegovina,1306632503843643392
DelicDzenana,b'@Belieber_Rox HOLY TOMORROW',Bosnia and Herzegovina,1306625656525070337
I_am_Juventino,b'@saintjuve They will sell Dembele.',Bosnia and Herzegovina,1306625470012809222
DelicDzenana,b'@justinbieber @chancetherapper OMG this looks and sounds amazing  ???',Bosnia and Herzegovina,1306625420545216512
I_am_Juventino,"b""@aleanza94 Hmm they have bought Sanchez(I think he doesn't have EU passport) and one serbian GK.""",Bosnia and Herzegovina,1306625242438283264
ESavjetovanje,"b'@AskPayPal Yes you have, with no solution and VERY SIMPLE QUESTION, are U able to login to your account, after i ex? https://t.co/vu5F6XlVRv'",Bosnia and Herzegovina,1306624214938660865
adnitza,b'sis is just telling the truth. https://t.co/oXlE4BZdAg',Bosnia and Herzegovina,1306623961493577734
DelicDzenana,b'@availablebiebzs HOLY TOMORROW',Bosnia and Herzegovina,1306622888699625475
kidrauhlhive,b'RT @DelicDzenana: @kidrauhlhive HOLY TOMORROW',Bosnia and Herzegovina,1306622546603900929
DelicDzenana,b'@kidrauhlhive HOLY TOMORROW',Bosnia and Herzegovina,1306621422387814403
DelicDzenana,b'@BieberF11618385 HOLY TOMORROW',Bosnia and Herzegovina,1306620956203462657
JackJackinovic,"b'@theSNYDERVERSE ""My name is ??????? and I am braver than you""\nI AM CRYING!'",Bosnia and Herzegovina,1306615437128536064
DelicDzenana,b'@secutebeliebz HOLY TOMORROW',Bosnia and Herzegovina,1306615308116000771
I_am_Juventino,b'What if Suarez is going to inter and Lautaro to Barca? ? #PlotTwist #FabrizioBakiano',Bosnia and Herzegovina,1306606986600026112
AshanaAu,b'@NoreineR_ thanking yours ?',Bosnia and Herzegovina,1306602297724559362
I_am_Juventino,b'We are going to sign them both. Dzexuarez indeed. ?? https://t.co/FH13lorGzD',Bosnia and Herzegovina,1306599202160427009
adnitza,"b'I can call you master, you can call me: ""mine"" ?'",Bosnia and Herzegovina,1306599012296847363
I_am_Juventino,"b'@socios @spicyturtle21 You are following now a nice, humble and good person. \n\nCheers! ??'",Bosnia and Herzegovina,1306598764090540034
I_am_Juventino,"b""@aleanza94 I don't think he will start on sunday.""",Bosnia and Herzegovina,1306589870341500928
vjeraislama,b'@Rvhimv She didn?t say it was strictly Islamic nor did she ?promote? anything. She shared HER story of how SHE got? https://t.co/d1Mh8YSG93',Bosnia and Herzegovina,1306589146815827968
hypersomiacphd,"b'RT @I_am_Juventino: Kick out Khedira, sell Ramsey and bring this kid! https://t.co/w60QLwBEoF'",Bosnia and Herzegovina,1306587145734418432
goghie_m,b'@AtlantaLove1 He he he. To.',Bosnia and Herzegovina,1306584925487771655
BeaTrexee,b'RT @abarentosjha9: @BeaTrexee happy birthday bea!???',Bosnia and Herzegovina,1306582669136805888
JuventusRuling,"b'RT @I_am_Juventino: According to me, Dzeko will be our new striker and not Suarez.'",Bosnia and Herzegovina,1306581787405987840
I_am_Juventino,"b'According to me, Dzeko will be our new striker and not Suarez.'",Bosnia and Herzegovina,1306581632271425537
BosnianHD,b'RT @TheBosnian95: Late night drives really hit different',Bosnia and Herzegovina,1306577494728990720
AbdullaBnS,"b'RT @I_am_Juventino: Kick out Khedira, sell Ramsey and bring this kid!'",Bosnia and Herzegovina,1306577359169085441
skepticfella,"b""@lichamber @TodaywithClaire @DonnellyStephen @lawlessj But Lisa, you can't even remember where you were supposed to? https://t.co/s6Vmqipldi""",Bosnia and Herzegovina,1306575602120560647
MileVukovic,b'Joey Belladonna (Antrax) https://t.co/PJjvyj1p5V',Bosnia and Herzegovina,1306574360749236224
httpwwwalexis,b'papay',Bosnia and Herzegovina,1306573435422687233
adnitza,b'i ja sam?? https://t.co/F3yW1FP5la',Bosnia and Herzegovina,1306569856515481607
JackJackinovic,b'Thats just embarrassing ???? https://t.co/mik5cdIwX7',Bosnia and Herzegovina,1306567796017504256
adnitza,"b""Talk to me, please, don't have much to believe in\nI need you right now, are you down to listen to me?""",Bosnia and Herzegovina,1306565373785968640
_estherrezende,"b'RT @I_am_Juventino: Kick out Khedira, sell Ramsey and bring this kid!'",Bosnia and Herzegovina,1306563453428158464
douglasdayube,"b'RT @I_am_Juventino: Kick out Khedira, sell Ramsey and bring this kid!'",Bosnia and Herzegovina,1306563056030318593
JuventusRuling,"b'RT @I_am_Juventino: Kick out Khedira, sell Ramsey and bring this kid! https://t.co/w60QLwBEoF'",Bosnia and Herzegovina,1306562015473803265
I_am_Juventino,"b'Kick out Khedira, sell Ramsey and bring this kid! https://t.co/w60QLwBEoF'",Bosnia and Herzegovina,1306561729955012611
admiristrator,b'Birthday Gift from Friend @Nuhanovic_Elvir #suprise #ForTheAlliance! https://t.co/mkwa4tQfoR',Bosnia and Herzegovina,1306560542774091776
JackJackinovic,"b'Me in an e-mail: ""hello, I need help for my Bachelor thesis. are you by any chance tomorrow available to help me?""? https://t.co/6sTxjoHx0a'",Bosnia and Herzegovina,1306560327174193153
StudhamBob,"b'Here\'s a good reality check including this gem: ""... no EU deal would profoundly damage the business model of the J? https://t.co/LU0l2Nu5VK'",Bosnia and Herzegovina,1306559379446075393
JackJackinovic,"b""@Shepard4k @bioware @BioWareProblems @BioWare_News_DE @EA_Germany I just hope they don't screw it up because so man? https://t.co/DqNYwQWmQW""",Bosnia and Herzegovina,1306559224441450499
JackJackinovic,b'Isnt that like someone who sells you stuff in an RPG?!?! https://t.co/LnPTvUUA1j',Bosnia and Herzegovina,1306558622365822976
goksi_,b'always by my side? https://t.co/myUxwjJpcY',Bosnia and Herzegovina,1306558348679151616
stokaaan075,b'Best on #iOS14 \nFinnaly ?? https://t.co/bftBJYgP9X',Bosnia and Herzegovina,1306558058542379008
zexyxxai,b'@shajeons You can doit???',Bosnia and Herzegovina,1306551774040322049
JackJackinovic,"b'@Shepard4k @bioware @BioWareProblems @BioWare_News_DE @EA_Germany I KNOW! The problem is, that for some reason, eit? https://t.co/qMAbv4VSTM'",Bosnia and Herzegovina,1306550498221330433
JackJackinovic,b'@wondyintraining @MasterofpunsV13 ME FIRST!',Bosnia and Herzegovina,1306548615201128448
JackJackinovic,b'@MasterofpunsV13 Daddy',Bosnia and Herzegovina,1306548582091284485
StudhamBob,b'There is not a lot that one can disagree with in this piece by @tommctague. https://t.co/N5UYX9YvA8',Bosnia and Herzegovina,1306547956502462464
goksi_,b'baby I got you',Bosnia and Herzegovina,1306547108883894272
abarentosjha9,b'@BeaTrexee happy birthday bea!???',Bosnia and Herzegovina,1306541871326404608
martaknezebitch,b'Pooling your resources with another in a business venture or m... More for Gemini https://t.co/TpqgAk3PTj',Bosnia and Herzegovina,1306541024232185856
