user,text,country,id
AlphaGassimBah1,b'@realDonaldTrump TRUMP 2020',Guinea,1306690852836847618
AlphaGassimBah1,b'@realDonaldTrump TRUMP 2020 https://t.co/wcLcH0y5AE',Guinea,1306690744510488611
AlphaGassimBah1,b'@realDonaldTrump TRUMP 2020',Guinea,1306690499865178115
AlphaGassimBah1,b'@realDonaldTrump TRUMP 2020',Guinea,1306689967092047899
AlphaGassimBah1,b'@realDonaldTrump TRUMP 2020',Guinea,1306689698849533952
JagoKazama24,b'@StarboyHsp @XboxAmbassadors @Retrorenegades_ @XboxP3 Anytime Bro https://t.co/edHE2kTtCY',Guinea,1306686630443524101
nenejara,b'@MaitreGIMS #Gims On The Record',Guinea,1306682045549162498
Azizwiseman,b'@Lgatounes Zumba cafewww',Guinea,1306673779532345351
SekouKantambad5,b'@fallyipupa01 Super',Guinea,1306673507405889538
thiernob6215,b'@cheiick_Mohamed Ehh magass doucement ???',Guinea,1306672894672605185
MoussaMoseSyll5,b'@LindaKvine1 Amine',Guinea,1306658708269813761
AlphaGassimBah1,b'@realDonaldTrump TRUMP 2020 https://t.co/F8uAOl95Zc',Guinea,1306658680943906817
AlphaGassimBah1,b'@realDonaldTrump TRUMP 2020 https://t.co/gG4yc9nTFl',Guinea,1306658440022982662
AlphaGassimBah1,b'@IvankaTrump @realDonaldTrump TRUMP 2020',Guinea,1306654457787224064
AlphaGassimBah1,b'@america_fact TRUMP 2020',Guinea,1306654191620886529
AlphaGassimBah1,b'@GOPChairwoman @TommyHicksGOP @realDonaldTrump TRUMP 2020',Guinea,1306632922351505413
moussadjoop,b'@barcacentre You guys could not use another video for this ? ?????',Guinea,1306629767697965057
mdmatickeith,b'@_BeFoot @ChampionsLeague @Manuel_Neuer best goalkeeper ?',Guinea,1306608519328813058
lbahdeylo,b'U.D.R.G https://t.co/32y4daPkaS',Guinea,1306606008148668419
EdalyMinthe,b'@Gentlemanseydou Italique',Guinea,1306600954255433731
marykahnd,b'@segadiallo @orangeguinee_gn Boss',Guinea,1306596568213069825
AlphaGassimBah1,b'@realDonaldTrump @foxandfriends TRUMP 2020',Guinea,1306566959673286658
segadiallo,b'who was the first to announce the arrival of @Thiago6 in @LFC ? Thanks Sir #YNWA',Guinea,1306561779783344131
ameerRoyalty,b'RT @_MooMooo: @ameerRoyalty Fakin like shit?????',Guinea,1306539054838800385
SoryCond18,b'@WeAreMessi The GOAT ??',Guinea,1306532400126722049
moussadjoop,b'True https://t.co/sQ2ySqjWxC',Guinea,1306531396853395456
diakatop10,b'@tolushola Absolutely',Guinea,1306520604930191360
diakatop10,b'@VerlaineDiane To be better than yesterday',Guinea,1306519844158869505
monsieur_SIS,b'@BarryMyriem @MrSowIbrahima Trop tard',Guinea,1306516558223732739
Gastonina1,b'@johndumelo1 How are you  ?',Guinea,1306500994130415616
JagoKazama24,b'Take it all!',Guinea,1306491310845685760
JagoKazama24,b'@Retrorenegades_ I know https://t.co/IXnTGCVwDm',Guinea,1306461614695215111
Retrorenegades_,"b""RT @JagoKazama24: @Retrorenegades_ I'm laughing my ass off right now""",Guinea,1306459668244553728
Dkalampr,"b""@ghiraula You accept it! That too doesn't make sense; both are same things""",Guinea,1306459022179016704
JagoKazama24,"b""@Retrorenegades_ I'm laughing my ass off right now""",Guinea,1306458853387755525
_MooMooo,b'@ameerRoyalty Fakin like shit?????',Guinea,1306400810054619136
oussbarry_ding,b'@diengalimu Good! On se comprend boss.',Guinea,1306379286740455424
idy_idrissa,b'@jenveuxplus2 @balderooy10 Super interessant',Guinea,1306366978542755841
Mamadou74495296,b'@MaadjouDT @dieretou Amine',Guinea,1306356223655186435
abdoulayeherako,b'@ElhadjO15577588 Ameen ya rabbi ???',Guinea,1306349077542690820
payit4wardd,b'RT @_MooMooo: I love it!',Guinea,1306303833673551874
AlphaGassimBah1,b'@jepence @TeamTrump @NHGOP @GOP @NHTrumpVictory @CorkyForSenate TRUMP 2020',Guinea,1306300702499786755
_MooMooo,b'I love it! https://t.co/SQWyrLlrEJ',Guinea,1306300667632418818
ejallow12,b'@AgileBelma Oh it looks cool ?.thank  you',Guinea,1306297321009840130
AlphaGassimBah1,b'@alexahenning @TeamTrump TRUMP 2020',Guinea,1306297035600130049
AlphaGassimBah1,b'@realDonaldTrump TRUMP 2020',Guinea,1306295895340843008
AlphaGassimBah1,b'@GOPChairwoman TRUMP 2020',Guinea,1306295841154629633
AlphaGassimBah1,b'@realDonaldTrump TRUMP 2020',Guinea,1306295523603886080
AlphaGassimBah1,b'@GOPChairwoman @realDonaldTrump Black voices for TRUMP 2020',Guinea,1306295460148252672
AlphaGassimBah1,b'@realDonaldTrump TRUMP for 2020',Guinea,1306295381827956737
AlphaGassimBah1,b'@realDonaldTrump Donald Trump for 2020.',Guinea,1306295184884465665
AlphaGassimBah1,b'@realDonaldTrump TRUMP 2020',Guinea,1306294242885730304
AlphaGassimBah1,b'@realDonaldTrump @ABC TRUMP 2020',Guinea,1306294173310619648
AlphaGassimBah1,b'@america_fact @realDonaldTrump TRUMP 2020',Guinea,1306294081669259264
_MooMooo,b'Im the truth???ya nigga the proof?',Guinea,1306292825424830465
elhadjoumar_bah,b'Mon grand Sam https://t.co/yHpWoUKZBp',Guinea,1306288208095973376
monsieur_SIS,b'@SambegSory Courage',Guinea,1306278438710509569
_MooMooo,b'Me &amp; dat bag? dating we ain?t splitting up??',Guinea,1306262601278590978
zubmira,"b'This is my daycare, I?m feeling down but this sight is my cure to this painful day. #l?ilcurieux #miranasstourisme? https://t.co/SUBluus2vY'",Guinea,1306237546138152962
Dkalampr,b'Have you ever had fear of not being loved back?',Guinea,1306231207919669249
Maidiakh,b'@iAmDaConnector Tchobbal ( it?s ? rice paste with sugar and water ) a very basic cake that we use in important ceremonies',Guinea,1306221273719201792
Maidiakh,"b'@Chilsyj See, we are 1. We need sociologists to dig deeper in this. Beautiful Africa ??'",Guinea,1306219593153703936
Azizwiseman,b'@DiasposC @OuessouDIABY @espaceTV_gn @espacefm_gn @GuineeVille @kamarasteve @Dn_Latire_deBad @MaadjouDT? https://t.co/nkFHS8pVgr',Guinea,1306209333022261248
MoussaKamano10,b'@GuineeBuzz Congratulations to you the strong Guy',Guinea,1306207497724801025
Azizwiseman,b'@hypnofaz Possible',Guinea,1306160011115196419
Gastonina1,b'@johndumelo1 Sorry',Guinea,1306156223100788737
ejallow12,b'@AgileBelma Is the exercise from a book',Guinea,1306154165622710272
diakatop10,b'@MumbaMusondam So sorry for your loss',Guinea,1306148174327934976
boneah_oumar,b'@Cristiano Le boss',Guinea,1306123420871122945
SergeCorp,"b'EA SPORTS, tadaa gaaaame https://t.co/XgRWHMCJbZ'",Guinea,1306054992789483520
Maruff86814237,b'@patorankingfire Congrats my legend? ur Album make me mad over it https://t.co/rA5shwMLUb',Guinea,1306034661978705921
aixxatu,b'Speak in French I don?t speak oder understand English https://t.co/1tRkMzC5GS',Guinea,1306026935307337728
segadiallo,b'Up to date conakry situation !!! https://t.co/spZdQmAAnu',Guinea,1306024562782605313
aixxatu,b'Follow back https://t.co/k8gANtC0nG',Guinea,1306003819352985601
monsieur_SIS,b'Thierno Aliou de Koubia ? https://t.co/9EdROBWbT8',Guinea,1305991687106420737
ablayeDiallo11,b'Volume..! https://t.co/mqk22YR1Gd',Guinea,1305990633518137346
KThiam8,b'@MissFoulah Ahan ????????????????????',Guinea,1305980422862630916
AlphaGassimBah1,b'@realDonaldTrump TRUMP 2020',Guinea,1305955406053806080
monsieur_SIS,"b""Mister @FabrizioRomano is the new GOAT of mercato's news ! https://t.co/WnziHhsvN9""",Guinea,1305949349126565888
monsieur_SIS,b'Clown FC ? ? https://t.co/cMzVBZaYis',Guinea,1305947177424949248
AbdoulayeTelly8,b'Fuck confiance https://t.co/ZGd5CyZMzb',Guinea,1305921112585404419
the_tonyson,b'How many Guinean gon react to this ? \n\n#Guineeconakry #GuineeFamily https://t.co/5skpGgEZC9',Guinea,1305915590125793281
the_tonyson,b'How many Guinean gon react to this ? \n\n#Guineeconakry #GuineeFamily https://t.co/5skpGgEZC9',Guinea,1305915590125793281
DjRelmo,b'As probably one of the few Guineans that listen to @verge  flagship podcast I never expected to hear my country bei? https://t.co/otaejCMIi3',Guinea,1305910552598896647
Kittylo21241238,b'RT @xSILLAH: sometimes life?s a mess',Guinea,1305872350395740167
diakatop10,b'@ValaAfshar Absolutely',Guinea,1305870983941836802
M_diallo_lawi,b'@EmmanuelKOUROU2 @josmeditor @SeverinGeo @osmguinee @Honorable_Nath @OSM_FR @big_hamda Mon expert',Guinea,1305819000694345741
misbanime,b'@tellydiallo208 Mytho va',Guinea,1305817081099808768
misbanime,b'@tellydiallo208 Speak french',Guinea,1305807338406895617
LeNomad48893460,b'@sonyamoonstar Gratuit.',Guinea,1305800570561847298
Lalbabu60033499,"b""Happy Engineers' Day to all the engineers. We salute your great ideas and innovations that have truly changed our l? https://t.co/1w9p5iAdJf""",Guinea,1305792346798333955
diakatop10,b'@Natsjustnats @mansa_media @BeavoguiAissata Thank you sis and so were you ???',Guinea,1305786905011912704
AlphaGassimBah1,b'@realDonaldTrump TRUMP 2020',Guinea,1305752248723668998
AlphaGassimBah1,b'@realDonaldTrump @GovernorKayIvey @LouisianaGov @tatereeves TRUMP 2020 https://t.co/OTwMiSqe0D',Guinea,1305751844417875969
AlphaGassimBah1,b'@realDonaldTrump @GovSisolak TRUMP 2020 https://t.co/NW1yfFhumA',Guinea,1305751737605795840
AlphaGassimBah1,b'@realDonaldTrump TRUMP 2020 https://t.co/DiTyHbOLpc',Guinea,1305751662573817856
AlphaGassimBah1,b'@realDonaldTrump TRUMP 2020 https://t.co/ZXF9rn3jUz',Guinea,1305751626263785475
Ibrahim54386948,b'@kourtneykardash Good',Guinea,1305721516600983552
Mohamedbizkaba,b'@pcacharelle Condom Kiss',Guinea,1305685385109012480
fdccamara,"b""Who thinks he's the king of NewWork, my ass yes! try to be the prince first after we'll see your NewWork place??""",Guinea,1305680692358066178
KThiam8,b'@22gyal Atchiou killingollan ????',Guinea,1305675568021729287
KThiam8,b'@22gyal Awatoun',Guinea,1305675094694469632
Ben9abu,b'@Bouchequidittou Aboubacar ?? Abou',Guinea,1305662826783084545
mamadou55037661,b'@FCBW_A7 Closes 500 millions',Guinea,1305641815836700673
Mrleroi24,b'Queen @TiwaSavage  ?? https://t.co/l0tAXj7OQh',Guinea,1305620037999493127
ejallow12,b'@DashBarkHuss Great brain trick',Guinea,1305616522002526215
AlphaGassimBah1,b'@realDonaldTrump TRUMP 2020 https://t.co/9IP4W04Ss1',Guinea,1305615384121409538
JagoKazama24,b'@YouTubeGaming @Xbox Swat and Team Slayer was our favorites',Guinea,1305603392534974467
JagoKazama24,b'@YouTubeGaming @Xbox Playing online with friends',Guinea,1305579803794444288
Ibramouna,b'@Cristiano Boss',Guinea,1305576076773675008
CamaraLenfantN3,b'@Cristiano Super',Guinea,1305567357474156548
AlphaGassimBah1,b'@realDonaldTrump TRUMP 2020',Guinea,1305563870875078656
AlphaGassimBah1,b'@realDonaldTrump @DRUDGE TRUMP 2020 https://t.co/4k5DuJkF5l',Guinea,1305563625063669761
AlphaGassimBah1,b'@realDonaldTrump TRUMP 2020 https://t.co/KWP6mJl3ke',Guinea,1305563540414246916
AlphaGassimBah1,b'@realDonaldTrump TRUMP 2020 https://t.co/7Yeab1N8DT',Guinea,1305563461393489933
AlphaGassimBah1,b'@realDonaldTrump TRUMP 2020 https://t.co/oHK5O8lrI3',Guinea,1305563347446792196
YungNLifted,b'@Sad_Lakers_Fan @Jb13Swish @IamJTaylor3 @GioPort13 @wojespn buddy you are talking out your ass. dwight refused pick? https://t.co/o7pg3PwKTX',Guinea,1305559771257372679
gouraissybangs,b'@helenecohen____ Yeah',Guinea,1305470803308404737
diakatop10,b'@MaggieMutesi We should though go hiking Maggie',Guinea,1305461791598747649
diakatop10,b'@TeweDami Yes they should!! @Loreal',Guinea,1305461536891207680
AlphaGassimBah1,b'@GOPChairwoman @realDonaldTrump TRUMP 2020',Guinea,1305424472036515840
elhadjoumar_bah,b'@PoulloYidhadho @Ley_Thiandhi @ElhadjBaldez @peuple_guineen @TRAW55350546 Le boss ? ? ?',Guinea,1305423406964277255
KebeHossein,b'@AmadouDamaroPAN May his soul rest in perfect peace',Guinea,1305417860446146560
JagoKazama24,b'@MatthwDayton Playstation all stars 2',Guinea,1305408348725092352
moussadjoop,b'Chelsea back in business ?? https://t.co/v0enHm8KCe',Guinea,1305407914430078976
moussadjoop,b'@jesusmourinho He?ll be sacked before December mark my word',Guinea,1305402338321010688
AlphaGassimBah1,b'@realDonaldTrump TRUMP 2020',Guinea,1305398578026893313
AlphaGassimBah1,b'@realDonaldTrump TRUMP 2020',Guinea,1305398288875696128
AlphaGassimBah1,b'@realDonaldTrump TRUMP 2020',Guinea,1305397960218488832
AlphaGassimBah1,b'@realDonaldTrump TRUMP 2020',Guinea,1305397863212605440
AlphaGassimBah1,b'@realDonaldTrump TRUMP 2020',Guinea,1305397753481236480
fdccamara,b'You say that alcohol is not good for the health but you drink anyway',Guinea,1305322805504999426
Ibdiallo11,b'Amine ?? https://t.co/Ro7aZ70EiX',Guinea,1305298525635444736
fdccamara,b'Small head and small reasoning ?????',Guinea,1305290930493284352
_MooMooo,b'?I let a nigga do him because if he real he gon do right??',Guinea,1305290640519913472
fdccamara,"b'Who do you think you are? The person you blame, is one of the few people who adapts without changing his DNA ! Try? https://t.co/qoK0xxU5gI'",Guinea,1305288670753284099
Maruff86814237,b'@FFOREIGNMAMI Nice ass',Guinea,1305287041891143681
AlphaGassimBah1,b'@realDonaldTrump TRUMP 2020',Guinea,1305286340943261697
AlphaGassimBah1,b'@realDonaldTrump Donald Trump20p2020',Guinea,1305286280130039810
AlphaGassimBah1,b'@realDonaldTrump TRUMP 2020',Guinea,1305286041671217152
AlphaGassimBah1,b'@GOPChairwoman @realDonaldTrump TRUMP 2020',Guinea,1305285791283916801
YungNLifted,b'@arxanii @sergeibaka it?s like we always get the past his prime. melo dwight cp3 westbrook',Guinea,1305273989359693824
NfalyCa63301854,b'Amen',Guinea,1305271588514918400
JagoKazama24,b'@Xbudz @4KMadLad This is Amazing',Guinea,1305261132077293569
abbwest7,b'@DialloMaaryam Direct ??',Guinea,1305259423548542977
marykahnd,b'Quel match!!! #OMPSG',Guinea,1305249426802454529
AlphaGassimBah1,b'@realDonaldTrump TRUMP 2020',Guinea,1305246616958504961
AlphaGassimBah1,b'@realDonaldTrump TRUMP 2020',Guinea,1305246512180588550
AlphaGassimBah1,b'@realDonaldTrump TRUMP 2020',Guinea,1305246426453155841
_MooMooo,b'@DakeirahG walk around your entire house speak positively. Like bless ya house basically it really work. https://t.co/kMd4CKz8To',Guinea,1305231261313699855
Maruff86814237,b'@Richie63100679 @Bernd_Leno @Arsenal Loi man just forget about that ok',Guinea,1305208524516007936
Maruff86814237,"b'@Bernd_Leno @Arsenal Woow first winning is so good fr we dy fans,i pray u guys keep doing this job fr we the fans s? https://t.co/vtFr0UE1it'",Guinea,1305208242809733120
DakeirahG,b'RT @_MooMooo: Ready for Nell birthday more than her?',Guinea,1305183209282506752
_MooMooo,b'@coochiecrook___ You press they look bomb and juicy?',Guinea,1305174555430969346
_MooMooo,b'@OfficialPryce Amen ??',Guinea,1305166924062613505
_MooMooo,b'I be taking my birth control on time &amp; my period still be playing games.',Guinea,1305163566857760769
_MooMooo,b'I can?t get fucked how I did for talysa birthday?it?s like I be extra lit on my sisters bday than my own.',Guinea,1305163348867264512
_MooMooo,b'Ready for Nell birthday more than her?',Guinea,1305163192834961409
_MooMooo,b'Idc if I wake up late or wake up early every Sunday I listen to gospel radio for my first hour and sage my house??',Guinea,1305163105333374976
YYoussoufnoba,b'@realDonaldTrump Promesse tenu https://t.co/SyNhGNKk2g',Guinea,1305153342805508097
AlphaGassimBah1,b'@realDonaldTrump TRUMP 2020',Guinea,1305144039130435584
AlphaGassimBah1,b'@realDonaldTrump @GovernorTomWolf TRUMP 2020',Guinea,1305136997204398080
AlphaGassimBah1,b'@realDonaldTrump TRUMP 2020',Guinea,1305136924059987969
AlphaGassimBah1,b'@realDonaldTrump TRUMP 2020',Guinea,1305136839234400256
AlphaGassimBah1,b'@realDonaldTrump TRUMP 2020',Guinea,1305136785647964160
AlphaGassimBah1,b'@realDonaldTrump TRUMP 2020',Guinea,1305136717645729792
AlphaGassimBah1,b'@realDonaldTrump TRUMP 2020',Guinea,1305136639216365571
AlphaGassimBah1,b'@realDonaldTrump TRUMP 2020',Guinea,1305136375205900288
AlphaGassimBah1,b'@GOPChairwoman @TeamTrump TRUMP 2020',Guinea,1305136118434848768
AlphaGassimBah1,b'@realDonaldTrump TRUMP 2020',Guinea,1305136022418718722
AlphaGassimBah1,b'@realDonaldTrump TRUMP 2020',Guinea,1305135916059680769
AlphaGassimBah1,b'@realDonaldTrump TRUMP 2020',Guinea,1305135645661290496
AlphaGassimBah1,b'@realDonaldTrump @OANN TRUMP 2020',Guinea,1305135378244997123
AlphaGassimBah1,b'@realDonaldTrump TRUMP 2020',Guinea,1305135269599948803
AlphaGassimBah1,b'@realDonaldTrump TRUMP 2020',Guinea,1305135073268772864
AlphaGassimBah1,b'@realDonaldTrump TRUMP 2020',Guinea,1305134931203502080
djiguealass,b'@caf_online_FR Mccarty',Guinea,1305128690519547907
tiroro15,b'Good friends are great but Best friends are wicked ...',Guinea,1305126317659217921
monsieur_SIS,b'@ibnebadawi Because you are a big connard',Guinea,1305117191549988868
monsieur_SIS,b'@DialloHafsah Lol awatoun',Guinea,1305109870497144834
reine_money,b'@luca_varan Discuter',Guinea,1305095889007017985
reine_money,b'@luca_varan Instagram',Guinea,1305095816047144967
