user,text,country,id
byadap,b'@Juliaanna150 Nee kkkk',Central African Republic,1306385641740136450
ClaudeBapeck,"b'Let mind our own business and hide it, back to that initial point.'",Central African Republic,1305884919759998980
ClaudeBapeck,"b'@DilanyvanN @i9edro Lmao, you ? No way.'",Central African Republic,1305882551920123905
ClaudeBapeck,b'@Kyada1003 Don?t leave me.',Central African Republic,1305862942546685958
ClaudeBapeck,b'@ferdi_237 @Drayhasnofeels The accuracy impressed me.',Central African Republic,1305828489468149761
larose_michele,b'@OSydneyOttou Your vibe attract your tribe.?',Central African Republic,1305557359994064896
aninhaa_felix01,b'Cunhadin?? https://t.co/tdIZ3lHrYZ',Central African Republic,1304514774420643840
carolzinhaa_02,b'sou apxnd ? https://t.co/A3pjxKtAWT',Central African Republic,1304510578111766533
Jonhhj,b'@ZLOK my fee 0.079btc $1k......what wrong with btc   ??? https://t.co/HYzKUP8ijw',Central African Republic,1304462005814939650
ofc_lalinha,b'@monalisacrf1 Ain amg?',Central African Republic,1303905468151201793
ofc_lalinha,b'Claudin ficou bld kkkkkkkkk',Central African Republic,1303857566376775680
ofc_lalinha,b'Gool',Central African Republic,1303855101191294976
ClaudeBapeck,b'Pardon ? https://t.co/LGXh5WdpRn',Central African Republic,1303741318137630724
ClaudeBapeck,b'@ChristyZel Thanks.',Central African Republic,1303726184744792068
ClaudeBapeck,b'@Drayhasnofeels Next week.',Central African Republic,1303634161580806145
ofc_lalinha,b'N aguentoo https://t.co/oWl1JmDAXm',Central African Republic,1303550933507465216
ofc_lalinha,b'N aguentoo https://t.co/oWl1JmDAXm',Central African Republic,1303550933507465216
ofc_lalinha,b'N aguentoo https://t.co/oWl1JmDAXm',Central African Republic,1303550933507465216
ofc_lalinha,b'N aguentoo https://t.co/oWl1JmDAXm',Central African Republic,1303550933507465216
ofc_lalinha,b'N aguentoo https://t.co/oWl1JmDAXm',Central African Republic,1303550933507465216
ofc_lalinha,b'N aguentoo https://t.co/oWl1JmDAXm',Central African Republic,1303550933507465216
ofc_lalinha,b'N aguentoo https://t.co/oWl1JmDAXm',Central African Republic,1303550933507465216
ofc_lalinha,b'N aguentoo https://t.co/oWl1JmDAXm',Central African Republic,1303550933507465216
ofc_lalinha,b'N aguentoo https://t.co/oWl1JmDAXm',Central African Republic,1303550933507465216
ofc_lalinha,b'N aguentoo https://t.co/oWl1JmDAXm',Central African Republic,1303550933507465216
ofc_lalinha,b'N aguentoo https://t.co/oWl1JmDAXm',Central African Republic,1303550933507465216
wnrhsnina,b'@PuteriSarah_ CONGRATS BABYYYYY ?',Central African Republic,1306731732461264896
PurpleCatSuperF,b'@NightMargin anything in 2020 can go but THIS',Central African Republic,1306730646258081792
AemanSaufee,b'@fikrimmanaf power dgr britney spears',Central African Republic,1306730584153026560
miera_noh,"b'RT @nrlizzhmhd: No one is busy in this world, its all about priorities.'",Central African Republic,1306727662551887874
MarceliaNaja,"b'RT @nrlizzhmhd: I no longer force things. What flows, flows. What crashes, crashes. I only have space and energy for things that are meant?'",Central African Republic,1306726801368993793
putrrinuramalia,"b'RT @nrlizzhmhd: I no longer force things. What flows, flows. What crashes, crashes. I only have space and energy for things that are meant?'",Central African Republic,1306726059786735616
Naqielahafie,"b""A relationship is 2 way trip. Treat her attitude kindly only when she's ready to treat you same way in return or el? https://t.co/rzBukMsyNj""",Central African Republic,1306725550925385728
urmysunflowa,"b'RT @nrlizzhmhd: I no longer force things. What flows, flows. What crashes, crashes. I only have space and energy for things that are meant?'",Central African Republic,1306725454531801098
hyundayya96,b'RT @nrlizzhmhd: From bibik to lady boss ? https://t.co/4GikwxsfCr',Central African Republic,1306724270739865600
deardanianafie,b'RT @nrlizzhmhd: From bibik to lady boss ? https://t.co/4GikwxsfCr',Central African Republic,1306723001380098048
Eosa_s,b'RT @nrlizzhmhd: From bibik to lady boss ? https://t.co/4GikwxsfCr',Central African Republic,1306720473414168576
wnrhsnina,b'@qeelzywuz CONGRATS BB IM PROUDDD',Central African Republic,1306720168437977089
PurpleCatSuperF,b'@NightMargin me too. stay safe.',Central African Republic,1306718855390085120
ainashahida_,b'RT @nrlizzhmhd: 2 semester to go! ?',Central African Republic,1306718530222485506
PurpleCatSuperF,b'@elias0roa both sonic and mario were wrongly convicted in their games at the beginning so it makes sense',Central African Republic,1306716359473074176
zulaikhaaanis,"b'RT @nrlizzhmhd: I no longer force things. What flows, flows. What crashes, crashes. I only have space and energy for things that are meant?'",Central African Republic,1306711596593344512
itsmeenana_,"b'RT @nrlizzhmhd: I no longer force things. What flows, flows. What crashes, crashes. I only have space and energy for things that are meant?'",Central African Republic,1306709964820369408
PurpleCatSuperF,b'@NightMargin the first of four elements...',Central African Republic,1306709941713944578
PurpleCatSuperF,b'among us https://t.co/JkL1ZgTIx8',Central African Republic,1306704605485522944
PurpleCatSuperF,b'@irlclem i cannot tell',Central African Republic,1306704450589921280
nnurulnadzirahh,b'RT @nrlizzhmhd: From bibik to lady boss ? https://t.co/4GikwxsfCr',Central African Republic,1306699356490182656
AtikahhhA,b'RT @nrlizzhmhd: I make my own money and I?ll spend it how i like.',Central African Republic,1306698890578595840
fatinajihahh14,"b'RT @nrlizzhmhd: I no longer force things. What flows, flows. What crashes, crashes. I only have space and energy for things that are meant?'",Central African Republic,1306698543890010112
ZamirSaidin99,b'RT @nrlizzhmhd: I make my own money and I?ll spend it how i like.',Central African Republic,1306698058629935109
DavidCrepy,"b'RT @EUTMRCA: ???? After 14 months as Mission Force Commander of the #EUTMRCA, general Peltier was awarded the medal of the order of the Cen?'",Central African Republic,1306695989257031681
236News,"b'RT @EUTMRCA: ???? After 14 months as Mission Force Commander of the #EUTMRCA, general Peltier was awarded the medal of the order of the Cen?'",Central African Republic,1306695556538851328
EUTMRCA,"b'???? After 14 months as Mission Force Commander of the #EUTMRCA, general Peltier was awarded the medal of the order? https://t.co/CqByjirbbw'",Central African Republic,1306694794194890758
anxsane,b'RT @nrlizzhmhd: From bibik to lady boss ? https://t.co/4GikwxsfCr',Central African Republic,1306690096880525312
miraashamsull,b'RT @nrlizzhmhd: From bibik to lady boss ? https://t.co/4GikwxsfCr',Central African Republic,1306683744443486209
syazwanimus,b'humongous is still the best declan song i guess T_T',Central African Republic,1306683437705654272
StalkerArea51,b'Just posted a photo https://t.co/ffFZ5O96cC',Central African Republic,1306682993776369664
raarar_,b'RT @nrlizzhmhd: From bibik to lady boss ? https://t.co/4GikwxsfCr',Central African Republic,1306682283919699968
eryanarosee,"b'RT @nrlizzhmhd: I no longer force things. What flows, flows. What crashes, crashes. I only have space and energy for things that are meant?'",Central African Republic,1306680893315059712
scharadzi,b'@syedewa Thank you Syed! ??\n\nItem inai LittleGirlHenna ready stock:\n? Inai Celup L RM15\n? Inai Celup S RM10\n? Inai? https://t.co/XPcZbIixGi',Central African Republic,1306680092572098560
alyaayourboo,b'RT @nrlizzhmhd: I deserve to be happy and loved.',Central African Republic,1306678788705546240
classyyboii,b'RT @nrlizzhmhd: I deserve to be happy and loved.',Central African Republic,1306677893515231232
anishaIzzreen,b'RT @nrlizzhmhd: From bibik to lady boss ? https://t.co/4GikwxsfCr',Central African Republic,1306677756353081345
BigKid850312,b'RT @Moses_Beatz: You should be the ambassador of eating samp?',Central African Republic,1306677260401946625
nriffh_,"b'RT @nrlizzhmhd: I no longer force things. What flows, flows. What crashes, crashes. I only have space and energy for things that are meant?'",Central African Republic,1306675626623995904
sfaininz,b'RT @nrlizzhmhd: From bibik to lady boss ? https://t.co/4GikwxsfCr',Central African Republic,1306674810085232641
danialhalus,b'Giddy with intacipation',Central African Republic,1306672941434765312
PurpleCatSuperF,b'holy hand grenade of antioch',Central African Republic,1306672407856295937
shaihilemoshy,"b'RT @MuhaiminSuaidi: @cqhhhh Be happy what yo get dear! You still have a long journey to go, insyallah oneday deanlist will be on your hand!?'",Central African Republic,1306672243645140993
sarikhann,"b'RT @nrlizzhmhd: I no longer force things. What flows, flows. What crashes, crashes. I only have space and energy for things that are meant?'",Central African Republic,1306670323861843968
alyyana_,"b'RT @nrlizzhmhd: I no longer force things. What flows, flows. What crashes, crashes. I only have space and energy for things that are meant?'",Central African Republic,1306668805213450240
m4isyy_,b'RT @nrlizzhmhd: Take a positive look at mistakes of the previous month because they can teach you and make you wiser and stronger this mont?',Central African Republic,1306667554232913920
AmirSyazz7,b'RT @nrlizzhmhd: From bibik to lady boss ? https://t.co/4GikwxsfCr',Central African Republic,1306663188549623809
juliana_ezzaty,"b'RT @nrlizzhmhd: I no longer force things. What flows, flows. What crashes, crashes. I only have space and energy for things that are meant?'",Central African Republic,1306662073636544512
dannielqaddrie,"b'RT @nrlizzhmhd: No one is busy in this world, its all about priorities.'",Central African Republic,1306661955944341505
nnajwaazaman,b'RT @nrlizzhmhd: Take a positive look at mistakes of the previous month because they can teach you and make you wiser and stronger this mont?',Central African Republic,1306661416506515456
nadydean_,b'Thank you Sayang ?? https://t.co/i4mFUqUe3F',Central African Republic,1306660997042597888
syazwanirazi,b'RT @nrlizzhmhd: From bibik to lady boss ? https://t.co/4GikwxsfCr',Central African Republic,1306659010137919488
hidayahrohaizat,b'@hanishbk Thank you hanis ! ?',Central African Republic,1306658417163956224
hidayahrohaizat,b'@faezasuhaimi Thank you pekja ! ?',Central African Republic,1306658336494874624
syazlyianna,b'RT @nrlizzhmhd: From bibik to lady boss ? https://t.co/4GikwxsfCr',Central African Republic,1306658138846908416
Moses_Beatz,b'You should be the ambassador of eating samp? https://t.co/u5v2VPQras',Central African Republic,1306658097654575110
faatimvh,b'RT @nrlizzhmhd: From bibik to lady boss ? https://t.co/4GikwxsfCr',Central African Republic,1306657968759271424
lqmnmanz,b'RT @nrlizzhmhd: Take a positive look at mistakes of the previous month because they can teach you and make you wiser and stronger this mont?',Central African Republic,1306657723832909824
PurpleCatSuperF,b'@poisondoII how about.... anime shrine',Central African Republic,1306655818993942528
Moses_Beatz,"b""That's shit is funny and I like how they are not offended by each other's greatness???? https://t.co/3zrez7wn4H""",Central African Republic,1306655487073628161
alep_Imr,b'RT @aqil_syakir456: @naimleigh I wrote an article about the original names of places in Malaysia. Hope you enjoy it. ?\nhttps://t.co/62DDQY4?',Central African Republic,1306654138613202945
widasukri1,"b'RT @nrlizzhmhd: ?No matter how good you are, you can always be replaced?'",Central African Republic,1306654072976490496
aenasofia,"b'Late night thoughts: to some i might be perceived as matang, independent but to some others aku sendiri sedar aku manja (gila) ? ?'",Central African Republic,1306653624907395072
NaszrulNizam,b'@en_keiser It tells u that u are currently using camera even the apps isn?t looks like ure using it.',Central African Republic,1306652662000091137
syazwanimus,b'been staring at this coding for like 1 hour now with no progress good job wani',Central African Republic,1306652575555440640
nrlindamhd,b'RT @nrlizzhmhd: I make my own money and I?ll spend it how i like.',Central African Republic,1306651414807027713
KarimAdriena,"b'RT @nrlizzhmhd: It?s not where you go, it?s who you travel with! We enjoyed our vacation till the last moment of it ? https://t.co/Of7RW6rS?'",Central African Republic,1306649409279590401
nabilsyakirinnn,b'RT @nrlizzhmhd: 2 semester to go! ?',Central African Republic,1306648560247517186
syazwanimus,b'brandon flowers... legend',Central African Republic,1306648244554928128
syazwanimus,"b""DONT BREAKKKKK CHARACTERRRRRR YOU'VE GOT A LOTTTTTTTTTTTTTTTTTTT OF HEART!!!!!!!!!!!!!!!!""",Central African Republic,1306647966824890368
TengkuIzzahhh,"b'RT @nrlizzhmhd: I no longer force things. What flows, flows. What crashes, crashes. I only have space and energy for things that are meant?'",Central African Republic,1306647178916458497
iamhafidzi,b'@meyaina Sleeeeeppp',Central African Republic,1306646691701862400
ainataib,b'RT @nrlizzhmhd: From bibik to lady boss ? https://t.co/4GikwxsfCr',Central African Republic,1306644108077707264
Terra_XD,b'@nrallykha Welcome!! ?',Central African Republic,1306644078470156288
ccakrawalaa,b'RT @nrlizzhmhd: From bibik to lady boss ? https://t.co/4GikwxsfCr',Central African Republic,1306642509355913216
nrlizzhmhd,b'2 semester to go! ?',Central African Republic,1306641956336877568
keyynaaaaa,b'RT @nrlizzhmhd: From bibik to lady boss ? https://t.co/4GikwxsfCr',Central African Republic,1306640414271664130
aqilahamrann,"b'RT @nrlizzhmhd: Sometimes, you just need a break. In a beautiful place. Alone. To figure everything out.'",Central African Republic,1306640292703920128
ainaakz,b'I just cantt sleeeppp',Central African Republic,1306639538240987136
aameesaaa,b'RT @nrlizzhmhd: Yass road to final year degree!! ?',Central African Republic,1306638176832815104
nrlizzhmhd,b'Yass road to final year degree!! ?',Central African Republic,1306638100064477184
syifaaaaae,b'RT @nrlizzhmhd: Respect yourself enough to know you deserve the very best.',Central African Republic,1306637020882632704
faerrraa,"b'RT @nrlizzhmhd: I no longer force things. What flows, flows. What crashes, crashes. I only have space and energy for things that are meant?'",Central African Republic,1306636751759265792
deds0ul__,b'RT @nrlizzhmhd: From bibik to lady boss ? https://t.co/4GikwxsfCr',Central African Republic,1306636747590123520
faridimranz,"b'RT @nrlizzhmhd: Love is made by trust, respect, and caring.'",Central African Republic,1306635696073969664
isafyfa,b'RT @nrlizzhmhd: From bibik to lady boss ? https://t.co/4GikwxsfCr',Central African Republic,1306634645795008514
nrlsnhtl,"b'RT @nrlizzhmhd: I no longer force things. What flows, flows. What crashes, crashes. I only have space and energy for things that are meant?'",Central African Republic,1306634544469032960
brianakiara1,"b'RT @nrlizzhmhd: I no longer force things. What flows, flows. What crashes, crashes. I only have space and energy for things that are meant?'",Central African Republic,1306634480531181571
mimiraidora,b'Working life ni sumpah tak best hmmmzzz',Central African Republic,1306633976119844866
schaidriss,"b'RT @nrlizzhmhd: I no longer force things. What flows, flows. What crashes, crashes. I only have space and energy for things that are meant?'",Central African Republic,1306633038466482177
putrihdnhh,b'RT @nrlizzhmhd: From bibik to lady boss ? https://t.co/4GikwxsfCr',Central African Republic,1306632935122956289
Sithy_Farmia,b'RT @nrlizzhmhd: I deserve to be happy and loved.',Central African Republic,1306632394032603137
nadzhrn,"b'Alhamdulillah??? Couldn?t make it without my parents, lecturers and friends!'",Central African Republic,1306632328211435523
atkhmzln,b'RT @nrlizzhmhd: I deserve to be happy and loved.',Central African Republic,1306632222158368769
arndoux,b'RT @nrlizzhmhd: From bibik to lady boss ? https://t.co/4GikwxsfCr',Central African Republic,1306631787846623234
Safianabila2,"b'RT @nrlizzhmhd: I no longer force things. What flows, flows. What crashes, crashes. I only have space and energy for things that are meant?'",Central African Republic,1306631510355705856
jumaayuni,b'RT @nrlizzhmhd: From bibik to lady boss ? https://t.co/4GikwxsfCr',Central African Republic,1306631132507590657
khumayni,b'@XavierNaxa Welcome to 2013',Central African Republic,1306630618390749185
nbhmhdysf,b'RT @nrlizzhmhd: I make my own money and I?ll spend it how i like.',Central African Republic,1306630397187575809
syazwanimus,b'we are all afraid of what we do not knowww',Central African Republic,1306629919259029504
superhedrian,b'miss u 2',Central African Republic,1306667281359892481
DrPOWA,"b""@JosseyButhane Josy I really admire you in most issues but based on this incident. We need sober respond. Don't pus? https://t.co/iM5qzZfDJH""",Central African Republic,1306644725097734144
bea_jk_,"b""Hey Grammy, what's up? https://t.co/EEnnXiviik""",Central African Republic,1306581194289668097
ffairypjm,b'@jmcvlts arghhhh',Central African Republic,1306541848517726208
ffairypjm,b'@jmcvlts gong gong',Central African Republic,1306541815667990528
ffairypjm,"b'welc , sorry sebab lmbt ?? https://t.co/SpCJX2zkju'",Central African Republic,1306465030833975298
jaylerxj,b'RT @maddogsty: rt dm #imgxnct',Central African Republic,1306406993662418944
anoo002,"b""RT @R11Nii: I don't wanna be your friend i wanna kiss your lips""",Central African Republic,1306405531272216576
Peachss6,b'RT @maddogsty: rt dm #imgxnct',Central African Republic,1306397057838534656
1stfirstluv,b'RT @maddogsty: rt dm #imgxnct',Central African Republic,1306389442517585920
jayixa1042,b'RT @maddogsty: rt dm #imgxnct',Central African Republic,1306388593342992384
MackKen_mack,b'RT @maddogsty: rt dm #imgxnct',Central African Republic,1306387920505372672
FFFeied,b'RT @maddogsty: rt dm #imgxnct',Central African Republic,1306386295061528579
fourrxjaemin,b'RT @maddogsty: rt dm #imgxnct',Central African Republic,1306386213033574400
callme_aitwo,b'RT @maddogsty: rt dm #imgxnct',Central African Republic,1306386070783758336
IVAIIIIVA__,b'RT @maddogsty: rt dm #imgxnct',Central African Republic,1306385829388926977
Karwpad1,b'RT @maddogsty: rt dm #imgxnct',Central African Republic,1306385811919650817
mmmongg_,b'RT @maddogsty: rt dm #imgxnct',Central African Republic,1306385594352766978
plawanxdoyoung,b'RT @maddogsty: rt dm #imgxnct',Central African Republic,1306385189598183424
pkxkjw,b'RT @maddogsty: rt dm #imgxnct',Central African Republic,1306385112825692162
itgodhj,b'RT @maddogsty: rt dm #imgxnct',Central African Republic,1306385051794382848
Hamter60360792,b'RT @maddogsty: rt dm #imgxnct',Central African Republic,1306384972731744256
99vibex,b'RT @maddogsty: rt dm #imgxnct',Central African Republic,1306384954004107264
maddogsty,b'rt dm #imgxnct',Central African Republic,1306384872601075713
bea_jk_,"b'The mouth, the look, the Min Yoongi... https://t.co/EmpyHXIcKb'",Central African Republic,1306329919354531843
bea_jk_,b'D boy??? https://t.co/stq0st7o8x',Central African Republic,1306295550963265536
bea_jk_,"b'Every day, every moment, every minute https://t.co/6iwuaxhxWg'",Central African Republic,1306291149359984644
saltofthisworld,"b'Hey, @drawmliz! Your recent watercolor (Quentin in blues) was so good!!\nGood luck with your \'kinda commission ""!...? https://t.co/umGE7wKaC3'",Central African Republic,1306269056434081792
dyjajinnie,b'RT @ffairypjm: help rt my pinned twt juseyo ??',Central African Republic,1306241890648375296
ffairypjm,b'@_shaaff_ thank you ?? https://t.co/Lv8LJ3K2mR',Central African Republic,1306240988294205440
ffairypjm,b'help rt my pinned twt juseyo ??',Central African Republic,1306240106118787078
ffairypjm,b'@glitterkims donee ?',Central African Republic,1306239480987148291
ffairypjm,b'my moots ade 775 so sume kena tolong ??',Central African Republic,1306237503536615425
Thamxx__,b'RT @maddogsty: rt dm #imgxnct',Central African Republic,1306217186260705280
Yugiyom,b'RT @Jjiyop: I love u?? https://t.co/ZmBAhWpvQH',Central African Republic,1306192753139658754
Yugiyom,b'RT @Jjiyop: Love u more more more and more?? https://t.co/ui6rtA66Dm',Central African Republic,1306192740418420741
superhedrian,"b'sometimes we dont wanna hear sum certain songs ever again even tho they gold, just bc that song reminds us memories? https://t.co/PD4N5kQX4v'",Central African Republic,1306182117236158464
_Tt23T,b'RT @maddogsty: rt dm #imgxnct',Central African Republic,1306170147598602241
AveyAvvy_grace,b'Where do broken minds go...',Central African Republic,1306155454230274048
Pan88513818,b'RT @maddogsty: rt dm #imgxnct',Central African Republic,1306139475580387328
Typhoon_127,b'RT @maddogsty: rt dm #imgxnct',Central African Republic,1306138267952136194
taratatx1,b'RT @maddogsty: rt dm #imgxnct',Central African Republic,1306137849906032642
small__5050,b'RT @maddogsty: rt dm #imgxnct',Central African Republic,1306135693530263552
WIN_93x,b'RT @maddogsty: rt dm #imgxnct',Central African Republic,1306135630724780033
Peachss6,b'RT @maddogsty: rt dm #imgxnct',Central African Republic,1306135535669456898
ZCESUAG1,b'RT @maddogsty: rt dm #imgxnct',Central African Republic,1306134928845758464
1595cm,b'RT @maddogsty: rt dm #imgxnct',Central African Republic,1306133873278029824
paopei04,b'RT @maddogsty: rt dm #imgxnct',Central African Republic,1306133253489737728
crushonter,b'RT @maddogsty: rt dm #imgxnct',Central African Republic,1306131167746244611
spexkjm,b'RT @maddogsty: rt dm #imgxnct',Central African Republic,1306130538575454209
jaijaixjaeh,b'RT @maddogsty: rt dm #imgxnct',Central African Republic,1306129690076172290
Cetnalhorsus,b'RT @maddogsty: rt dm #imgxnct',Central African Republic,1306128104176451584
Llimemine1128,b'RT @maddogsty: rt dm #imgxnct',Central African Republic,1306127862249000960
1stxayden,b'RT @maddogsty: rt dm #imgxnct',Central African Republic,1306127323435941888
monjundayjaw,b'RT @maddogsty: rt dm #imgxnct',Central African Republic,1306126952328171520
Markpill11,b'RT @maddogsty: rt dm #imgxnct',Central African Republic,1306126783201173508
seataeyong01,b'RT @maddogsty: rt dm #imgxnct',Central African Republic,1306126584437379072
zeenamkawaii,b'RT @maddogsty: rt dm #imgxnct',Central African Republic,1306125656401481729
Cha_chathai,b'RT @maddogsty: rt dm #imgxnct',Central African Republic,1306125632686845952
1karter_,b'RT @maddogsty: rt dm #imgxnct',Central African Republic,1306125265781702657
Nabsikrab,b'RT @maddogsty: rt dm #imgxnct',Central African Republic,1306125222177845248
ihorxm_,b'RT @maddogsty: rt dm #imgxnct',Central African Republic,1306124936897916928
Fiatttt1,b'RT @maddogsty: rt dm #imgxnct',Central African Republic,1306124498752610304
limxdmee,b'RT @maddogsty: rt dm #imgxnct',Central African Republic,1306124471485386752
TREYTEN1234,b'RT @maddogsty: rt dm #imgxnct',Central African Republic,1306124378980065281
maddogsty,b'rt dm #imgxnct',Central African Republic,1306124284239081472
ffairypjm,b'@SantaKpop bts lightstick pls?',Central African Republic,1306114788716470273
ai_lyng,b'RT @ffairypjm: [HELP RT]???\n? My first fankit ?\n\n-3pcs photocard\n-1pcs photostrip &amp; bookmark\n-1pcs postcard\n-1pcs handbanner\n\nPrice : rm4/s?',Central African Republic,1306100576489365506
Jjiyop,b'Love u more more more and more?? https://t.co/ui6rtA66Dm',Central African Republic,1306082772495208448
Jjiyop,b'I love u?? https://t.co/ZmBAhWpvQH',Central African Republic,1306082392361152513
superhedrian,b'@ngldnl why bubyyy',Central African Republic,1306052814183915520
superhedrian,b'imma simp 4 u ?? https://t.co/S0pwjzOie8',Central African Republic,1305936390622867462
bea_jk_,b'#BlueberryEyesMVOutNow \n\nOur rap king never fails ? https://t.co/su5kwx5wAB',Central African Republic,1305915184247197698
dionysauss,b'RT @ffairypjm: [HELP RT]???\n? My first fankit ?\n\n-3pcs photocard\n-1pcs photostrip &amp; bookmark\n-1pcs postcard\n-1pcs handbanner\n\nPrice : rm4/s?',Central African Republic,1305860380963622913
kkyunguk_,b'RT @ffairypjm: [HELP RT]???\n? My first fankit ?\n\n-3pcs photocard\n-1pcs photostrip &amp; bookmark\n-1pcs postcard\n-1pcs handbanner\n\nPrice : rm4/s?',Central African Republic,1305856104904232960
ffairypjm,b'thank youu ?? #bypjm https://t.co/zEeWkSPF4J',Central African Republic,1305759241840390144
superhedrian,"b""damn,, thot u we're talking abt me for a sec...? https://t.co/AWEx3aUWG9""",Central African Republic,1305532381680422912
Yanseob_YSfans,b'RT @ffairypjm: [HELP RT]???\n? My first fankit ?\n\n-3pcs photocard\n-1pcs photostrip &amp; bookmark\n-1pcs postcard\n-1pcs handbanner\n\nPrice : rm4/s?',Central African Republic,1305526399948578816
ffairypjm,"b'@seokjinqtpie @BTS_twt @BTStrading_MY yes , dm me juseyo ?'",Central African Republic,1305517067785830400
seokjinqtpie,b'RT @ffairypjm: [HELP RT]???\n? My first fankit ?\n\n-3pcs photocard\n-1pcs photostrip &amp; bookmark\n-1pcs postcard\n-1pcs handbanner\n\nPrice : rm4/s?',Central African Republic,1305516477374636033
ffairypjm,b'@kookjinmin @manduprinting sory @manduprinting ???',Central African Republic,1305494988747276289
R11Nii,"b""I don't wanna be your friend i wanna kiss your lips""",Central African Republic,1305350595335852032
superhedrian,b'@vicentebognot Naol',Central African Republic,1305336086919434241
bea_jk_,b'@Airplanie_ ????? safad*',Central African Republic,1305334859506880512
tyrmlperea,b'umay',Central African Republic,1305321946280792065
saltofthisworld,"b'@momomosed Um, hello? ??'",Central African Republic,1305253105018253312
saltofthisworld,"b""@spearbsboyfren @Stray_Kids Omg it's so good!! ?""",Central African Republic,1305166082249023488
ffairypjm,"b'@SantaKpop hye , i want to do army bomb rt deals ?'",Central African Republic,1305150218485157888
CMasibekela,"b""@ThandoVDlamini1 I did it because i knew i was clean man. If i had my suspicions i wouldn't have. Nice question?""",Central African Republic,1305031812335501314
lemdzabu,b'RT @CMasibekela: Afternoon rays? https://t.co/iQBuPwpHGY',Central African Republic,1304976509346762753
DrPOWA,b'Peace',Central African Republic,1304831934770679808
ffairypjm,b'thank you sebab beli from me ? #bypjm ? https://t.co/8c5uZ89ln6',Central African Republic,1304814199474851845
CMasibekela,b'Afternoon rays? https://t.co/iQBuPwpHGY',Central African Republic,1304811744590802944
tyrmlperea,b'@mntlb_pam essayyy siztt',Central African Republic,1304803824884883456
ffairypjm,b'@SantaKpop army bomb pls ???',Central African Republic,1304768302720323586
coiuchan,b'@w_ooyaa Test',Central African Republic,1304766643206148097
AveyAvvy_grace,b'Aacckk so sweet ? ??',Central African Republic,1304765128223543297
coiuchan,"b'Please help support Bagas &amp; Dimi, add a #Twibbon now! https://t.co/UB6XzTRE83'",Central African Republic,1304748646764695556
AveyAvvy_grace,b'Lazy day hhnnggggg',Central African Republic,1304739128550907905
coiuchan,b'Test',Central African Republic,1304702555889364992
prayfourlovee,b'@emilyperrrez step on me pls',Central African Republic,1306732251808325632
prayfourlovee,b'@LILUZIVERT we miss you ?',Central African Republic,1306732168509452288
prayfourlovee,b'@luvthedick self love',Central African Republic,1306731632645136384
prayfourlovee,b'she?s so perfect https://t.co/WY8wUEj6nI',Central African Republic,1306731050173894662
doraemonssii,"b'""I think that you are human and that God is God and he teaches us all through our mistakes and all we common mortal? https://t.co/qgaemLVxW1'",Central African Republic,1306722171092312064
AghiZoro,b'QALF',Central African Republic,1306716009273921537
erishaaquino_,b'i am utterly inlove with kento',Central African Republic,1306703761897713664
jasmeroox,b'RT @prayfourlovee: morning https://t.co/1ReANFkYVj',Central African Republic,1306645407372460033
prayfourlovee,b'morning https://t.co/1ReANFkYVj',Central African Republic,1306642168526692357
kissllandxo,"b'RT @prayfourlovee: i hope everyone has a great day , please wear ur mask !? https://t.co/nJ3s2NTiaL'",Central African Republic,1306608793157951489
prayfourlovee,b'@yourfeetstink_ facts lmao',Central African Republic,1306607224303661059
prayfourlovee,"b'i hope everyone has a great day , please wear ur mask !? https://t.co/nJ3s2NTiaL'",Central African Republic,1306606959299190784
shnnaprl,b'Medical-Surgical Nursing ? https://t.co/fpfNQPPfrC',Central African Republic,1306590279852412936
joanneplantilla,b'RT @sheilouufabian: i feel like im so beautiful with this filter ??? https://t.co/Pzs0Vkc4pp',Central African Republic,1306590255353536514
airajsh,b'i need a dog',Central African Republic,1306581658896752640
anquinto_,b'mood: https://t.co/ZPhrAygytz',Central African Republic,1306560616081944576
doraemonssii,b'biochem ugma 3-5. heeeelp huhu treasure comeback!!!',Central African Republic,1306557279777378304
shldrnn,b'Feel good good mood',Central African Republic,1306541513283792896
kzhamorin,b'@dsrvillarina @vinnueldlcrz yes naman just be yourself',Central African Republic,1306535355185680385
mariannekqye,b'@KLamando so happy for you bebe olrak :((',Central African Republic,1306528494667456512
shldrnn,"b""When we're ninety-two, the same as seventeen""",Central African Republic,1306510966067134464
amelleWRLD,b'RT @prayfourlovee: this part https://t.co/esq9jwEpGp',Central African Republic,1306502996365381633
prayfourlovee,b'@alexa_elsharrak LMAOOO GUYS ARE SO WEIRD',Central African Republic,1306502543334236160
kissllandxo,b'RT @prayfourlovee: this part https://t.co/esq9jwEpGp',Central African Republic,1306499960020426752
prayfourlovee,b'this part https://t.co/esq9jwEpGp',Central African Republic,1306499770261803008
itsjustliborio,b'RT @kev_nono: The way we hate men but luv p3nis https://t.co/yCs7EIaFxh',Central African Republic,1306494801425047552
prayfourlovee,b'@evveelyn_ we both understand ?',Central African Republic,1306478674141569025
prayfourlovee,b'@fatimaxarbee we can relate ?',Central African Republic,1306478547658108928
prayfourlovee,b'@DAYSB4XO ong i be speaking facts !??',Central African Republic,1306478500027670530
sheilouufabian,b'i want to go in novo right now so that i can buy some decorations for my room ?',Central African Republic,1306473717258567682
erishaaquino_,"b""@jnnfrmnt @yosuke_sora i'm simping, where can i sign up ?????""",Central African Republic,1306467097594060801
shnnaprl,"b'@NCACharles hi miss, can i get your uhm,,vibERr?'",Central African Republic,1306424201780158464
dlxsly,b'lusaw utak a lods',Central African Republic,1306421288404045825
prayfourlovee,"b'@Gvmini takes time ,you got this !'",Central African Republic,1306411190222901248
prayfourlovee,b'@noelllexo cutie pie !',Central African Republic,1306411084136415232
kev_nono,b'@aquaangel444 It?s a cruel cruel world',Central African Republic,1306411073650606080
kev_nono,b'The way we hate men but luv p3nis https://t.co/yCs7EIaFxh',Central African Republic,1306402965490511872
ItsmeKy15,b'Just finished another exam and I feel like crying?',Central African Republic,1306399875966279681
dlxsly,"b'sarap, thx sa shuffle spotify https://t.co/XkhzNYt4F8'",Central African Republic,1306363238565601281
jayxoxxo,b'RT @prayfourlovee: made us happy ? https://t.co/DYqCs4Hwa1',Central African Republic,1306352465848090625
prayfourlovee,b'made us happy ? https://t.co/IUMIhzkaxp https://t.co/DYqCs4Hwa1',Central African Republic,1306352319164940288
prayfourlovee,"b'@yourmomisamilfx oceans traumatizes me a lot, looks scary'",Central African Republic,1306344325345759233
prayfourlovee,b'guess who?s going to LA this week ? ME?',Central African Republic,1306343853905948673
prayfourlovee,b'@GIAWLATELY i hope it?s a tweet we can edit instead LMAO',Central African Republic,1306343184822198272
prayfourlovee,b'@GIAWLATELY what update ??',Central African Republic,1306342988058996736
prayfourlovee,"b'i needs girlfriends , send me ur number so we can text or something ??? https://t.co/PA9Knv9tEv'",Central African Republic,1306338655380754436
prayfourlovee,b'@bqner got made me like this bruh',Central African Republic,1306333359124045824
prayfourlovee,b'pain ? https://t.co/Pc7cFQkYxR',Central African Republic,1306331970184470530
prayfourlovee,b'@bqner i?ll start tomorrow &lt;3',Central African Republic,1306331916484796417
prayfourlovee,b'i?m 4?8 lmaooo https://t.co/knKujW54Cr',Central African Republic,1306331253843529728
jazmnuwu,b'TOBE FLYYYY HIIIGH https://t.co/e0mixQhfHI',Central African Republic,1306328443987144705
prayfourlovee,b'i hope they got covid after this https://t.co/csSlMlI8o7',Central African Republic,1306295309572562944
jflores_x,"b'RT @prayfourlovee: delete ur twitter, ur getting DRAGGED LMAOOO https://t.co/K6yhu42WLJ'",Central African Republic,1306292221142990851
prayfourlovee,"b'delete ur twitter, ur getting DRAGGED LMAOOO https://t.co/K6yhu42WLJ'",Central African Republic,1306291714609438720
prayfourlovee,"b'i hope kanye gets the help he needs honestly, ur weird if you think it?s funny.'",Central African Republic,1306289901692833792
Dozarooo,b'RT @prayfourlovee: @Dozarooo i love you ?? https://t.co/PTfbvNqXu3',Central African Republic,1306287496829886464
prayfourlovee,b'@Dozarooo i love you ?? https://t.co/PTfbvNqXu3',Central African Republic,1306287238859255808
__Stevenson__,b'RT @AghiZoro: Inception https://t.co/rCm5Jg2mFs',Central African Republic,1306241267802796032
__Stevenson__,b'RT @AghiZoro: Shutter https://t.co/kqqjV7HHxS',Central African Republic,1306240856068947979
AghiZoro,b'Inception https://t.co/rCm5Jg2mFs',Central African Republic,1306240030072098819
AghiZoro,b'Shutter https://t.co/kqqjV7HHxS',Central African Republic,1306239903878057985
sheilouufabian,b'@mryvil mineshopchua name',Central African Republic,1306239292394467333
sheilouufabian,"b""feel so tired right now but at least there's always a blessing from G! ?""",Central African Republic,1306238043901239296
doraemonssii,"b""why can't this certain fandom just focus on their idols instead of bashing and hating other idols? ?""",Central African Republic,1306225947692077056
skynolasco5,b'RT @prayfourlovee: sinces mac miller is trending let me bring my fav video of all time. we miss you mac. still can?t believe ur really gone?',Central African Republic,1306207201359548416
shldrnn,b'Let go of the bad vibes and stan ateez instead',Central African Republic,1306175933020172293
anquinto_,b'@aaaaangellyn every lunch??',Central African Republic,1306162570567401472
prayfourlovee,b'@roronoayaa i see me ?',Central African Republic,1306162113111416832
prayfourlovee,b'aww i don?t have a bestfriend though?? https://t.co/sHz2CmKjOL',Central African Republic,1306151921971916800
dlxsly,b'feels good while reading course material 5 https://t.co/qB2M2MY6sB',Central African Republic,1306143064675635203
doraemonssii,b'@teteisluvde @allkpop just focus on your idol lol',Central African Republic,1306138679555944448
ItsmeKy15,"b'College is so stressful mahn, sometimes I just feel like I wanna drop out?'",Central African Republic,1306107813517619204
prayfourlovee,b'@Dozarooo yes you are lmaoo i just need gfs :(',Central African Republic,1306065493011230720
prayfourlovee,b'i need girl friends that like one piece i just be talking to my bf about it ? https://t.co/VpPg79cpM2',Central African Republic,1306064903426330625
prayfourlovee,b'@GumGumRequiem YOU SPEAKING FACTS',Central African Republic,1306063918515716097
prayfourlovee,b'@roronoayaa we need to be friends asap?? https://t.co/qj88eU0rk3',Central African Republic,1306060626200936450
prayfourlovee,b'@ all my girls that like one piece ? https://t.co/pcQ2qsMbBI',Central African Republic,1306059353493970944
muah_lily,b'RT @kev_nono: What we are not going to do is completely disregard the work of gay/queer activists during the AIDS crisis that gave rise to?',Central African Republic,1306051649266356224
erishaaquino_,b'call me old fashioned but i was raised to serve my boa hammock. i clean the dishes and cook her food. i do whatever? https://t.co/7wPb798pI7',Central African Republic,1306048010300784643
erishaaquino_,b'@Alythuh QUEEN STEP ON ME https://t.co/i9vovZ5NRq',Central African Republic,1306047205376049152
Zygomamons,b'RT @_anleeiii: awit awit awit',Central African Republic,1306043906073608193
hosenillaaya,b'RT @_gwynethq: ? mobile load para sa online classes ?\n\nhenlo again!\nhere are the details regarding sa mobile load project na ginagawa namin?',Central African Republic,1306042348485263360
_anleeiii,b'awit awit awit',Central African Republic,1306041453328572417
edgieeesd,b'RT @_gwynethq: ? mobile load para sa online classes ?\n\nhenlo again!\nhere are the details regarding sa mobile load project na ginagawa namin?',Central African Republic,1306034489458487296
goddessof_all,b'RT @kev_nono: What we are not going to do is completely disregard the work of gay/queer activists during the AIDS crisis that gave rise to?',Central African Republic,1306032602583691265
donuzclaudia,b'RT @_gwynethq: ? mobile load para sa online classes ?\n\nhenlo again!\nhere are the details regarding sa mobile load project na ginagawa namin?',Central African Republic,1306031475876229120
_gwynethq,"b""Again, sa October kami magsisimula. We're still looking for more sponsors. THANK U xd""",Central African Republic,1306027231446052865
jxgheadjonez,b'RT @_gwynethq: ? mobile load para sa online classes ?\n\nhenlo again!\nhere are the details regarding sa mobile load project na ginagawa namin?',Central African Republic,1306026893968248832
shnnaprl,b'@psjenyx sana always',Central African Republic,1306026531391598592
_gwynethq,b'? mobile load para sa online classes ?\n\nhenlo again!\nhere are the details regarding sa mobile load project na ginag? https://t.co/yaLd04yzI5',Central African Republic,1306025890812506128
shnnaprl,"b'done with my earliest and only class for today, ok tog balik'",Central African Republic,1306025094980853760
jirehsanjuann,b'quiz + hws + prelims = https://t.co/uMK79c3i3b',Central African Republic,1306022097429225474
_anleeiii,b'morning',Central African Republic,1306015527186427906
doraemonssii,b'@theabonado love k b? ?',Central African Republic,1306013469230104577
santellanez_,b'RT @kev_nono: What we are not going to do is completely disregard the work of gay/queer activists during the AIDS crisis that gave rise to?',Central African Republic,1306009614027292672
obeynoemi_,b'RT @kev_nono: What we are not going to do is completely disregard the work of gay/queer activists during the AIDS crisis that gave rise to?',Central African Republic,1306007155867353090
prayfourlovee,b'@record4hype rooting for u',Central African Republic,1306007077878460418
habebaaaa1,b'RT @prayfourlovee: all this beautiful girls man :( &lt;3',Central African Republic,1306003175413936128
karenxmgh,b'RT @kev_nono: What we are not going to do is completely disregard the work of gay/queer activists during the AIDS crisis that gave rise to?',Central African Republic,1305989242536054786
prayfourlovee,b'@sanjiuwu love this',Central African Republic,1305986868937326592
jjunanaa7,b'@jkkay_ @BTS_twt Ea ssay?',Central African Republic,1306623133558820864
karikamf,b'@mlbbfess Astaga ??',Central African Republic,1306502772460646405
wenderst,b'@bigbabe2022 Heck unless they have added them they didn?t even have lights for night play',Central African Republic,1306354101127532547
wenderst,b'@MickeyIris97 @MicheleValJean Same here but had them now for about 20 years and will never switch back',Central African Republic,1306321937627455489
jjunanaa7,b'@mygtrivias I love you too bro???',Central African Republic,1306231299808489474
selenong_,b'@yoonjinniee d?aww hello hello!! ??',Central African Republic,1306221519895314434
karikamf,b'Thank u mimin?? @GamesMenfess https://t.co/FMzIVZX1EK',Central African Republic,1306173031434256385
gyuljoong,b'RT @uwugyeul: @ATEEZofficial @gyuljoong loves you',Central African Republic,1306113703247568896
uwugyeul,b'@ATEEZofficial @gyuljoong loves you',Central African Republic,1306113553569591297
dumbassbebi,b'RT @aiensofiea_: @dumbassbebi @danishdisini Goodluck &lt;3',Central African Republic,1306109019300360192
aiensofiea_,b'@dumbassbebi @danishdisini Goodluck &lt;3',Central African Republic,1306105550933958657
jjunanaa7,b'@txtdrindomy Ea dom',Central African Republic,1306100349959200770
wenderst,b'@rebeccastaab1 @ACMcCord They know they have a great home and you have enough love for one more',Central African Republic,1306010850524790789
erldettores,b'RT @imjulscuranes: Happy 6monthss of lovee @erldettores!!! Iloveyousm &amp; gotchu always!!???',Central African Republic,1305900174938574848
imjulscuranes,b'Happy 6monthss of lovee @erldettores!!! Iloveyousm &amp; gotchu always!!???',Central African Republic,1305899670581854208
uwugyeul,b'@ELASTofficial happy 100 days????????????????????????',Central African Republic,1305892271859085312
uwugyeul,b'@ELAST_JP i love you i love youuuuu',Central African Republic,1305886248767193089
karikamf,b'@GamesMenfess Done',Central African Republic,1305800074711019520
justlovebby,b'Hey google. https://t.co/ACYmyjXJWj',Central African Republic,1305740402222182401
jjunanaa7,b'@Jhykeyy_ Azeekk',Central African Republic,1305687551034814464
uwugyeul,b'XOXO Gossip Girl? https://t.co/Xgt2O6hNoT',Central African Republic,1305651538338217984
uwugyeul,b'@ELASTofficial i love you',Central African Republic,1305554985032318979
justlovebby,b'Happy 5th Anniversary my forever love iKON. ?',Central African Republic,1305534015659671552
jjunanaa7,"b'@ArmyteamADM @Twitter @TwitterSupport @ARMYTEAMIID Hello,\n@Twitter @TwitterSupport\nthis account (@ARMYTEAMIID) neve? https://t.co/w14qlNEepj'",Central African Republic,1305529663746260998
jjunanaa7,b'@BTShxxn AMINNN',Central African Republic,1305525750620020737
uwugyeul,b'@ELASTofficial my little angel',Central African Republic,1305466673437310976
uwugyeul,b'@ELASTofficial i love you',Central African Republic,1305466629204172800
jjunanaa7,b'@shyuk_kiyowo @BTS_twt Hadir\n\nI vote #OnBTS as worldwide Hit on #KCAMexico 2020 (@BTS_twt)',Central African Republic,1305378603891224586
jjunanaa7,b'@jiminaasoft Avv thank you beb?',Central African Republic,1305162824935587841
uwugyeul,b'@ELASTofficial i love you',Central African Republic,1305148399361167360
uwugyeul,b'@ELASTofficial i love you??????????????????',Central African Republic,1305042827617894401
jjunanaa7,b'@BTS_twt Happy birthday brooh?',Central African Republic,1304963747807506433
0lncoaln,"b'connor!!? cconn??? arrr CONNOOOR?? connor  !!?? arghhh???  o m g, CONN?? ooh conn  ! ! ! c o n n oooooor?? aarrrr p? https://t.co/IelJC4rbqR'",Central African Republic,1304869975207878664
uwugyeul,b'@ELASTofficial i love you ??????',Central African Republic,1304813123635904512
myrchll,b'umayyyy :))',Central African Republic,1304732094971613184
jjunanaa7,b'@BTS_twt Love you??',Central African Republic,1304700852058243072
myrchll,b'*midterms :( https://t.co/D5P00oN3cl',Central African Republic,1304690085720334337
jjunanaa7,b'@fullchimm Oke brooh',Central African Republic,1304656106132664320
wenderst,b'@wesramsey @lldubs @lldubs happy birthday to a beautiful lady both onscreen and off',Central African Republic,1304648684294995968
jjunanaa7,b'@dailykiim Up up up',Central African Republic,1304626543025557504
jjunanaa7,b'@JodohbangJK2 Cepat post',Central African Republic,1304626128687046656
CindyLeinwand12,b'RT @wenderst: @Kaore Maybe the press should stop showing up for his press/rally?s',Central African Republic,1304590639728701440
myrchll,"b'Happy birthday ishaaa, labyaaa ?? https://t.co/ODDRvDC56Y'",Central African Republic,1304587111119585281
smortegga,b'shark movies give me anxiety but I love it',Central African Republic,1304532203204796416
wenderst,b'@Kaore Maybe the press should stop showing up for his press/rally?s',Central African Republic,1304517190792568832
wenderst,b'@PHShriver @BenRothenberg Last night you could see that Serena and Vika would have loved to have hugged',Central African Republic,1304516803004108802
wenderst,b'@kellythiebaud Been watching Us open so am so far behind but can?t wait to catch up and see the Britch',Central African Republic,1304516097480306690
wenderst,b'@NancyLeeGrahn The towers were started in 1970 so asbestos was used so many illnesses can come from that fact alone? https://t.co/cTP4apkhAs',Central African Republic,1304515735935352832
jjunanaa7,b'HAPPY BIRTHDAY BROOHH ?',Central African Republic,1304459416524128256
jjunanaa7,b'@BTS_twt Happy birthday namjoon?',Central African Republic,1304458024937902082
wenderst,b'@TankSchottle We need more people like you in this crazy world. Love you Tank ??',Central African Republic,1304454921496879104
smortegga,b'Why does Starbucks always charge me different for my order like uh????',Central African Republic,1304445750273691649
jjunanaa7,b'@kimvantereall Daun',Central African Republic,1304412030703525890
jjunanaa7,b'@padinimnida Aloo',Central African Republic,1304405673749278721
jjunanaa7,b'@mytimekooko Pusing?',Central African Republic,1304392757155299328
mishiangls,b'lego house // ed sheeran?',Central African Republic,1304282087076163584
Tngamonaman1231,b'RT @mishiangls: @yogurljuls 50k tuition tas exam cinopy paste lang sa ?google?',Central African Republic,1304280808836837377
wenderst,b'@serenanews @rolandgarros She has her own place there I believe so would only go to site around match time.',Central African Republic,1304268966605578241
wenderst,b'@alexisohanian Others would have quit but not our queen. You married one tough cookie. Proud to be a fan of both of you and also Olympia',Central African Republic,1304268531681431553
wenderst,b'@dukeblue24 @askjillian Had a full right mastectomy and reconstruction all free',Central African Republic,1304267873662251010
wenderst,b'@dukeblue24 @askjillian I was diagnosed and had surgery shortly after less than a month. No cost and meds free',Central African Republic,1304267626315681797
wenderst,b'@PHShriver @vika7 @vika7 for the championship win',Central African Republic,1304266964240564228
mishiangls,b'@yogurljuls 50k tuition tas exam cinopy paste lang sa ?google?',Central African Republic,1304251416136093696
wenderst,b'@TamaraBraun @kellythiebaud Stay safe. I live in Vancouver bc and we are getting smoke from Washington and even Ore? https://t.co/I3eAA39s24',Central African Republic,1304246884471513088
wenderst,b'@PHShriver @BenRothenberg @NCR_Tennis Can?t wait for next year when hopefully have fans and you are talking to the? https://t.co/6eQ73ZI3FM',Central African Republic,1304246184605704194
wenderst,b'@rebeccastaab1 Love seeing our beautiful city through your eyes.',Central African Republic,1304197850436304896
14_paulinaa,b'RT @smortegga: I?d get a BBL',Central African Republic,1304192312335953920
smortegga,b'@14_paulinaa I know lol',Central African Republic,1304150761270464512
smortegga,b'@14_paulinaa like all of a sudden',Central African Republic,1304130104805584896
smortegga,b'@__vlondrv you?re welcome!?',Central African Republic,1304127647765520384
smortegga,b'I?d get a BBL https://t.co/8NDHx1gHOP',Central African Republic,1304127549895634944
uwugyeul,b'@ELASTofficial wonhyuk i miss you please post something',Central African Republic,1304031423247060995
aiensofiea_,b'So pretty!!???? https://t.co/IrTmbxax8N',Central African Republic,1303966898724335617
smortegga,"b'took a next step in my chapter, and I?m so happy and excited and nervous'",Central African Republic,1303925517125476354
jjunanaa7,b'@kecapbotolan Bukan Thailand heyy?',Central African Republic,1303888475511336960
uwugyeul,b'@8Lojy Happy birthday have a great day stay happy and healthy?????????????????????',Central African Republic,1303864777161289730
uwugyeul,b'@rwereung Happy birthday sweetie i hope you have a wonderful day stay happy and healthy i love you??????????????',Central African Republic,1303840645967220743
wenderst,b'@WilliamdeVry1 Stay safe. We have been getting some of the smoke from the Washington fires here in Vancouver area',Central African Republic,1303833042243317761
wenderst,b'@JewdyGold @usopen She is the queen. Hubby knows not to disturb me when she is playing',Central African Republic,1303802069183131648
wenderst,b'@RenasArmy I get nervous when she plays like in the 1st set but always believe she can do it because she has many many times',Central African Republic,1303759682838749189
wenderst,b'@Chrishell7 Just tell him Janet from another planet shoved you down a well',Central African Republic,1303731254261460994
smortegga,b'I need new music',Central African Republic,1303730073623621632
