user,text,country,id
davxos,b'RT @perinazzzo: dark....',Paraguay,1306715020441669634
EOliveira47,b'RT @perinazzzo: dark....',Paraguay,1306715009947443200
biiaa666,b'RT @perinazzzo: dark....',Paraguay,1306714912312483846
aloharielcrvg_,b'RT @perinazzzo: dark....',Paraguay,1306714591330791425
aapocalice,b'RT @perinazzzo: dark....',Paraguay,1306714365559799809
diegouais,b'RT @perinazzzo: dark....',Paraguay,1306714350502187008
mikagfbp,b'RT @perinazzzo: dark....',Paraguay,1306714225285500937
GardiniVitoria,b'RT @perinazzzo: dark....',Paraguay,1306714217396002817
_smbdouthere,b'RT @perinazzzo: dark....',Paraguay,1306714143769198592
natalia_rsss,b'RT @perinazzzo: dark....',Paraguay,1306714137741975553
ingriddalaviia,b'RT @perinazzzo: dark....',Paraguay,1306713965326729218
xclaupl,b'RT @perinazzzo: dark....',Paraguay,1306713940311838723
Izabella2480,b'RT @perinazzzo: dark....',Paraguay,1306713931059286016
Isabelapiiment,b'RT @perinazzzo: dark....',Paraguay,1306713745968820224
perinazzzo,b'dark.... https://t.co/FC4b6FuuK8',Paraguay,1306713530327064577
Biano_Baiano,b'vaitomanocu among us',Paraguay,1306712678874972160
jaquegtorres,b'a @kau253  quebrou a tv mds kkkkkkkkkkkkk mt burra',Paraguay,1306689652930338816
adanunhez_,b'FAIL https://t.co/ckLhkUlTgo',Paraguay,1306684127312252934
joeliassss,b'@LDRdailybr old money',Paraguay,1306678279206776839
JFroeder,"b""A New View of Jupiter's Storms via NASA https://t.co/sYb3pqlGrr https://t.co/Ri0rfbJwm4""",Paraguay,1306675164374085633
Caosffeine_,b'i hate myself',Paraguay,1306670395219750923
MarceloLovera,b'Is not a good deal if you don?t need it.',Paraguay,1306668134552797184
anngsandoval,b'@JasminPedra_ reaaal ??',Paraguay,1306660192705228805
nay_duarteg,b'@Isadoragbianchi vou te mandar no whats',Paraguay,1306652734104403970
mariamnaraa,b'@Angonzii sodadis https://t.co/hc6gDWIpRu',Paraguay,1306651625994543106
gwbrxrl,b'@jentlehomes when I say weak ass you say bitch https://t.co/raoSE8zuAe',Paraguay,1306649087027093507
gwbrxrl,b'@joochsn o synthwave perfection  https://t.co/PJcqqN6TaC',Paraguay,1306645956692246529
luismiguellope3,b'RT @MelissaDvalos1: I need medialunas',Paraguay,1306636598440800261
TerionEx,b'@Enzo_coque @MinhaEnormeROLA @tuehmano Survive',Paraguay,1306636345452965891
Cynthia98762150,b'@Cristhel_Diiana Obvioooo',Paraguay,1306622967988645888
Derlis_Niiz,b'GENTE AME #Betty https://t.co/L5JkoJXT4L',Paraguay,1306622142121996289
yuukidesu9,"b'@Xbox Aw, man. Orchestrated music matches it sooooooo well.\nThis is beautiful. &lt;3'",Paraguay,1306620846925131781
MelissaDvalos1,b'I need medialunas',Paraguay,1306618837123633153
Cynthia98762150,b'@MJaracol Melly mmmmmm!',Paraguay,1306615882907615235
MelissaDvalos1,b'@Zhhely Mood https://t.co/b9PKOZPJ32',Paraguay,1306607038353604614
MelissaDvalos1,b'@raiisanchezzz Yes bby ? love you ??',Paraguay,1306606819733909509
yuukidesu9,"b""@catoxcloud It's coming OwO\nThe   s p o o p y   t i m e""",Paraguay,1306604443106975744
yuukidesu9,b'@dogwithchoker Uhhhhhhhhhh ok https://t.co/aucYvOhMOy',Paraguay,1306602640047046663
mariamnaraa,b'do you believe in life after love?',Paraguay,1306595804308676612
fabia_figueredo,b'Jade west se caso',Paraguay,1306588895291662336
hhgarcia2,b'@ArthurSilvans 12 KKKK SCR',Paraguay,1306579633559801857
gabreudiass,b'Hj eu to so o jimmy butler ao som d a thousand miles',Paraguay,1306571147010600962
nachosama05,b'@Sugarpapi43 @GTABase @RockstarGames @ned_luke @Shawn_Fonteno @StevenOgg How and why?',Paraguay,1306559904786849792
IngridRolon6,b'@Dayaluuuu @majoocampo_ Solo si es Anne With',Paraguay,1306512071471894528
DiegoFleitas_,b'Facts https://t.co/5G1jleqQSS',Paraguay,1306491954662866945
yurii79v,b'RT @JFroeder: Gravel Ejected from Asteroid Bennu      #space #nasa https://t.co/E9AF1CWKvY',Paraguay,1306475906945429506
yurii79v,b'RT @JFroeder: Biomarker Phosphine Discovered in the Atmosphere of Venus       #space #nasa https://t.co/QIwdMiuzTq',Paraguay,1306475897202016256
Mathiacosta__,b'You are mineeeeee?',Paraguay,1306475041505378305
Mathiacosta__,b'Android: F5 https://t.co/8ZyP00zByz',Paraguay,1306456410071470082
Derlis_Niiz,b'Agroboy&amp;lavragirl',Paraguay,1306453744314351616
hhgarcia2,b'@newthallez Uuuuu lets',Paraguay,1306452229679976448
JFroeder,b'Solar Cycle 25 Begins #space #nasa https://t.co/wRdJnWlRP1',Paraguay,1306452128714588160
MerquizemiraM,b'@JasmineKardde35 @ZaniniHelen identical to my Dudley',Paraguay,1306446889022304256
poder_azull,b'@oral_isa_ Agree',Paraguay,1306440118513872896
camisjzv,b'@LarissaRoln2 block',Paraguay,1306436903886090242
isa_belabello,b'mds to viciada em fall guys',Paraguay,1306425202969108481
fernandaleao__,"b'where are you, Johnn? ??'",Paraguay,1306421378539814912
liia_fernandees,b'@Tani_paranderi Obviooo mmmm ??',Paraguay,1306420563339096064
MarceloLovera,b'Remember how you spent the best part of forever in a state of pure disease?\nIt was another thing altogether to forg? https://t.co/xCVrGrWr2j',Paraguay,1306419322663960577
dudaSchickling,"b""All you ladies pop your pussy like this\nShake your body, don't stop, don't miss\nAll you ladies pop your pussy like? https://t.co/FPlBCMVuPS""",Paraguay,1306417799900934144
Aniigiimnz,b'@MonicaMorel16 A ver ?',Paraguay,1306409532986454016
PaulaPortes_,"b'Girl, put your records on\nTell me your favorite song\nYou go ahead, let your hair down\nSapphire and faded jeans\nI ho? https://t.co/a7TJ1dPeol'",Paraguay,1306402030328647680
jaum_victor12,b'GOOOOOOOOOL PORRAAA OTERO I LOVE YOU',Paraguay,1306394742775783424
Josilen22385403,b'@AndreJanonesAdv @RodrigoMaia Manter 600',Paraguay,1306394539192651776
flores_lucca,"b""@sir_nikz1725 I'm good sir Nic, how was your night?""",Paraguay,1306386396609949696
Pofirk,b'@Amanda_mairins @escolanosense KKKKKKKKKKKKKKKKKKKKKKK open the tcheca ????????',Paraguay,1306382387073421312
JuliaMec1,b'RT @perinazzzo: mood https://t.co/UJyQYkcdJ5',Paraguay,1306381417132195841
leivisfilho_,b'@roberialimaa Kkkkkkkk Sorry friend',Paraguay,1306377559916118023
igor_zorrilha,b'@Chely_Alvarenga wenoooo',Paraguay,1306377314339557376
princessu0410,b'Comi dms mds',Paraguay,1306377055282638851
princessu0410,b'@arrobavogel Puts',Paraguay,1306367941542383616
Threadsannimas6,b'RT @perinazzzo: sweater weather https://t.co/yVWRIAyKWA',Paraguay,1306365583374639105
dandarasamira4,b'@xLinniu KKKKKKKKKKKKKKnum guento',Paraguay,1306352647763570689
camiduaarte,b'To mortaaaaaa',Paraguay,1306350672598663169
Caio_Emmanuel7,b'To mal',Paraguay,1306342997013954561
NicolasM0tta,b'OH SHIT https://t.co/SHT0ne3z3l',Paraguay,1306342136351203328
_CatLopes,b'Chatooooo',Paraguay,1306328995298934784
luscalcc,b'love is in the air ??',Paraguay,1306327334207848450
EnzoRafaelSali2,b'@Patttff Depende qual COD?',Paraguay,1306321282829619200
JFroeder,"b'NASA Image Shows Fires, Hurricanes Across the U.S. via NASA https://t.co/z9o5Tsm8RC https://t.co/vdqvaFtfF6'",Paraguay,1306312770107977728
MarianaSoaresx,b'JKKKKKKK SOCORRO https://t.co/dZlfmGuadT',Paraguay,1306311602032041985
weki_,b'Dale like\n#??????????',Paraguay,1306307065258946573
camisjzv,b'@gabbca11 me ases felis',Paraguay,1306282177970294788
FerrazDominick,b'RT @biagonzalesz: Real oficial',Paraguay,1306281582030974982
biagonzalesz,b'Real oficial https://t.co/NVeG17YQZL',Paraguay,1306280497396559874
FrancielyJazmin,b'@adanunhez_ q gay',Paraguay,1306250167063109633
izukoffee,b'OMEGALOL KKKKKKKKKKKK https://t.co/xltBWxbxph',Paraguay,1306246538470076417
fabia_figueredo,b'En breve',Paraguay,1306234110411771907
gwbrxrl,b'@imJCAlcantara me too! perfume queens https://t.co/JqCO8AhnZH',Paraguay,1306215327697694721
EdinhoMontiel,b'@lekinho762 @lv4i18 Hey bitch chama nos',Paraguay,1306212943701381120
gabibaalbinot,b'Q FOME',Paraguay,1306206621325053958
izukoffee,b'Far away ???',Paraguay,1306195331030360064
danielezaura,b'Are you related or distantly related to anyone famous? ? N?o  https://t.co/K2bKeTQEYO',Paraguay,1306190585888419841
danielezaura,b'Are you related or distantly related to anyone famous? ? N?o  https://t.co/K2bKeTQEYO',Paraguay,1306190557073608704
princessu0410,b'@giogodoy_ Amu dms',Paraguay,1306186793121873920
Mathiacosta__,"b'Maaano hoy ya hice mi dia, thanks good for the goods moments?'",Paraguay,1306115240204083200
Alejandravq1,b'RT @mariamnaraa: me ases felis',Paraguay,1306105430993666048
JFroeder,b'Gravel Ejected from Asteroid Bennu      #space #nasa https://t.co/E9AF1CWKvY',Paraguay,1306104849667420160
geovanap1306,"b'""Dois Boy lixo. ""\n\n#AFazenda12'",Paraguay,1306096465215926273
hhgarcia2,b'@Eu_Leozinnho See u baby ?',Paraguay,1306096028039421952
