user,text,country,id
brizadominguezz,b'RT @yaaasminn__: idc I love flagstaff and can?t wait for it to snow',Tajikistan,1306725713404334080
yaaasminn__,b'ugh work is getting in the way of starting my harry potter marathon &gt;:(',Tajikistan,1306713733620592641
dlarez_08,b'RT @yaaasminn__: if you?ve ever witnessed me hitting a curb hard af no you didn?t??',Tajikistan,1306712847586439168
val_0705,b'RT @yaaasminn__: if you?ve ever witnessed me hitting a curb hard af no you didn?t??',Tajikistan,1306704333421965312
Nelva_V,b'RT @yaaasminn__: if you?ve ever witnessed me hitting a curb hard af no you didn?t??',Tajikistan,1306700650672058369
yaaasminn__,b'his little smile ? ugh someone put a baby in me now https://t.co/gRMo4LPA5o',Tajikistan,1306700094478008321
GhuddyV,b'@davido @Kentroot5 Get out idiot you too fresh!!',Tajikistan,1306697752290701312
lpseven_,b'@hayheiii We expect a live try-on review',Tajikistan,1306695752974917632
lpseven_,b'@miguel_cortez28 What?s wrong with a garage sale sir',Tajikistan,1306684926893330432
yaaasminn__,b'also can?t wait till my friends decide to love me and pull up',Tajikistan,1306684074426130432
barbaraaaramoss,b'RT @yaaasminn__: idc I love flagstaff and can?t wait for it to snow',Tajikistan,1306683916690972672
lpseven_,b'I?m very sensitive when it comes to people I love and care about... anyone else I truly do not give a fuck about wh? https://t.co/gQ5QXX2It4',Tajikistan,1306683527874846720
AlanaFig,b'RT @yaaasminn__: if you?ve ever witnessed me hitting a curb hard af no you didn?t??',Tajikistan,1306678829801324546
yaaasminn__,b'if you?ve ever witnessed me hitting a curb hard af no you didn?t??',Tajikistan,1306674086609711104
Itsjohndude_,b'RT @yaaasminn__: idc I love flagstaff and can?t wait for it to snow',Tajikistan,1306671152681558016
yaaasminn__,b'idc I love flagstaff and can?t wait for it to snow',Tajikistan,1306670661486608384
yaaasminn__,b'RT @barbaraaaramoss: everything changed the moment I realized I deserve so much better',Tajikistan,1306670242483978240
danielaisneat,b'does everyone else have to scream a little after they hang up from a zoom call?????',Tajikistan,1306661480507387904
barbaraaaramoss,b'ya?ll have NO idea how excited I am to announce what products I will be selling in terms of my small business!!!',Tajikistan,1306660644448395264
lpseven_,b'GUYS.... I fucking BOMBED this exam...... GOD IS SO FUCKING GOOD ???????????????????? https://t.co/g3nLDmfcnd',Tajikistan,1306653786337718272
barbaraaaramoss,b'everything changed the moment I realized I deserve so much better',Tajikistan,1306649244258824193
Berenicburquez,b'RT @yaaasminn__: psychology student so i?ll get in your head before i give you head',Tajikistan,1306620893645271040
stephpenaa,b'RT @yaaasminn__: psychology student so i?ll get in your head before i give you head',Tajikistan,1306619551115747328
barchiesafter,b'RT @callanotherhoe: no. i watch criminal minds. https://t.co/WvSLeEWbme',Tajikistan,1306619007202660358
gretaliese,"b'i don?t know who needs to hear this but, everything is going to be alright. it might not seem that way rn, but it will improve soon ?'",Tajikistan,1306618747390554113
teyaamari,b'i kennat',Tajikistan,1306502678722224131
joheny_burruel,b'RT @yaaasminn__: psychology student so i?ll get in your head before i give you head',Tajikistan,1306501430212136961
yaaasminn__,b'I deadass thought that was dr phil smoking with david dobrik....',Tajikistan,1306499381286248448
_DianaCFlores_,"b'@RodriguezReya Yeah, okay! I have pictures of us when we were younger &amp; you were so cute compared to me ?? glasses? https://t.co/H9CV5cEkn3'",Tajikistan,1306486365652099072
_DianaCFlores_,b'@RodriguezReya Shut up! You were never ugly!',Tajikistan,1306483473553616896
kenaiiiiiii,b'RT @callanotherhoe: no. i watch criminal minds.',Tajikistan,1306477547719258112
danielaisneat,b'LOL 4 movies i like more than any1 i know https://t.co/MUP5sloz5K https://t.co/Ko3ic3kslD',Tajikistan,1306474851616448512
yaaasminn__,b'should that be my bio',Tajikistan,1306472904570187780
ltteeee,b'@mareerosee THANK U B ILY ?',Tajikistan,1306472113188954113
yaaasminn__,b'psychology student so i?ll get in your head before i give you head',Tajikistan,1306471214286692357
ltteeee,b'I would have such an amazing body if I gave up fast food ?',Tajikistan,1306467088781828096
teyaamari,b'ampanes ni jimwell ah HAHAHA',Tajikistan,1306458399123496960
barbaraaaramoss,b'after the week I?ve had my therapist better prepare herself',Tajikistan,1306449358678757376
teyaamari,b'pass',Tajikistan,1306448503195877376
lpseven_,"b'@seeyuhleah When my mom gets a wrong order, usually from McDonald?s, she calls to speak to a manager and says like? https://t.co/j3168Iw1d1'",Tajikistan,1306443292381384704
khaelanicolee,b'not me doordashing with my dominos uniform on ?',Tajikistan,1306442155720753152
Harnish__301051,b'RT @NikulZapdiya: #National_Unemployment_Day\nHappy birthday sir\nGod bless you\n#????_???????_???? \n#JusticeFor_BSc_AgriBiotech_Student',Tajikistan,1306437986519642113
MariaanOlguin,b'RT @yaaasminn__: ugly on the inside and outside.....',Tajikistan,1306433879666954241
teyaamari,b'11:11 happiness',Tajikistan,1306430543425277954
BriannaMmendoza,b'RT @barbaraaaramoss: NOTHING makes me happier than a good ass gym sesh',Tajikistan,1306430266613747712
lpseven_,b'@trevor_norris0 I literally use a decent selfie I took in my living room they?re a little more lenient these days!? https://t.co/GmSFnj9vz5',Tajikistan,1306429576566906881
lpseven_,b'@trevor_norris0 Me neither LMAO but got a lot of connections ??? ya know I even reached out to a bunch of old teach? https://t.co/eML7FNIcBB',Tajikistan,1306429028094504960
lpseven_,"b'@trevor_norris0 Yup, better get well connected on LinkedIn'",Tajikistan,1306427346463776770
ylndsoto,b'RT @yaaasminn__: mine and yola?s husbands better be ready to carry us out of brunch after bottomless mimosas....',Tajikistan,1306425723272400896
yaaasminn__,b'mine and yola?s husbands better be ready to carry us out of brunch after bottomless mimosas....',Tajikistan,1306425333613129728
ariannaavocado,b'RT @ltteeee: OKAY now that you gassed me up I guess I?ll post hehe ?? https://t.co/A5el9sttwA',Tajikistan,1306421892501258240
lindsaycfulton,b'RT @callanotherhoe: no. i watch criminal minds.',Tajikistan,1306421171626356737
teyaamari,b'sleep.',Tajikistan,1306417745500618754
BADKALEEL,b'RT @callanotherhoe: no. i watch criminal minds.',Tajikistan,1306415322371682304
jordinmackenzie,b'It?s official graduating in November ?',Tajikistan,1306414945156775936
itsmayanell_,b'RT @callanotherhoe: no. i watch criminal minds.',Tajikistan,1306414748901224448
trinuugh_,b'RT @_lopezmaureen: happy birthday 3namay ? @trinuugh_',Tajikistan,1306409785101754368
yaaasminn__,b'@Nelva_V wow does he even luv u',Tajikistan,1306397640607719424
NikulZapdiya,b'#National_Unemployment_Day\nHappy birthday sir\nGod bless you\n#????_???????_???? \n#JusticeFor_BSc_AgriBiotech_Student',Tajikistan,1306393763477037057
Abhinav17149842,b'RT @NikulZapdiya: #?????????_?????????_????\nGood morning',Tajikistan,1306392956660711425
NikulZapdiya,b'#?????????_?????????_????\nGood morning',Tajikistan,1306391341752938496
_lopezmaureen,b'happy birthday 3namay ? @trinuugh_',Tajikistan,1306390420906074112
_zzxoxo,b'RT @ltteeee: OKAY now that you gassed me up I guess I?ll post hehe ?? https://t.co/A5el9sttwA',Tajikistan,1306386705839054848
ltteeee,b'@maarina47 Omg ily ty ???',Tajikistan,1306377679860412416
V24Weezy,b'RT @ltteeee: OKAY now that you gassed me up I guess I?ll post hehe ?? https://t.co/A5el9sttwA',Tajikistan,1306377651804798976
malorytst,b'RT @callanotherhoe: no. i watch criminal minds.',Tajikistan,1306377276766920705
MarcoReyRojas,b'RT @ltteeee: OKAY now that you gassed me up I guess I?ll post hehe ?? https://t.co/A5el9sttwA',Tajikistan,1306377040078270470
dxthcvp,b'RT @ltteeee: OKAY now that you gassed me up I guess I?ll post hehe ?? https://t.co/A5el9sttwA',Tajikistan,1306376918057406464
aaron_cox99,b'RT @ltteeee: OKAY now that you gassed me up I guess I?ll post hehe ?? https://t.co/A5el9sttwA',Tajikistan,1306376677363122176
maarina47,b'RT @ltteeee: OKAY now that you gassed me up I guess I?ll post hehe ?? https://t.co/A5el9sttwA',Tajikistan,1306376489739452419
ltteeee,b'OKAY now that you gassed me up I guess I?ll post hehe ?? https://t.co/4UXfmUDsa3 https://t.co/A5el9sttwA',Tajikistan,1306375780771921920
PARMARHITESH22,b'RT @NikulZapdiya: #Reall_media \n#Real_journalist @iNareshGadhavi\nVoice of public \nhttps://t.co/WpXguTVHre',Tajikistan,1306373799202312194
margot_is_akaf,b'RT @callanotherhoe: no. i watch criminal minds.',Tajikistan,1306370111914164224
charmaeausty,b'RT @callanotherhoe: no. i watch criminal minds.',Tajikistan,1306369635365789698
barbaraaaramoss,b'NOTHING makes me happier than a good ass gym sesh',Tajikistan,1306369242963390464
teyaamari,b'i need somebody who can love me at my worst.',Tajikistan,1306367480961445889
teyaamari,b'Happy 18th birthday Ms. Secretary!??@airaemyll1 https://t.co/OOn9PqVwHi',Tajikistan,1306366694672064512
JayRyKK,b'RT @callanotherhoe: no. i watch criminal minds. https://t.co/WvSLeEWbme',Tajikistan,1306358386594918401
harriet_welch_,b'RT @callanotherhoe: no. i watch criminal minds.',Tajikistan,1306351879840989186
Erika_Andrade76,b'RT @strawbrryjo: i can?t wait to go back to the winter version of me. i miss her',Tajikistan,1306338129784131584
yaaasminn__,b'@DamnitCantu they give hot dog water vibes',Tajikistan,1306336125930283008
yaaasminn__,b'ugly on the inside and outside..... https://t.co/J4NnMMAGoi',Tajikistan,1306323100397576193
beach_loveee,b'graduation is canceled I?m so fkin sad...',Tajikistan,1306321916752404480
lpseven_,b'One day.. one day they will put in the garbage bag correctly',Tajikistan,1306314086162939904
breebree_mary,b'RT @callanotherhoe: no. i watch criminal minds.',Tajikistan,1306312026717745153
strawbrryjo,b'i woke up wanting to annoy someone. who can i bug',Tajikistan,1306307881818439681
SkylarStarr15,b'RT @callanotherhoe: no. i watch criminal minds.',Tajikistan,1306305709915553792
strawbrryjo,b'thinking about those guys that said da vinKi????! ?',Tajikistan,1306304445265788928
jennabean301,b'RT @madiistackk: giving beaver creek a 10/10 for a great hike\n\nbut 0/10 for seeing any beavers https://t.co/k2ScJilSV3',Tajikistan,1306299469915283457
JaspalsinhB,b'RT @NikulZapdiya: #Reall_media \n#Real_journalist @iNareshGadhavi\nVoice of public \nhttps://t.co/WpXguTVHre',Tajikistan,1306298907509448705
kaylyneasterly,b'RT @callanotherhoe: no. i watch criminal minds. https://t.co/WvSLeEWbme',Tajikistan,1306289101046337536
Pa88963813Kiran,b'RT @NikulZapdiya: #Real_media \n#Real_journalist @iNareshGadhavi\nVoice of public \nJoin with him OnYouTube \nhttps://t.co/WpXguTVHre\n\n@BHAVYA_?',Tajikistan,1306281340917018629
HareshGabu1,b'RT @NikulZapdiya: #Reall_media \n#Real_journalist @iNareshGadhavi\nVoice of public \nhttps://t.co/WpXguTVHre',Tajikistan,1306274866258038785
madeline_snyder,"b'Governor Newsom: End the unjust &amp; dangerous incarceration of Keiana, a child sex trafficking survivor - Sign the Pe? https://t.co/J5jkypuR8u'",Tajikistan,1306274393937440768
KrishnaRajput86,b'RT @NikulZapdiya: #Real_media \n#Real_journalist @iNareshGadhavi\nVoice of public \nJoin with him OnYouTube \nhttps://t.co/WpXguTVHre\n\n@BHAVYA_?',Tajikistan,1306261428790349828
NikulZapdiya,b'RT @NikulZapdiya: #Reall_media \n#Real_journalist @iNareshGadhavi\nVoice of public \nhttps://t.co/WpXguTVHre',Tajikistan,1306260666907418625
NikulZapdiya,b'RT @NikulZapdiya: #Real_media \n#Real_journalist @iNareshGadhavi\nVoice of public \nJoin with him OnYouTube \nhttps://t.co/WpXguTVHre\n\n@BHAVYA_?',Tajikistan,1306260535919345665
NikulZapdiya,b'@iNareshGadhavi Mwc \nKeeps it up.\nGod bless you ??',Tajikistan,1306260240262811648
iNareshGadhavi,b'RT @NikulZapdiya: #Real_media \n#Real_journalist @iNareshGadhavi\nVoice of public \nJoin with him OnYouTube \nhttps://t.co/WpXguTVHre\n\n@BHAVYA_?',Tajikistan,1306260198638653440
iNareshGadhavi,b'RT @NikulZapdiya: #Reall_media \n#Real_journalist @iNareshGadhavi\nVoice of public \nhttps://t.co/WpXguTVHre',Tajikistan,1306259905058410497
