user,text,country,id
_shiddeyyy,b'finally done pota ?',Guatemala,1306703746185834496
_raptorNSFW,"b'@DorklyAndy Congratulations, buddy!\nAnd thank you for the chance https://t.co/R3uOjeZCSO'",Guatemala,1306703675709161473
mariabelem08,b'Really? ???? https://t.co/yF0hwMsNLd',Guatemala,1306703397068906504
AGNochez,"b'@TrustSwap @JeffKirdeikis I was only able to get in on the 100 UNI one, but it totally worked! free SWAP! https://t.co/XpzT4NJoxI'",Guatemala,1306703284405706767
acristinambm,b'Give me a shot at the night? https://t.co/fTzKa98uza',Guatemala,1306703277027979270
AvesGuate,"b'PARDELA PATAS ROSADAS, Ardenna creatopus, Pink-footed Shearwater https://t.co/aGx2uIEWNj #AvesGuate https://t.co/xZ9ntBzsBc'",Guatemala,1306703276344332289
lnlsbth,b'bro i get so mad guatemalans in chicago don?t go as hard as mexicans do for independence day ?',Guatemala,1306703222933991424
Paper_Mask,"b""Honestly I'm not that interested...to be fair i'm not that interesting either""",Guatemala,1306703041274548224
_adrianurbina_,b'Four movies you?re pretty sure you like more than anyone else you know https://t.co/Y3xoqK60du https://t.co/14fWTpetI7',Guatemala,1306702972928380935
DrMarcoPaez,b'@EricTopol @speedbumpcomic Not one mask in sight!',Guatemala,1306702951466053634
AlvaroMeono,"b'Look at the stars, look how they shine for you and everything you do.'",Guatemala,1306702943916371968
PrettySheshe,b'Lool https://t.co/mZk12PPEei',Guatemala,1306702913620914176
svmycute,b'@AngieVelasco08 same',Guatemala,1306702750709886977
victor_sergio,"b'@Uber_Support I used the Uber app 30 minutes ago, I paid the ride, i reached my destination, but the ride is not fi? https://t.co/WAVanxrqkj'",Guatemala,1306702710775992320
daniicarreraa,b'what is this honey... https://t.co/rnXabIEKBo',Guatemala,1306702679289278464
Afi_69,"b""@MTG_Arena Client it's back!! Thanks 4 the hard work!! =)""",Guatemala,1306702659437629441
Joisaack,b'My first animation in Krita\n#animation #animatic #krita #art https://t.co/jX0NyKunUu',Guatemala,1306702574482075648
lumagavi,b'Gotta love Draper https://t.co/L2KYBDKrAK',Guatemala,1306702518475464704
mysignisegrass,"b'Yes, I want attention but I want YOUR attention.'",Guatemala,1306702486279839744
dlobregon,b'@erick_aldi Something like that??',Guatemala,1306702460455718917
ARosmundo,b'@dmarcereyese Credits nt',Guatemala,1306702287277088772
unakoaladice,b'the sky seems to be sobbing today... is it bc of you?',Guatemala,1306702230905655297
TaTox_007,"b'@iamfrench Congratulations!!! You?re going to be great parents, that?s for sure! May God bless your family ??'",Guatemala,1306702192431300610
SarahGtwts,"b""@el_antropoceno What in the hell? How does anyone send an email like that and think it's okay? What terrible practi? https://t.co/xnhzu9lXzz""",Guatemala,1306702094611681280
trapdelivery,b'baby estella is beautiful and healthy :)',Guatemala,1306702038064140289
gaboquiroa_,b'Lady Gaga - 911 https://t.co/RQsKt90opW #911iscoming',Guatemala,1306701683142033408
roberwon,b'@drewzecena Laundry service',Guatemala,1306701582185181187
MarizzaCat,b'@joelssocute s0Y CieNciuOunEr',Guatemala,1306701552892157953
GLiolf,b'@KrisWolf_20 You tell me you eat pasta!!! Whats is this!',Guatemala,1306701506385715205
piafleming,b'@AnikaJop Did we ask',Guatemala,1306701433534849024
Paper_Mask,"b'Someone told me ""transparent"" was too big of a word, that ""see through"" is a much common concept. Now I realize peo? https://t.co/qD28rKUZQr'",Guatemala,1306701433119682566
GLiolf,b'@KrisWolf_20 Hahahaha you are such a techno-baker',Guatemala,1306701384851615746
itz_janair,b'Them till slap https://t.co/n7Gx1CHofF',Guatemala,1306701368934137857
ebochegt,b'@estebanbiba @YahooDeportes Genial!',Guatemala,1306701346993831941
gagainbabylon,b'RT @madmafs_: 911 SHORT FILM OUT TOMORROW ???????????? #911iscoming https://t.co/XAFfZFY5O8',Guatemala,1306701324537532417
SnoopDri,b'Oops',Guatemala,1306701047138836480
eagc7,"b'@lh_alejo We will get D+ on Nov 17, so if Black Widow remains on track for late 2020 but as a D+ release, then we w? https://t.co/xjUGlkduFR'",Guatemala,1306700971075141633
DrPattata,b'Suenan The Rolling Stones!',Guatemala,1306700938493808641
xanderall,"b'@DOB_INC ?While I go fetch the social media information: Soren, you were about to tell me how much a piece of shit? https://t.co/WAb2UksJep'",Guatemala,1306700925109710848
blackcatmimmi3,b'@LMFireSystems1 SAMHSA?s National Helpline ??1-800-662-HELP (4357)',Guatemala,1306700841995268096
MonieLovesJin,"b'@esquirekr ShowNu, how do you visualiza yourself in 10 years? Will you keep singing for Monbebebe, tell me that you will, please. ??'",Guatemala,1306700828967931905
CromaticoDSMH,b'@prismisbetter Thank u bestie ?',Guatemala,1306700826862387200
kath_jyholic,b'@petapixel Sad it only allows it for US students',Guatemala,1306700799725260800
madmafs_,b'911 SHORT FILM OUT TOMORROW ???????????? #911iscoming https://t.co/XAFfZFY5O8',Guatemala,1306700749716566017
ImAndy28_,b'there?s a lot of healing in the midst of sorrow :)',Guatemala,1306700651599204352
himbohh,b'RT @Andres_Arriaza: removing myself from the narrative and starting a 80+ hrs JRPG',Guatemala,1306700636000583681
blackcatmimmi3,b'@LMFireSystems1 You have kids? Shit wack job has little ones...',Guatemala,1306700612545912834
thegr8ashley,b'Godspeed de James Blake es otra cosa... no words can describe',Guatemala,1306700599933759489
Soy_Sense,"b'@OriginalFunko We need a new wave for Game of Thrones ten years, including Jaime Lannister and The Hound, Please !!? https://t.co/hPohrLY5gm'",Guatemala,1306700570242289664
madmafs_,b'@ladygaga OMG WHAT #911iscoming',Guatemala,1306700541150593025
MonieLovesJin,"b'@esquirekr NuNu, Have you ever felt nervous before making a presentation? And if so, how do you control them? You a? https://t.co/Kclg0toU48'",Guatemala,1306700509009543171
tocinooh,b'Fuck! ?? https://t.co/AhQTH36bJn',Guatemala,1306700452776611840
SarahGtwts,b'@SultanReina Just sent you a little bit. I wish it could be more...ive also been there (will never pay off the almo? https://t.co/u4LhWfIMcy',Guatemala,1306700452050935809
psikahall,b'@Miguel_gt Accurate',Guatemala,1306700377472016384
EM_Guate,b'@Pa0litalinda Ups ? me cachaste Pao?',Guatemala,1306700275370131456
CromaticoDSMH,b'We people was like aaaaa https://t.co/AG5jnKmt5J',Guatemala,1306700189835591684
HipY_BHoo,b'Support HippyBhoo https://t.co/mcrz2ko7Dv',Guatemala,1306700116695416832
LatinosinGaming,"b""RT @GameDevGT: @LatinosinGaming @alhvi Hello, we're a community for Guatemalan Game Devs. If you're Chapin and interested in making games,?""",Guatemala,1306700066896244736
MonieLovesJin,"b'@esquirekr ShowNu, what song would you recommend to Monbeb? to relax after a long day? I love you so much. ??'",Guatemala,1306699877766832133
madmafs_,b'i?ll cry about it later',Guatemala,1306699851464351745
y2krys,b'I don?t fuck with people that think like this. https://t.co/yzzPrpX7JN',Guatemala,1306699771252531200
thegr8ashley,b'barefoot in the park',Guatemala,1306699738239184896
biznizofHAD,b'Bethlehem you got this outfit? https://t.co/D3y3ZmIjKh',Guatemala,1306699447234068482
Ken_Deviant,b'@ShizzyBoom268 Truly and really',Guatemala,1306699366158270465
MonieLovesJin,"b""@esquirekr ShowNu, how does it feel to know that you're the best leader in the world? Just a fact. ??""",Guatemala,1306699354875588611
svmycute,b'@AngieVelasco08 angie',Guatemala,1306699228501225475
MonieLovesJin,"b'@esquirekr ShowNu, what do you do to lift your spirits after such an exhausting day? ??'",Guatemala,1306699218627821569
VilmaVillatoro7,b'@JeffStallone_ No es tan smart phone entonces ???',Guatemala,1306699106371407872
gaboquiroa_,b'Covidraga',Guatemala,1306699030555250688
Giselle00549702,b'RT @Sokimin_ell: ENTONCES KTH1 IS COMING AAAAA\n@BTS_twt',Guatemala,1306699015061417984
marturh,b'@pepsol Andas on fire...',Guatemala,1306698990860357634
g_rogers1918,b'Majestical! Beautiful! https://t.co/P8QMt1VMys',Guatemala,1306698895808962566
MonieLovesJin,"b""@esquirekr ShowNu, Have you been in the University or are you in right know? We have a professional bear if you've already graduate! ??""",Guatemala,1306698878788472833
RomynaLLV,b'Go Master Sooo?????? https://t.co/YlIP0Bkc1t',Guatemala,1306698827546742785
GameDevGT,"b""@LatinosinGaming @alhvi Hello, we're a community for Guatemalan Game Devs. If you're Chapin and interested in makin? https://t.co/7b0x8LF0nK""",Guatemala,1306698824359043072
ChapinasdeLali,b'@voguelali Always?? https://t.co/aCU1tYV4tz',Guatemala,1306698789856702467
Sokimin_ell,b'ENTONCES KTH1 IS COMING AAAAA\n@BTS_twt',Guatemala,1306698788384444420
fjsosah,"b""I've read @willkurt past two books so I know this one will be great as well. Can't wait to port it to Julia! https://t.co/0SYwGkV6ov""",Guatemala,1306698658184925184
Melvin_Estuard,b'Doble moral https://t.co/H6ODyGZANl',Guatemala,1306698475170656257
andre_milian19,b'@valerecinosv Full.',Guatemala,1306698468962992128
MonieLovesJin,"b""@esquirekr ShowNu, How did you hide your food while you were in classes? I'd like to know your super-secret techniques. ??""",Guatemala,1306698392953925634
ashleyruizv,"b'@dianakendj @jimenaluna_ @LabiasMorales @mariobautista_ Si llegamos a 2M, jalas a follow spree?? @mariobautista_'",Guatemala,1306698179149271043
milyag,b'@acciondletras Dame pizza',Guatemala,1306698162523041801
MonieLovesJin,"b'@esquirekr NuNu, What good memory do you have that you made in this year? ??'",Guatemala,1306697976002293763
elZomberdrid_XD,b'@DbDMobile Ghotsface is my main beacuse sit on the table is stranger..?????',Guatemala,1306697833723179008
MonieLovesJin,"b'@esquirekr ShowNu, are you planning on performing a dance cover soon? Just thinking yes, I get too happy. ??'",Guatemala,1306697726999093249
2Demons_,"b'@DarrkIt @erectorange @Emiwoofz @EpixFish Oh, but I might be grill or a boi idk'",Guatemala,1306697509700399104
UKinGuatemala,b'Update to information on re-opening of international airport and testing and quarantine requirements for entry into? https://t.co/2IBzEWSLVL',Guatemala,1306697288279044096
MonieLovesJin,"b""@esquirekr NuNu, what's your favorite childhood memory? I'd like to know. ???""",Guatemala,1306697282985906179
tevezneck,"b""@n1k32342274 I'll look out for that mate""",Guatemala,1306697244264062982
djcrutches,"b'Them gyal just bex when you apologize and still explain why you were right like they weren?t suppose to be mad, ah? https://t.co/xJfHpHWToV'",Guatemala,1306697208931266566
tavo_dl,b'MARIO?????   WORLD ??   TIME\n002020? ??00??1-1 ???     139\n???????\n???????????\n                                  ?? https://t.co/rX8oEHLDJ5',Guatemala,1306697186177097729
MonieLovesJin,"b'@esquirekr Can we call you ""Baby Bear"" too or just your mother can? I would like to. ??'",Guatemala,1306697158217936898
SarahGtwts,b'Read. https://t.co/2ddbXzrKx3',Guatemala,1306697110641938433
sunnyanim3,"b""@_xinnie And it's okay if you say something back, sometimes you're annoyed and can't hold back. Just remember that? https://t.co/zwfjeC2oXt""",Guatemala,1306697081088888833
emilyyysan_,b'Terribleeeee',Guatemala,1306697033856815113
MonieLovesJin,"b""@esquirekr What's the first thing that comes to your mind when you think of Monbeb?? ??""",Guatemala,1306696902294016000
Sassamundo,"b'RT @aisy_mc: A lot of yall  "" friends"" don\'t actually like you.'",Guatemala,1306696820911939585
LouFlowerVol28,b'@machinegunkelly WHAT THAT FUCK',Guatemala,1306696793946808321
LesterPerezdem1,b'Poo Bear - Perdido ft. J. Balvin\nhttps://t.co/Q1YxNL0AfX https://t.co/AtXoJIQop2',Guatemala,1306696655312478208
