user,text,country,id
Andreavila83,b'Counting the days!',Ecuador,1306698910610710534
susanamjjs,"b'RT @Dieguio70833283: There will never be an artist like Michael Jackson, the world did not value him and he will live forever whether you a?'",Ecuador,1306697547596038147
ShruvRahul,"b'RT @Dieguio70833283: There will never be an artist like Michael Jackson, the world did not value him and he will live forever whether you a?'",Ecuador,1306697544869621760
jacobobuc10,b'@juancar357 Me excita !! ???',Ecuador,1306697343287341057
Miley_fluff,"b'RT @Dieguio70833283: There will never be an artist like Michael Jackson, the world did not value him and he will live forever whether you a?'",Ecuador,1306695855592878080
AndyLM81254916,b'RT @NicoleChiribog2: We got to the point of falling in love and now not knowing what to do with our feelings for fear of disappointment. ht?',Ecuador,1306695612956659714
PalaciosFran2,b'#911iscoming EMERGENCY POP 911 https://t.co/qibEBqzm4u',Ecuador,1306695068246515712
mujeresdelujo12,b'I for 0963170794 https://t.co/O5Qd2MUD1N',Ecuador,1306689402547195904
alisitavsl,b'@noonaniell Pleaseee yes????????',Ecuador,1306689100443942913
jbritodelgado,b'@oracion_milagro Amen',Ecuador,1306686097137827841
JuanoGuzman3000,b'@BrightInsight6 @ShackleShedder All credits to Dr. Andrew Kaufman. Please look him up. https://t.co/toxHzSW3af',Ecuador,1306685743427923968
izypinargotem,b'Take note? https://t.co/1usyPSzcaY',Ecuador,1306684671653224459
JuanoGuzman3000,"b'@BrightInsight6 @ShackleShedder Jimmy, please, I urge you to look up Dr Andrew Kaufman. The virus IS a hoax. The de? https://t.co/rAAVfCrZec'",Ecuador,1306684605722959872
Emmmmbaby,b'RT @NaomiZambrano13: But then you make me feel crazy\nYou make me feel like its my fault\nI was in pain',Ecuador,1306684579152048128
paoloalvaradom,b'@selgomezdata She needs to work with @jackantonoff ?',Ecuador,1306682627383078913
DaniloSaYo,b'@GodInEcuador Thanks God!!! ????',Ecuador,1306682228198584321
GABO_BOX,b'@OOCWesternR34 The concerning thing is the name of the page',Ecuador,1306681695068971010
walter_mera,b'One more https://t.co/V3MG0FNI8B',Ecuador,1306679243653472256
hernanslayer,b'Wait! https://t.co/hX8HRhS8Ah',Ecuador,1306679135188783105
chrisomar32,b'@FaderGamer3 @Kool_Kolors @JedsonAndra @BroGustavin @CoveiroLuis @dailsonbr @Sandrofera86 @Roberta_Mseixas? https://t.co/lKHL729d5L',Ecuador,1306678920859787266
chrisomar32,b'@Aledropitalia @Kool_Kolors @xx_roka I need a avenger pleaseeee',Ecuador,1306678516600143873
paoloalvaradom,b'@SaraiLovesTay @taylornation13 @taylorswift13 @taylorswift13\nBETTY                    BETTY\n   BETTY             BE? https://t.co/5LfGSBPVJc',Ecuador,1306678361050222592
paoloalvaradom,b'@SaraiLovesTay @taylornation13 @taylorswift13 @taylorswift13\nBETTY BETTY BETTY \nBETTY BETTY BETTY\n             BETT? https://t.co/iVMFsjY5oh',Ecuador,1306678304481574912
chrisomar32,b'@Kool_Kolors i need a avenger pleaseeee :( :(',Ecuador,1306678260756107264
paoloalvaradom,b'@SaraiLovesTay @taylornation13 @taylorswift13 @taylorswift13\nBETTY BETTY BETTY \nBETTY BETTY BETTY\n             BETT? https://t.co/V9n8cQMYQ0',Ecuador,1306678259904589825
paoloalvaradom,b'@SaraiLovesTay @taylornation13 @taylorswift13 @taylorswift13\nBETTY BETTY BETTY \nBETTY\nBETTY\nBETTY\nBETTY BETTY BETTY? https://t.co/D498aW6Ia3',Ecuador,1306678101179543553
paoloalvaradom,b'@SaraiLovesTay @taylornation13 @taylorswift13 @taylorswift13\nBETTY BETTY \nBETTY          BETTY\nBETTY          BETTY? https://t.co/jnluvDpnEP',Ecuador,1306677707103711237
why2343,b'I wanna do some Among Us fan art but idk',Ecuador,1306676316150861827
pauli_plier,"b""this man's beauty should illegal, but damn??? https://t.co/V23ASYGHtn""",Ecuador,1306673964366934018
why2343,b'@asukar0se Evangelion is like those medicine ads',Ecuador,1306672856328220674
JorgeEn77109212,b'Grande @RichardCarapazM https://t.co/R3IlNesrmP',Ecuador,1306669259045638150
wimferbaz,b'Grande @RichardCarapazM https://t.co/5lHPXkwMmi',Ecuador,1306668217746829317
3jogabriel,b'Crack! https://t.co/kL5HCT0V5S',Ecuador,1306668213904736257
Mariela12147653,b'RT @Isabelpazos971: The most anticipated fragman arrived I expected to see the goddess and nothing but good took me a surprise I thought th?',Ecuador,1306666094002950144
luiggipch18,b'It?s a Date then? https://t.co/B1QX1N5cZX',Ecuador,1306665478778171392
steveeeeess,b'@YazzJackRabbit @Galeyr0 Same',Ecuador,1306664935292796931
Anthonyam_00,b'Tarea 1/20 ?',Ecuador,1306663076071178240
BexyNarvaez,b'Update: Me fue bieeeeeeen??',Ecuador,1306662768150487042
Gabrielasevi16,b'Grandes?? https://t.co/0DNJQgXQUS',Ecuador,1306661394327183362
EsteevYT,b'@BSegura50 @Nintenderos *Nigga',Ecuador,1306659734771175425
Manaba1507,b'Exactly https://t.co/g6QBY3zWFm',Ecuador,1306656596148314120
castle_oz,"b'@ricardoric_03 @reigilgamesh @XavierFiles No, not really. Could be'",Ecuador,1306656169147146241
Francis88542405,b'@sofyromeroyanez @Sandinin @EcLaraiz @Mateofloresm @DesbordeEc @ForoDefensaEC @FrentePublicos Moreno????????? https://t.co/np4YCLUrf4',Ecuador,1306655534838353921
auritazambrano,b'@Alexa_Cevallos_ Robo',Ecuador,1306654418952220673
finallykevin,b'I?ll take one shot for my pain https://t.co/rrbEk7EJnw',Ecuador,1306654205088804864
why2343,b'@xleah_robyn The vinyls ain?t that bad',Ecuador,1306654154245525511
GrabelespeG,b'Clon .__.XD https://t.co/clXXV0gVSE',Ecuador,1306651449762484225
Isabelpazos971,b'@mfyapimtv I expected to see Burcu? #Burcu?zberk #Kimsesizler https://t.co/deEXHD4qnt',Ecuador,1306651313082691584
Francis88542405,b'@FrankAmari2 @WhiteHouse Didn?t know that!!! https://t.co/H1mnewa2c7',Ecuador,1306651025470894081
Dieguio70833283,"b'There will never be an artist like Michael Jackson, the world did not value him and he will live forever whether yo? https://t.co/P3rpgFwYco'",Ecuador,1306650670498447368
Isabelpazos971,b'The most anticipated fragman arrived I expected to see the goddess and nothing but good took me a surprise I though? https://t.co/XyAqGDYd6O',Ecuador,1306650265815220233
GabrielMv2018,b'@arigameplays @JuanSGuarnizo nice',Ecuador,1306649353726156803
marco_cajape,b'@kpq0812 @genesisnicolepr Here we go again.',Ecuador,1306648652153335815
marco_cajape,b'Flash in Covid 2k19. https://t.co/1vQM2nhzjV',Ecuador,1306648623007117313
ari_espinales,b'items that drop when you defeat me https://t.co/uZI6IxhctK https://t.co/ZKNqdBRv9c',Ecuador,1306648503645593606
Dapes23,"b""I would like to make a toast with @INEOSGrenadiers 's biggest fan, Mrs. Liz. \n\nCheers for today's brilliant stage o? https://t.co/zHRrfdZinG""",Ecuador,1306647122511638528
MathiasTme,b'@az1_luis_ Mood https://t.co/H06sGMsbKb',Ecuador,1306645917634879489
why2343,b'@RukaSupremacy Sour ass people',Ecuador,1306644638481240064
Mariela12147653,b'RT @Isabelpazos971: A whole porcelain doll???#Burcu?zberk #Kimsesizler https://t.co/8XXb3fNnrT',Ecuador,1306643668993028096
theandressalute,b'@JennaJRoss Good day miss JJR??',Ecuador,1306643202729037825
ZahidAramis,b'@CuenteroMuisne Tatuatelo ? ?',Ecuador,1306642254996688897
Dapes23,b'Priceless. #TdF2020 https://t.co/TQWcqkb6xo',Ecuador,1306640761442766849
AltinorduA,b'RT @Isabelpazos971: My curly-haired goddess???#Burcu?zberk #Kimsesizler https://t.co/BjyEfOJz9T',Ecuador,1306639416946053120
Michelleeee_4,"b'@paolaaaaagu Hahaha  le dijimos adios a la dieta , honestly that sauce though?? sooo good!'",Ecuador,1306639224653967363
Roachmellow,"b'@jetopyon Jetosimon dlc 2, 3, 4, 5, and 6'",Ecuador,1306638981275291658
PepeThxMan,b'@Sergi_ND F por Silver',Ecuador,1306638470782296068
Verdad__Cruel,b'@dianajacome En times square',Ecuador,1306637995819372544
f_cedenoflores,"b'@ValaAfshar @BillGates Amazing, people will laugh about your ideas... and finally!'",Ecuador,1306636953174016001
elisarteagas,b'Call me Tatiana https://t.co/lVwg7bnwDm',Ecuador,1306636802967699463
Roachmellow,b'@WatchfulEyeArt Too swag to get one',Ecuador,1306636682654027779
Shasko,"b'Correccion, banging this https://t.co/lS9jVdcpHN'",Ecuador,1306636304776679427
Shasko,b'@Guilherme0liv @RoryAlderton How the fuck that Elbow even works lol',Ecuador,1306634804696215552
OmarOrionbelt,"b'@kwiato @RichardCarapazM @INEOSGrenadiers @GettySport Outstanding win our dear Richard, now for the goal, be the chamo.'",Ecuador,1306634653550379015
Gerardo48989900,b'@GiadaZambrano22 Mucho texto crack',Ecuador,1306634265459855360
ambarwho,b'Yass?? https://t.co/KQFRKOzrL5',Ecuador,1306633794477330432
WoShiAnima,b'@eunjithebeat It?s not been so short',Ecuador,1306633682996940800
finallykevin,b'A Certain Romance...',Ecuador,1306633414565658624
leninvm01,b'??????? Grande #RichardCarapaz https://t.co/QxK9G9DOcN',Ecuador,1306631563002732545
why2343,b'@barelyethnic @egg_slut Wait I think at my school they also used to bet money...',Ecuador,1306631098865192961
villacis_nico,b'@ModernWarzone Duals',Ecuador,1306630944426733571
Mariela12147653,b'RT @Isabelpazos971: My curly-haired goddess???#Burcu?zberk #Kimsesizler https://t.co/BjyEfOJz9T',Ecuador,1306630650888364034
Gerardo48989900,b'@GiadaZambrano22 Crack',Ecuador,1306630450006364163
CarlosDiazPela2,b'@dominichuertaa Miss u',Ecuador,1306629721992638464
why2343,"b'@EggrollHeights @brazilianiism @bawskii1 @FNAFtitleGen @gd_bendy O so it was a joke, I knew you couldn?t live that long'",Ecuador,1306629251408560134
27Barcia,b'THE FUTURE IS BLACKPINK https://t.co/N9IlBQ1VJZ',Ecuador,1306627713101377537
Andres_Ch9,b'@leonardomd21 My Dick haha',Ecuador,1306627637767536643
1xaviergarcia,b'Grande @RichardCarapazM ?????????????????????? https://t.co/A2qr9gUV52',Ecuador,1306626455959465984
Isabelpazos971,b'A whole porcelain doll???#Burcu?zberk #Kimsesizler https://t.co/8XXb3fNnrT',Ecuador,1306626351626170368
RaulNomada,b'Just posted a video @ Ecuador https://t.co/qUDAl86TyM',Ecuador,1306625729795444749
Omar29125590,b'@Daniela67958889 Genial',Ecuador,1306625410516606980
ghidalg,b'Historia #Gr?ntzig ?? https://t.co/oX3ElYVtaA',Ecuador,1306624673845837827
paleguti,b'@walterarce_ ? told you so.',Ecuador,1306624061942960128
EsternocleidoPM,b'RT @MaferDiazA: Grande @RichardCarapazM  ???? https://t.co/NpYTLujftG',Ecuador,1306623118631460867
MaferDiazA,b'Grande @RichardCarapazM  ???? https://t.co/NpYTLujftG',Ecuador,1306622463934181376
JordanoPro97,b'Grande @RichardCarapazM https://t.co/0xmy8JR4Ts',Ecuador,1306621390838267904
MarceJPalacios,b'This is what a lethal fire tornado looks like https://t.co/ugpVoxGdyc a trav?s de @YouTube',Ecuador,1306620537423179777
LuisCal48877547,b'@INEOSGrenadiers @RichardCarapazM @kwiato @INEOSGrenadier Congratulations Team Ineos.. ??',Ecuador,1306620343625318400
wh1t3f1f1,b'@SimplyLife2019 Following back',Ecuador,1306619295338655744
RaulGonzalezec,b'Grande @RichardCarapazM',Ecuador,1306618850616762369
eliocross,b'Richard Carapaz !!! #FuerzaRichie #Ecuador #TdF2020 #TourDeFrancia2020 https://t.co/tDgnGWNqNE',Ecuador,1306618816642908160
