user,text,country,id
SondraSousou,"b""It's tonight ??\n#yenihayat #NeyinPe?indesin https://t.co/MGyjBaJur2""",Algeria,1306679215597723648
arleehr,"b'RT @iskanderhyoshoe: Loyalty and Sabotage ??\nShe\'s playing the game of ""How to trigger sone"" https://t.co/Vn2BhSkG9i'",Algeria,1306668784141336577
VitaDolc,b'@aminocide @Yas_m_ina What hhh',Algeria,1306667667437301762
Odyous_,b'@Neashoba @katiham11 Oh putin...',Algeria,1306664372530565120
Shaakal59,"b'If you were a super-hero, what powers would you have? ? J?me t?l?porte https://t.co/gCuJpa21mq'",Algeria,1306663908053319690
redstwitta,b'@lizardwife Beautiful',Algeria,1306659535348785159
besbousah,b'@Dustypinku ??gimme hug',Algeria,1306651635121352705
a_ymena16,b'@dz_mza @danofthesouth_ @JackRosser_ You mean to big?',Algeria,1306648578169933832
Hadjermoussa4,b'@JiminGlobal Immm readdy fighting army????????',Algeria,1306647106246057987
taherking53,b'@lidyalily7 Pointure 16 ???',Algeria,1306639951069614083
besbousah,b'@narimane_7 Girl GO OUT if the exam not tmr it can wait?',Algeria,1306639806299074560
Chaouienbrrr,b'@mohawiii Wesh bro',Algeria,1306632252437168128
helynbolanis,b'RT @vern_holmes: Can anyone explain to me why liberals think increasing their decibel output increases their apparent IQ?\n\n(Asking for cons?',Algeria,1306628111367393281
MomoDrug,b'@randypaint I?ll simply die young',Algeria,1306627211055845381
besbousah,b'@mgratiaplena No he thought he SNAPPED i-',Algeria,1306616532382945287
besbousah,b'@mgratiaplena CHANGE UR NAME NYOOOWW??? nothing to stan here pls pity me instead????? and i dont post outside of pr? https://t.co/oMp5o6UfSC',Algeria,1306616434013896704
janetthhh1,"b""RT @iskanderhyoshoe: I know now y'all not even wanting blonde Hyoyeon back.. yup yup ? the supremacy ?\n\n@Hyoyeon_djhyo #HYO #DJ_HYO https:/?""",Algeria,1306607925494833153
vern_holmes,"b'When the Clinton/Reno BATF used an Abrams tank to burn the Davidian compound, I said every citizen needs to own an? https://t.co/hebykoxj9v'",Algeria,1306607144024846343
IamOurSid,b'@realDonaldTrump Like Kentucky every year?',Algeria,1306606228194365446
vern_holmes,b'I think you must have to voluntarily surrender 30 - 40 IQ points to become a Dimmercrat. https://t.co/nUx66RPnrX',Algeria,1306605676903493637
MadVoterInMN,b'RT @vern_holmes: Can anyone explain to me why liberals think increasing their decibel output increases their apparent IQ?\n\n(Asking for cons?',Algeria,1306605525145128961
SunMadeDreams,b'Is this fog or smoke?',Algeria,1306604661177163777
vern_holmes,b'Can anyone explain to me why liberals think increasing their decibel output increases their apparent IQ?\n\n(Asking f? https://t.co/WGqF8aUCyg',Algeria,1306603363015036930
vern_holmes,b'@Reversequestion @AngelWarrior321 Dummycrats are th ultimate racists... \nThe assume the whole human race is beneath them.',Algeria,1306601846988038145
haoulimohamed,b'Today is propitious for addressing any domestic issues that ne... More for Libra https://t.co/WNRxbob65U',Algeria,1306601652862898176
rayraydargis,b'@SneakerNews Per usual...I recieved the.... https://t.co/Z6o0UPQQcG',Algeria,1306600436720455680
rayraydargis,b'@nikestore @Jumpman23 Once again I was handed the.... https://t.co/pFBOXUDfzG',Algeria,1306600022054764544
vern_holmes,"b'Does Nanny ""let them eat sherbet"" @speakerpelosi think she can win votes by punishing citizens for rejecting dummyc? https://t.co/N6gM1kSuvd'",Algeria,1306599868606148609
vern_holmes,"b'@Concealcarrygrl @AngelWarrior321 And now ""cuties"" brings a whole new meaning to the term ""boob tube"".'",Algeria,1306597316380495872
vern_holmes,b'@Trumpgirl_45_ @AngelWarrior321 @JoeBiden ... I see dead voters...',Algeria,1306596211206631424
I_Got_Hilarious,b'@adamjam99 @thehill @TheHillOpinion The surge in readers of this Article = Sensationalism Sells = Profits Over People',Algeria,1306593727972925441
LowRQP,b'@ID0ntHaveAUse I want that pants and shirts',Algeria,1306582700401160193
a_ymena16,b'Murray is the real kise fun to watch and cool https://t.co/aSiwnLlynQ',Algeria,1306580752520433665
mgh_dzz,b'@Chxrxnxso pute https://t.co/JVgTNhbV4H',Algeria,1306572381478158336
iskanderhyoshoe,"b'Loyalty and Sabotage ??\nShe\'s playing the game of ""How to trigger sone"" https://t.co/Vn2BhSkG9i'",Algeria,1306569487509004291
iskanderhyoshoe,b'imagine the group of girls who will be playing the roles of trainees will later form a group that Jessica will mana? https://t.co/AaIXs1hZ6Z',Algeria,1306567582443503619
seifannaba4,b'@BettingAccas Boom',Algeria,1306567388750635009
IamOurSid,"b""@realDonaldTrump Just like you'll release you taxes, and soon.\nLike you'll release your health care reform, and soo? https://t.co/Lvn450Dsh3""",Algeria,1306565748324732928
iskanderhyoshoe,"b""Y'all gotta admit that, her beauty &gt;&gt;&gt;&gt;&gt;&gt;&gt;&gt;&gt;&gt;&gt;&gt;&gt;&gt;&gt;&gt;&gt;&gt;&gt;&gt;&gt;&gt;&gt;&gt;&gt;&gt;&gt;&gt;&gt;&gt;&gt;&gt;&gt;&gt;&gt;&gt;&gt;&gt;&gt;&gt;&gt;&gt; everyone else's in Kpop https://t.co/lI72eI1ZzV""",Algeria,1306565746818940940
opulencebimb,"b'RT @iskanderhyoshoe: I remember when I dropped this edit  asking for a brunette latina Hyoyeon comeback y\'all were like ""yes but blonde Hyo?'",Algeria,1306564973645029376
iskanderhyoshoe,"b'I remember when I dropped this edit  asking for a brunette latina Hyoyeon comeback y\'all were like ""yes but blonde? https://t.co/MNOA6efpGL'",Algeria,1306564803163455491
iskanderhyoshoe,"b""And that's why Haruto moved out..\nhttps://t.co/ymJy9PJFli""",Algeria,1306563791556149254
iskanderhyoshoe,"b""Summer has ended and I still haven't seen Hyoyeon in one of these ?\n\n@Hyoyeon_djhyo #HYO #DJ_HYO https://t.co/8jXzlcj0X5""",Algeria,1306563458431885312
iskanderhyoshoe,"b""I know now y'all not even wanting blonde Hyoyeon back.. yup yup ? the supremacy ?\n\n@Hyoyeon_djhyo #HYO #DJ_HYO https://t.co/LY01jXxSQD""",Algeria,1306562558724313089
iskanderhyoshoe,"b""@SMTOWNGLOBAL better have an explanation for not dropping the news about Hyoyeon's comeback by now ?? https://t.co/8cXJFO5Htd""",Algeria,1306561787597402118
IamOurSid,"b'@realDonaldTrump @foxandfriends Also, why are you and your gang greatly reducing the number of available polling pl? https://t.co/J71Lhwk0rx'",Algeria,1306561198884782082
IamOurSid,"b'@realDonaldTrump @foxandfriends ""Does mail-in voting increase voter fraud?\nIn 2012, one thorough report compiled by? https://t.co/8Nmh3QUdix'",Algeria,1306560850354995206
IamOurSid,"b'@realDonaldTrump Again, you vote by mail as does your cabal in the white house. I understand you are trying to sow? https://t.co/UazxqXy4OA'",Algeria,1306560194260992001
iskanderhyoshoe,"b""@frank_lionheart U ain't to be blamed.. ? we all is clowns and we thought it was going to happen!! @SMTOWNGLOBAL an? https://t.co/AVJh40q2ME""",Algeria,1306558848203923456
yayoglitter,b'RT @swagwizarddd: if anyone wondered what two years of practice does https://t.co/8F2Su0Zccx',Algeria,1306552151179751426
yayoglitter,"b""RT @swagwizarddd: while i'm talking about art i drew tyler the creator it took a day to make please say hi https://t.co/4LSU33TYxU""",Algeria,1306551103803265025
dotbeepdoot,b'Stop.?Assuming.?Your.?Actions.?Are.?Harmless.?\n\nhttps://t.co/dSK6rGAe2z',Algeria,1306550714605371392
noureddine2300,b'WHAT KIND OF REACTION TIME IS THAT ?????? https://t.co/nAkBFpiVMb',Algeria,1306538597315739649
MecitTurkoglu,b'@EgemenBagis Amiiin????????',Algeria,1306504698258751490
rayraydargis,"b'@Chicago_History Montgomery ward , Zayre'",Algeria,1306490039258550272
SortaMoistToast,b'RT @TschJor: Yeah I love my friends. That?s all.',Algeria,1306485075765153793
TschJor,b'Yeah I love my friends. That?s all.',Algeria,1306484503875956737
WahebBenzaid,b'@GIkwegbu @chrisblakely01 You are welcome',Algeria,1306482891644440577
giiheed,"b""Literally yesterday's  ep was more than great ?! The ending was sad but after sadness always there's happiness ?, t? https://t.co/A85SO4gnWW""",Algeria,1306465939945328642
095Leonela,b'RT @giiheed: The way they looked at each other literally broke my heart ?\n#Sen?alKap?m? #EdSer https://t.co/s5dYGu90DH',Algeria,1306464350325092352
giiheed,b'The way they looked at each other literally broke my heart ?\n#Sen?alKap?m? #EdSer https://t.co/s5dYGu90DH',Algeria,1306459082677723138
TschJor,b'@SortaMoistToast Ok you got me there.',Algeria,1306458997847851008
TschJor,b'@SortaMoistToast You don?t even play red.',Algeria,1306458803383070722
TschJor,b'@SortaMoistToast Guys I think it?s Logan. https://t.co/gGZ2AbmgsN',Algeria,1306458604334018566
TschJor,"b'Yeah, I?m the one in the match who never talks. You?ll never know I?m imposter unless I slip up.'",Algeria,1306456795930525697
HY922_XMJ619,b'RT @iskanderhyoshoe: My babies ? https://t.co/mamdWYrwNu',Algeria,1306452366623830016
hal_ley123,"b""RT @swagwizarddd: while i'm talking about art i drew tyler the creator it took a day to make please say hi https://t.co/4LSU33TYxU""",Algeria,1306435688603283457
anvanstraten14,b'getting things I want for the baby is like Christmas.... but even better ?',Algeria,1306433203809509376
I_Got_Hilarious,"b""@krazykeithrules IT'S TRUMP, R U N""",Algeria,1306431910395154432
I_Got_Hilarious,b'Ruben Studdard\nThe Velvet Teddy Bear\n#CareBearsForAdults',Algeria,1306430708014084102
krazykeithrules,b'RT @I_Got_Hilarious: Caption this:',Algeria,1306430303544565760
I_Got_Hilarious,b'Caption this: https://t.co/sfjiWvClko',Algeria,1306429582376153088
CatBirder27,b'RT @I_Got_Hilarious: #AutomobileACelebrity \nJeep T Kirk https://t.co/8ZwfYO7Z1Q',Algeria,1306425646214717440
pdiddy71,b'RT @I_Got_Hilarious: #AutomobileACelebrity \nJeep T Kirk https://t.co/8ZwfYO7Z1Q',Algeria,1306424279542759424
CatBirdTags,b'RT @I_Got_Hilarious: #AutomobileACelebrity \nJeep T Kirk https://t.co/8ZwfYO7Z1Q',Algeria,1306424030690447363
I_Got_Hilarious,b'#AutomobileACelebrity \nJeep T Kirk https://t.co/8ZwfYO7Z1Q',Algeria,1306422454638784513
SondraSousou,b'Good night ??\nBonne nuit ?\n#SenCalKalp?m? #asktasuerpriz https://t.co/TJXjCVOvI3',Algeria,1306422306210807809
I_Got_Hilarious,b'@CatBirder27 All Righty Then!',Algeria,1306419755650293765
ChampneyLisa,b'RT @I_Got_Hilarious: #AutomobileACelebrity \nGM  Carey',Algeria,1306418231146459136
CatBirder27,b'RT @I_Got_Hilarious: #AutomobileACelebrity \nGM  Carey',Algeria,1306418184568832000
I_Got_Hilarious,b'#AutomobileACelebrity \nGM  Carey',Algeria,1306417169899696128
I_Got_Hilarious,b'@MysterySolvent The Offspring',Algeria,1306411660391972864
I_Got_Hilarious,"b'@TheDemCoalition So will it be a Vaccine that he gives everyone: I will wait and see, not gonna rush in with the rest of the Crazed Herd'",Algeria,1306411154588291072
I_Got_Hilarious,b'@AgathaChocolats We have reservations for Two.',Algeria,1306409261245882369
g_pamai,b'RT @iskanderhyoshoe: My babies ? https://t.co/mamdWYrwNu',Algeria,1306402377377787904
PalmerLatifah,"b""RT @swagwizarddd: while i'm talking about art i drew tyler the creator it took a day to make please say hi https://t.co/4LSU33TYxU""",Algeria,1306402144090816517
besbousah,b'@C_Yacinho ? Idk what u mean at all cousin',Algeria,1306401646738575360
PalmerLatifah,b'RT @swagwizarddd: if anyone wondered what two years of practice does https://t.co/8F2Su0Zccx',Algeria,1306401623141429249
besbousah,b'Men deadass are trash',Algeria,1306401037939597314
taha23i,"b""@DanielBGreene Al'thor, because it sounds  Arabic my first language""",Algeria,1306400291949084676
rayraydargis,"b'@Chicago_History Maurice Lennell cookies are ???????????????????????? , butterscotch was the best... bar none'",Algeria,1306399194966560768
I_Got_Hilarious,"b""@CTVNews How did we lose 2 Billion Trees! \nDidn't the Liberals not already try this scam before?? \nOnly to dig them? https://t.co/3spnlcTrcR""",Algeria,1306395354376658945
g_pamai,b'RT @iskanderhyoshoe: Chocolate candy fruit honey butter waffle and 25M VIEWS!!\n\nBOP OF THE YEAR! ? DESSERT keeps breaking records for SM an?',Algeria,1306394360330608641
hyoicon,b'RT @iskanderhyoshoe: Chocolate candy fruit honey butter waffle and 25M VIEWS!!\n\nBOP OF THE YEAR! ? DESSERT keeps breaking records for SM an?',Algeria,1306389974313504768
hyoyeons,b'RT @iskanderhyoshoe: Chocolate candy fruit honey butter waffle and 25M VIEWS!!\n\nBOP OF THE YEAR! ? DESSERT keeps breaking records for SM an?',Algeria,1306389927966449664
I_Got_Hilarious,b'Do you remember when you joined Twitter? I do! #MyTwitterAnniversary  WooHoo https://t.co/fj98N0nTxF',Algeria,1306389431604187136
dotbeepdoot,b'Rough week',Algeria,1306387483530276864
SondraSousou,"b""It was very very beautiful episode i juste liked and l'm so excited for the next episode (11) l'm just waiting for? https://t.co/CGCKjLDpsG""",Algeria,1306386387797708812
NourMeriouma,b'@IKrame82269395 Ana tan mn3rfch yasser but most of them ta3rfou ba3dahom',Algeria,1306385519996219393
nanananamonana,b'RT @iskanderhyoshoe: Chocolate candy fruit honey butter waffle and 25M VIEWS!!\n\nBOP OF THE YEAR! ? DESSERT keeps breaking records for SM an?',Algeria,1306385406540169216
carlavanesa8,b'RT @KimYuji19989664: @billboard @BTS_twt #bts_paved_the_way\nBTS is the legends?????',Algeria,1306732212361068546
GLOGANG662,b'#PlaystationDelivery #PS5FoojiDay #Sweepstakes I NEED THIS PS5 FOR CONTENT',Algeria,1306732170678067211
Lydia_Bsd,"b'RT @Tractatori_: ""The gods envy us. They envy us because we?re mortal, because any moment may be our last. Everything is more beautiful bec?'",Algeria,1306732081746149379
camybobany,"b'@manjusrii It?s just so disgraceful, I could never imagine that any Fed gov would treat our Education system with s? https://t.co/JhWVV8LfBd'",Algeria,1306732055292641281
bakusatsuou1,"b""@BlastITA_ It's night here... I'm alone in my room reflecting quietly, thinking and thinking a lot about my life an? https://t.co/rq6On161oV""",Algeria,1306731977526202369
Ali07291488,"b'@MagdaSzubanski @UrzilaCarlson I cannot for the life of me understand why anyone makes comments like those by ""Nick? https://t.co/cbtXVtQeDO'",Algeria,1306731942230937603
kimJohayna,"b""Okay let's see what they'll do I'm curious https://t.co/PGRZfU9CHA https://t.co/MwedfgdcmB""",Algeria,1306731932420636673
youcef_RedBlack,"b""Let's go Heat ???""",Algeria,1306731927802650628
DinaRybeiro,b'RT @Karimki04342135: Watch the little lamb running behind the dog Boby???????? https://t.co/HbI3ns8BCg',Algeria,1306731842528215040
actualchacha,b'no! I?m not ready ? https://t.co/JWMPyIfosw',Algeria,1306731772894474241
real__pcyg,"b'RT @real__pcyg: Chanyeol, you made me very happy this year, away from the Corona virus, but you made this the best year for me. I want it t?'",Algeria,1306731639700156417
Dragunnitum,"b'@swimstrim YOU PLAY IT TOO?? AAAAAHHHH! do a special stream playing it with viewers, come on, just once!! :D ???'",Algeria,1306731504207384578
Marwane66458168,b'Hairy ass mature woman https://t.co/r53LCtUwvW',Algeria,1306731393318256642
real__pcyg,"b'Chanyeol, you made me very happy this year, away from the Corona virus, but you made this the best year for me. I w? https://t.co/rUNBdZdXxJ'",Algeria,1306731345809473538
s4mt2sp,b'@Netoskyne t mort',Algeria,1306731304621309952
24gpeamaro,b'RT @Karimki04342135: Sunrise can?t get any better than this ????? Cappadocia - Turke????\n. https://t.co/r5mbIfkzif',Algeria,1306731264490131457
4evr_sea,"b'RT @footsiephotos: what needs to stop is the abuse of disabled people.\nI have a voice it took a lot of effort, energy. It took a lot from m?'",Algeria,1306731218042585089
Jullo_LT98,b'RT @Cin0u: To day I turned #billionares to SoundCloud #Rappers in #photoshop\nGO WATCH! ?????\nhttps://t.co/cIvomBZFzE https://t.co/JnmeY0DVkt',Algeria,1306731158416355329
amine_slimani,b'@EducAlgerie Congratulations',Algeria,1306730845173145600
KimYuji19989664,b'@billboard @BTS_twt #bts_paved_the_way\nBTS is the legends?????',Algeria,1306730624200343553
michareveuse,b'Miss you my sunshine ?\n#???? #KangDaniel\n@konnect_danielk https://t.co/RlqSN03xRR',Algeria,1306730573348704262
JunkoSu22993224,"b'RT @TheFennecTalks: @JunkoSu22993224 Why this number? Why not 1k$ or 1500$ or 1100.1200, 1300, you surprise me junko'",Algeria,1306730562527416325
Magic_Georgina,b'RT @Karimki04342135: Look at the cate???? https://t.co/ghXWKIjZB5',Algeria,1306730475055185920
wetropic,b'RT @GROGParty: 10 Africans arrested and face court in Brisbane... but there is no #gangviolence',Algeria,1306730390116134912
Dave02061499,b'RT @Dave02061499: Bunker boy bull shiting again',Algeria,1306730232565596160
belkacemmedjou1,b'@TeamCoco where is sona!!',Algeria,1306730198935769088
fc_bil,b'@Kristasunshine1 The women with no make up 2',Algeria,1306730159899324422
ibouabibsa3,b'I miss watching bts movies with my friends ? https://t.co/x7U9uUzssd',Algeria,1306730040202330112
chan_ranyeol,"b'RT @real__pcyg: I hope that Chanyeol will make his own album this year or next year, that is, before he enlisted. I really want his own alb?'",Algeria,1306730005016326144
MelissaBrouk,b'@ahlem_lk happpyyy birthday ???? may all ur upcoming years be much better ??',Algeria,1306729951811469312
EscaperLynaaaaz,b'@FekkRayane It depends',Algeria,1306729950242897920
SeWilkes30,b'i can never have a single second to relax i stg?',Algeria,1306729899894472707
mooloo4,"b'RT @Karimki04342135: Swiss Alps, Switzerland.???? https://t.co/hF4RO867uT'",Algeria,1306729883913998336
niseylew,b'@DavidGlynneJon1 They are adorable. Love greyhounds too - they make amazing pets. Shame the greyhound industry expl? https://t.co/JkZaQTi5Q2',Algeria,1306729799730118656
kimJohayna,"b""I swear i forget what's this about ?????\nUgh i can't remember when i joined them????? https://t.co/Nug4FC5sIH""",Algeria,1306729755425857541
rxyminx,b'@vicamaru point',Algeria,1306729725600112641
silverstarsxx,b'Chanyeol is booked booked this year',Algeria,1306729713071730688
MayarWaluigi,"b'@NintendoUK Meh, I used to it'",Algeria,1306729658608766982
real__pcyg,"b'I hope that Chanyeol will make his own album this year or next year, that is, before he enlisted. I really want his? https://t.co/H6XhUNpX78'",Algeria,1306729618007879681
Ayazplanet,b'Good night guys?',Algeria,1306729610411999233
silverstarsxx,b'Why do i even care ???',Algeria,1306729575116832770
MedSellamiDev,b'@__akash__19 this is awesome???',Algeria,1306729497824317442
AidaDiamand,b'good night for all good hearts https://t.co/3WbRlR6XtB',Algeria,1306729437518540800
szilviade_,"b'RT @Karimki04342135: Swiss Alps, Switzerland.???? https://t.co/hF4RO867uT'",Algeria,1306729434829946883
This_is_Salimo,"b""Anime watcher: I love this sister i hope the MC will marry her \nCreator: Sorry she's a Sister she can't get married? https://t.co/2urbGvxDiC""",Algeria,1306729421001437184
luvisCy,b'a new ost 2020 is chanyeols ?????\n#Chanyeol https://t.co/QIEzjNG7H1',Algeria,1306729351715618816
Bello37Al,b'@_africangiant @_almustapha__ Ji guy dinnan????',Algeria,1306729340193906694
KhelilAbdou,"b""@Boltix48 Zeke is not worth the hating \nI can't say anything about lucas bc im halfway  season 1 but he's an asshole yeah""",Algeria,1306729328277958658
Juventino19831,b'@ganni0007 I give 5 over 10',Algeria,1306729327501942784
lokmaneberrah,b'Happy birthday @ahlem_lk ?? https://t.co/dws4NXRwh6',Algeria,1306729307633602560
rxyminx,b'@ginxndjuice tas 23ans!!',Algeria,1306729214914236417
n_bait,b'@CHBernasconiC CSS isolation being my favorite new feature.',Algeria,1306729146110935040
foudaq,"b""Me making fun of JB's fans all day:\nAlso me getting chills after hearing this part: https://t.co/7WtbsemAi0""",Algeria,1306729090758709250
real__pcyg,"b'@loeycity_ I hope that you do not exert yourself too much. I am very happy with your work, but I fear for your heal? https://t.co/7C0c4iVV5Y'",Algeria,1306729048396181509
Ayazplanet,"b'I will win, not immediately but definitely.'",Algeria,1306728990913290242
real__pcyg,"b'I hope that you do not exert yourself too much. I am very happy with your work, but I fear for your health, my love? https://t.co/ErXvizziDt'",Algeria,1306728906624561163
n_bait,"b'@CHBernasconiC CSS isolation, lazy loading, file/image upload, changing the HTML header from components, element.Se? https://t.co/WuH2qmLIa1'",Algeria,1306728906024726528
luvisCy,b'chanyeol said marwa focus on me only let ur medical studies burn in hell ??????????????',Algeria,1306728891566952448
ZAYZ0X,b'@engxl nigga dfuck is wrong with 2020',Algeria,1306728886475075584
TamimeCheref1,b'@AzYouvoi Timing parfait',Algeria,1306728832460824579
DDebroy84,b'RT @Karimki04342135: Look at the cate???? https://t.co/ghXWKIjZB5',Algeria,1306728785333686273
blackstonia__,"b""Amigo et C?ur en miettes. ???\n\nHopefully you'll stop sleeping on her now. ? https://t.co/2v99jJPvAy""",Algeria,1306728682174771213
bomberad,b'@Peter_Fitz Well you have never been right about anything',Algeria,1306728572501942272
Ag1ngTchr,"b'RT @footsiephotos: what needs to stop is the abuse of disabled people.\nI have a voice it took a lot of effort, energy. It took a lot from m?'",Algeria,1306728224538333184
HkAlger,b'@jjz1600 @Zeinobia six : from afar he looks likely to win',Algeria,1306728220360876032
Leeyanelf6,"b'RT @yayayasmineelf: Just like clouds, you are so  pure and beautiful even if you are very far away.Seeing you from afar will delight and wa?'",Algeria,1306728218993463296
bt_aicha,"b""If a movie is so bad that I don't finish it ,imma log that shit and give half a star idc https://t.co/E4vx273Jb8""",Algeria,1306728159786733573
real__pcyg,"b'I am really proud of Chanyeol this year. I hope you do not tire much. All this makes me happy, but I hope your health is fine.'",Algeria,1306728141973532674
sarahtournesol,b'@livexlive @OfficialMonstaX @iHeartRadio Yes they did T_T\n@OfficialMonstaX  @official__wonho',Algeria,1306728062206312449
Cicichou_,b'@le_ozy @malik_bmz (13 tracks)',Algeria,1306727947953373185
_mikaelsonn,b'cut that ivory into skinny pieces then she clean it with her face man i love my baby',Algeria,1306727944186990602
hattake_007,b'@emnaltr Everybody ?',Algeria,1306727903204442113
rxyminx,b'@batmanjikai BDJDBDOS OMG',Algeria,1306727863626928128
real__pcyg,b'I am so proud of you my love chanyeoll????????????? https://t.co/gCwN4krS6E',Algeria,1306727798208372741
ultimatehero63,b'RT @KhelilAbdou: Most hated characters in webtoons\n#webtoon https://t.co/Ce47TIkmWk',Algeria,1306727784987922433
The_GhostGunner,b'@windowjack1945 @BrianKarem @JeanRui2 @PressSec @realDonaldTrump Orange man bad! So I will make sexist joke about h? https://t.co/h01jNtMGYT',Algeria,1306727701772894211
NicoSpinelli8,b'@IononDevo @federikobianchi @AdolfoCrotti @ncorrasco Amen',Algeria,1306727677857075205
BTS_abir1,b'@spotifyindia @ARAB1_ARMY This is clear ?? https://t.co/UYzkvzbFN5',Algeria,1306727447958822918
real__pcyg,b'@justusyeol Chanyeol he know can do a lot of ost and collaboration because in2021 haven?t time ?',Algeria,1306727416690364416
scarlettot7,"b""@hobiseternity @CelladoraLilith I'm Algerian and I love your country? one of my dreams is to visit Germany""",Algeria,1306727375917506561
BandWclover,b'RT @cd2077: Check out my Instagram\n2020/02/04\n  #AnimeArt #anime  #drawing #draw #art #manga #ArtistOnTwitter #ArtistOnTwitter #artists #sk?',Algeria,1306727331713765376
tuncali129,"b'RT @Karimki04342135: Swiss Alps, Switzerland.???? https://t.co/hF4RO867uT'",Algeria,1306727165074067456
Dave02061499,b'Bunker boy bull shiting again',Algeria,1306727138087841792
sou_soukr,b'@TaTa22353584 Hhhh indeed its loey year ???',Algeria,1306727007494041600
wavyballer42,b'RT @Karimki04342135: Watch the little lamb running behind the dog Boby???????? https://t.co/HbI3ns8BCg',Algeria,1306726989840093185
hichem7578,"b""RT @DZfoot_EN: ??? AC Milan advances to the next round of Europa League qualifiers after a comfortable 2-0 win over Ireland's Shamrock Rove?""",Algeria,1306726979375423488
Moun3K,"b""DEVIL'S FOOTSTEPS\n\n#fireforce #fireforceedit #fireforceamv #enennoshouboutai #enennoshouboutaiedit https://t.co/kG8Pea3n7Z""",Algeria,1306726946546556929
yassine_ghalmi,b'RT @DZfoot: Meryoula ??',Algeria,1306726808885383169
mycringyside,b'If just arab were this furious and seek justice when kids get raped . \nThis is too much ...5 years in prison for wh? https://t.co/Y787TQgv6l',Algeria,1306726654086086656
real__pcyg,b'My love ost i can?t believe ????????',Algeria,1306726644623736833
scarlettot7,b'@btschartdata DYNAMITE REPEAKING',Algeria,1306726508694851585
Rayane1Tweet,"b""@annieely_ It's ok just heal from that stress and forget about it, you did what's right\nI hope your sis marries a faithful man""",Algeria,1306726265601359873
real__pcyg,b'@loeycity_ Chanyeol do this because he know haven?t time in 2021',Algeria,1306726250820624384
anes60982088,b'RT @Karimki04342135: He was with his girlfriend awhile and came back secretly!!!?????????? https://t.co/XYwVZJOyt0',Algeria,1306726237847646210
AliHouadef,b'Joe Rogan Experience #1538 - Douglas Murray https://t.co/rWOIdyikCd via @YouTube @mohammed_hijab',Algeria,1306726141189857285
foudaq,b'@_serine_cher Welp too bad aki fdzair matensaych ?',Algeria,1306726138711080962
farahtrgt,"b'RT @qalb__louz: Im just like u, u?re just like me, there?s somewhere else we?d ratheeer beee'",Algeria,1306726080368259072
Jungkook97m,b'As expected https://t.co/HeTogNrnwH',Algeria,1306726043395534849
faaaaraaaaah,b'@wadiecr7 same',Algeria,1306726022117818369
Sapragus,b'@plaisirberk @Nadir__K Ani m3ah. Supprime. https://t.co/5bsNb324FS',Algeria,1306725874868334593
TouriaZn,b'Late night drive',Algeria,1306731722856443904
CEOofCringe,b'On attends ya zebi https://t.co/jvyotQsGjt',Algeria,1306731211696480257
kai______zkdlin,b'@raidenmusic The number of my retweet is my birth year ? https://t.co/go9Y4416qg',Algeria,1306730420717924360
strangeaddict14,b'@MValidar @Ghostly_Skyla @Fabella_HalfElf @TheUsagiyama @Gentle_Rhea @FuckerQueen1 @777teeth @torifakuu? https://t.co/W6wGAHKUrx',Algeria,1306730061899296768
CEOofCringe,"b'@Chakibsitax ""take a sit""'",Algeria,1306730049601777665
imadabada4,b'@DemaghElissa @ahlem_lk \nhappy birthdaaaaaay you too i love you ??',Algeria,1306729405356675073
CEOofCringe,b'RT @fatima_aff: Batterie faible &gt;&gt;&gt;&gt;&gt;&gt;&gt; qalf',Algeria,1306729396292718593
Nadir__K,b'@BlankedMirror did u just came out to me ?',Algeria,1306729336343494664
fatima_aff,b'Batterie faible &gt;&gt;&gt;&gt;&gt;&gt;&gt; qalf https://t.co/IRvgQI0h3y',Algeria,1306729136514310144
TouriaZn,b'Late night talk',Algeria,1306728728685432832
CEOofCringe,b'@Chakibsitax Bela3 9wd',Algeria,1306728524812820480
Najib23353206,b'@Slaydzer Life life',Algeria,1306727874427342849
BelmekkiMeriem,"b'No matter how tired u are , never sleep with your makeup on girls ?'",Algeria,1306726937252040704
kai______zkdlin,b'@llitbyun Forget about exo you look like a fairy ?',Algeria,1306726248098525184
lovelittlemixa1,b'@lmthestandard thanks it great to have people like you in this world ..I wish everybody was like you',Algeria,1306725610715328512
lovelittlemixa1,b'@lmthestandard oh thank you so much you are so nice .. ???',Algeria,1306725176273506304
lovelittlemixa1,b'@lmthestandard sorry of my bad English..I know I sound a bit childish ?',Algeria,1306724625834008578
lovelittlemixa1,"b""@lmthestandard he actually disrespect both of LM and BTS..the reason is bc I love them..pacifically BTS I don't kno? https://t.co/jSqUw9sl4X""",Algeria,1306723794741014529
Nadir__K,"b""@pootpookie like a friend told me, i guess it's a word created for nonbinaries :')""",Algeria,1306723725878996992
Tinvvvix_,b'@seif_iz The flash',Algeria,1306720279595495425
bsoylemez,b'@eKuzulKurtAma Oyyy good night good night ?',Algeria,1306719338469175297
samytkkt,b'@1233MXH Interim fort fort',Algeria,1306716547772227589
zine1955,b'#Oran#By#Night#Confinement https://t.co/ovb5u1q516 via @YouTube',Algeria,1306716457389228032
besma_H_H_,b'@blackandwhiteXs Happy birthday ?',Algeria,1306715742835027973
besma_H_H_,b'@sunflxwerboo Always in my heart and I love you sister\n\n??',Algeria,1306715568750374913
besma_H_H_,b'@thialoves1d Definitely Grey',Algeria,1306715196669526024
JeuneSkywalker,b'@lovzsosa Drake-Emotionless',Algeria,1306714852493348870
besma_H_H_,b'@ALWAYSG0LD3N I love that song ?',Algeria,1306714809656897536
CEOofCringe,b'@razikabouziani Madert walo bros before hoes hda mkan',Algeria,1306714612314894336
alenbeast,b'welcome ??? https://t.co/pv164E1jjj',Algeria,1306714340549160960
racimett,b'RT @imadabada4: fake friends stop being fake ya khra.',Algeria,1306714144738095105
kati97289328,b'RT @imadabada4: fake friends stop being fake ya khra.',Algeria,1306714062252904448
CEOofCringe,b'@Inees__R Wise words oukhty',Algeria,1306713925510213637
khadijatweets,b'My mind : tell me about your day !! \nMe : well I meet some fake persons',Algeria,1306713922926448642
Nadir__K,"b'@Amir__B_ i waste time 24/7, at least this makes me waste time doing real unproductive things ?'",Algeria,1306713576724475908
nfiissa,b'RT @CEOofCringe: 5 minutes https://t.co/xgVVAYbdjC',Algeria,1306713348592074753
Nadir__K,"b""@Kahination well, as i understood, it's the D in the West, and it could be both for not the west x)""",Algeria,1306713231336054784
CEOofCringe,b'5 minutes https://t.co/xgVVAYbdjC',Algeria,1306713224964984832
Nadir__K,"b""@Amir__B_ it's like a scam shit, i see two tweets that introduce me to a drama, then it's like i have to pay to see the full version ??""",Algeria,1306713045822050304
HalimaTamani,b'RT @imadabada4: fake friends stop being fake ya khra.',Algeria,1306712660759793664
Nadir__K,"b""it's so bad i'm not close enough to everyone on twitter so i could catch every inner drama happening.""",Algeria,1306712177794056197
Mohamed58791664,b'@GaBe0513 @G8M3R3AP3R @The_CrapGamer Give me one game look like this  in the trash box https://t.co/LKnCuPSCve',Algeria,1306710477452521474
Nadir__K,b'@Medusa1__ BECAUSE TWITTER DM SYSTEM SUCKS !!!!\n(they do if to avoid DM robots) \n\nAnd now you can feel me : https://t.co/7nmlRUWLLJ',Algeria,1306710156982579201
Nadir__K,"b""@Medusa1__ omg, you can't to anyone ? \nif you can't for anyone, it's DM limits, you sent too much dm in 24h""",Algeria,1306709144897048576
Nadir__K,b'@MeriemRemaoun suprime',Algeria,1306708055657246721
Nadir__K,"b""@imed_Eddine_ lmao, maybe because it's a strong word to say when you're pissed ?""",Algeria,1306706102281818112
kai______zkdlin,b'Absolutely amazing I loved it ??????? https://t.co/tDRMUDNB1b',Algeria,1306705626949660674
kai______zkdlin,b'@explicitbobohu Hidbxjdjdjhd I h*the you ?????',Algeria,1306704521670918146
AdBasset31,b'@footballitalia This guy is fortunate compared to his qualities',Algeria,1306704474153549826
CEOofCringe,b'@Kaimk20kj Okay newton',Algeria,1306704031000260608
sos___quotes,"b""@SokorWi Don't give a fuck about what they're saying they just do this cuz they didn't reach  the level u reached and good luck sweety ?""",Algeria,1306703097461432321
CEOofCringe,b'@Kaimk20kj Let me calculate real fast',Algeria,1306703036333649920
kai______zkdlin,b'Did you have to say it this way ? https://t.co/VCfVb6PrMv',Algeria,1306703034660130816
papy_ndiaye,b'@yanga_vb Yeureumniou way',Algeria,1306702416763596802
IamAbdelkaderS,"b""Listening to the two parts Pure O podcast from @TheOCDStories and it's the most relatable thing ever. \n@PureOchrissie you're amazing!""",Algeria,1306702168519593985
imadabada4,b'@BayaRahali iknow ur not',Algeria,1306701635960307714
Tayoo39,b'@_reginchen give me you',Algeria,1306701600745033729
imadabada4,b'me dealing with my own life : https://t.co/4T7r1UFU9R',Algeria,1306701274151354369
imadabada4,b'@BayaRahali but sometimes you need someone by yourbsidee',Algeria,1306701066994683905
CEOofCringe,b'@destinachild Pck too much sweetness kills the sweetness',Algeria,1306700997935464448
khadijatweets,b'I still up all night tell my self I?m alright!',Algeria,1306700324279853057
papy_ndiaye,b'@Annaaa__N Neymar moniou togn',Algeria,1306700237420089346
Nadir__K,"b'@BlankedMirror lmfao, no x) \nyesterday he was insulting me for no reason and it made me laugh ?'",Algeria,1306698796101963778
Maimounatou_Di,b'RT @papy_ndiaye: Troll level max ????',Algeria,1306698007413432321
papy_ndiaye,b'Troll level max ???? https://t.co/gE0yVlTB5i',Algeria,1306697929957273601
Nadir__K,"b""@BlankedMirror he's just an internet bully 2.0 saying words in the wind, just ignore him :')""",Algeria,1306696561360097280
CEOofCringe,b'@Altamounaga Living in a country smaller than Tunisia and proud of it ? Man just pretend you live in Australia',Algeria,1306696340391505922
Nadir__K,"b'@BlankedMirror honestly, people who have twitter are not considered old for me.'",Algeria,1306695859841703942
itsscapsii,b'@xjramos Angelito- Recycled J',Algeria,1306695454697181186
sos___quotes,b'@Boudaouimoh Already blocked ? https://t.co/sSPZ0FZqfa',Algeria,1306695442537885696
Nadir__K,"b'@theoddoneou @Amir__B_ @BlankedMirror wait, i never went to Algeirs ?'",Algeria,1306695215399538688
Nadir__K,b'@BlankedMirror @Amir__B_ you got a point x)',Algeria,1306695066958864384
Nadir__K,"b'@BlankedMirror For you, to keep social contact ?\n\npersonally, my old man is kinda pissed off when he sees how things change so quickly.'",Algeria,1306694831150903296
Nadir__K,"b""@BlankedMirror Au contraire, it's old people who need to adapt to the new generation and technology, i guess ?""",Algeria,1306694095923015682
sos___quotes,b'@najib_hd Oh really!!? ??',Algeria,1306693686244372481
Nadir__K,"b""@BlankedMirror Yes, you guys have to adapt like i use to :')""",Algeria,1306693455024992257
TejDine7,b'Goood night? https://t.co/Yh4PrgHEz9',Algeria,1306692689564446722
Nadir__K,"b""i'm listening to J. Cole for the first time ever, and i think I'm in love.""",Algeria,1306691090456739847
fatima_aff,b'@CEOofCringe J m?excuse mais l?appareil masculine grave 3ndkom des organes issmawethom mrankin ?????',Algeria,1306690147673612302
zzwahrani,b'@assioush_ lande',Algeria,1306689285140217857
Nadir__K,b'@Samed_seb LMFAOOOOO',Algeria,1306688854842318864
Nadir__K,"b'@ATerrahmane @amiradjidda lmfaooooooo, i had the same reaction x)'",Algeria,1306688647652048901
Privatfragrance,b'@AentschyR ???? at least he was still available lol',Algeria,1306687856224669701
Privatfragrance,b'@AentschyR But no one can beat the naughtiness of our fave in 2009 ?',Algeria,1306686727189340167
sos___quotes,"b""@I_am_sara_1 @karamElmouktas1 I think it's bullshit even if they add salib things doesn't mean that raki t3abdi fyh? https://t.co/h6WfSEtMHI""",Algeria,1306686192474300420
AbdelkaderAe072,b'@azzedine062 Congratulations ?',Algeria,1306686084684931073
YceMkd,b'@JoanLaportaFCB @FCB_NewsFR BOSS',Algeria,1306686041433280515
Ziineb93,b'@QueLinaF_ @Un_rebelle_ areter',Algeria,1306685585525026817
IamAbdelkaderS,b'The Suicide Squad also known as #The100',Algeria,1306685091238862853
Nadir__K,b'@Arizkinsky S7ab Alger said that they use it for pussies or even both',Algeria,1306683865239621632
Nadir__K,"b""@Medusa1__ Yeeees here too it's a soft word for that, but some friends told me that it's also for pussies, so idk x)""",Algeria,1306683325814312961
ManelSeffahi,"b""If you don't fight ? for what you want  do cry ? for what you lose https://t.co/MtoHYEwBND""",Algeria,1306683313264959488
Ymenseus,b'@FaZeClan @Temperrr @beatsbydre Am i the only one who came running when i noticed One piece? https://t.co/P1KkamhoLQ',Algeria,1306682968510001163
SarahTlm8,b'#NewVIDEO ? @canyaman1989 \n..\n..\n..\nI hope you like guys ????\n#BayYanli? #CanYaman #OzgeG?rel #goldfilm? https://t.co/6Ca3iDZmGZ',Algeria,1306682262570885121
Nadir__K,b'@Medusa1__ Thanks for sharing such beautiful pictues !',Algeria,1306679013952413696
Nadir__K,"b'The word ""Nami"" https://t.co/By8mcLpig4 https://t.co/77m46kqbPE'",Algeria,1306678727548506112
Nadir__K,"b""@destinachild i girl just told me for pussies, so I'm kinda confused x)""",Algeria,1306676936618528773
Nadir__K,"b'wait a second, you guys say ""nami"" for dicks or for pussies ?????'",Algeria,1306676545721896961
oranii312,b'@LeoDaSi79896630 @JVCom les exclu sony -Uncharted -God of  -The Last - Horizon  et ..... \n\nles exclu nintendo zelda? https://t.co/QgAuKhDYh7',Algeria,1306675528603238407
IamAbdelkaderS,b'Honestly Gaia and Indra are the only ones I care about now. \n#The100',Algeria,1306675257701527553
jeloush_,"b'I need to change, its kinda easy to say, right? But difficult to do'",Algeria,1306729910627639296
RaoufBehlhamra,b'RT @DigitaleAnime: Thanks goes to @BandaiNamcoME for sending us the Doraemon Story of Seasons ! A big review article will be soon live on o?',Algeria,1306729693396316161
AsmaNaser_,"b'RT @sunnyiat: People who send me memes, I love you !'",Algeria,1306729647904882688
ahcen0000007,b'@Vicking2000 Nice tits',Algeria,1306725279856054273
ahcen0000007,b'@Vicking2000 Nice ass',Algeria,1306725090994855938
ahcen0000007,b'@Vicking2000 Very sexy',Algeria,1306724892100964364
houssem2017,"b""@Nux_Taku @AnimeUproar @AllDayAnimee @Iron_Mouse @BlueEyed1412 all bleach op's are great""",Algeria,1306723108804583430
ssmari_,b'RT @addisnavery: Happy Birthday @nicoleeey81 !!! Stay safe ily???? https://t.co/mXWZxblV22',Algeria,1306722737356861440
melekbahri__,b'@seif_iz Get even',Algeria,1306720639240335362
Amircsomtini,b'on dirait ninho https://t.co/ky5MPuHm1T',Algeria,1306718697994760194
Nazim_bgd,"b'RT @sunnyiat: People who send me memes, I love you !'",Algeria,1306718143889506306
StarkTMA_,b'Incredible progress today!! https://t.co/coUUFPtmge',Algeria,1306716915050582016
KamiSirine,"b""@_serine_cher I'll keep it private""",Algeria,1306715006357176324
KamiSirine,b'@maria_guedada feels like the trailer of my best serie ?',Algeria,1306714464767672321
ahcen0000007,b'@PMinou26 @Vicking2000 Very cute',Algeria,1306713259446284289
KamiSirine,b'Shein about to catch my money ?',Algeria,1306711309745033223
KamiSirine,"b""Love isn't just for couples and relationship you love your family your work your friends you can even be crazy abou? https://t.co/JwWsje5CAz""",Algeria,1306711185207721984
Rays_Football,b'@Tazzeiii RaysFootball',Algeria,1306708130366189572
MounibRamoul,b'My clothes dimensions :\nXL for T-shirts\n34 for pants\n43 for shoes',Algeria,1306707020716834817
djoxo_,"b""I don't need u any more ?""",Algeria,1306705756109123585
MounibRamoul,b'To be the girls of my Dreams u gotta :\n1 look pretty \n2 play games\n3 watch movies &amp; series\n4 hate rai &amp; kpop\n5 spea? https://t.co/7bAIQ4vnGy',Algeria,1306704605703700481
ImadEdd12994372,b'CUSTOM GAMING DESKTOP GIVEAWAY! Enter for a chance to win this custom Crysis Remastered-inspired ORIGIN PC MILLENNI? https://t.co/My2kES39a0',Algeria,1306700937025773570
sunnyiat,"b'People who send me memes, I love you !'",Algeria,1306700409935990786
BelhamraMehdi,b'RT @DigitaleAnime: Thanks goes to @BandaiNamcoME for sending us the Doraemon Story of Seasons ! A big review article will be soon live on o?',Algeria,1306697968079306755
sunnyiat,"b""Jari w 7rira i'm sorry bs7 lyoum d9t chorba dziria and it's the best soup I've ever had.""",Algeria,1306697936588484609
sunnyiat,b'@Nazim_bgd @MeyssaneZ I bet so ?',Algeria,1306697200261623810
sunnyiat,b'Literally every american promotion :\nMy boyfriend got me this ..',Algeria,1306694574736367621
HultEnsc,"b'This quote is on of quotes that Mr #ahmadachkar said, \nDo you know him? \nTell us on comments ???\nand wait for the n? https://t.co/o8ZuwLnGMG'",Algeria,1306691763437010945
sunnyiat,"b'@MeyssaneZ Kayn tani nas ygoulou 5lah au lieu de 5las  \nI thought it was typo too, algerian dialect is so   diversified'",Algeria,1306691273718468609
Hakim2th,b'What a joke https://t.co/85Tywxtslv',Algeria,1306690778241081351
DigitaleAnime,b'Thanks goes to @BandaiNamcoME for sending us the Doraemon Story of Seasons ! A big review article will be soon live? https://t.co/LClpqX4C91',Algeria,1306689549955932176
amel_lys,b'@ICDT_OIC Nice presentation by ICDT representative ??',Algeria,1306688506211831808
BelhamraMehdi,b'I got you bro ? https://t.co/TxW6JKaj8c',Algeria,1306688447273414657
hakatnis,b'I love love love big phat unexpected naps after big fat meals like PHEW ? best feeling ever',Algeria,1306686908551045124
goingtoregretit,"b""They were trying to fix @dixiedamelio's problem. Blame her #instagramdown""",Algeria,1306683332529283073
WILLRAMXX,b'@AmirechInes @DemaghElissa Ana tfal wmalf ntayb?',Algeria,1306678894213427201
jxzzzzy,b'@EstelleFitz are you an army now? ??',Algeria,1306677492334428161
jxzzzzy,b'@saraloveshercat Il Waring for u to come over so we can watch it together the popcorn is ready',Algeria,1306677196422033408
haithem_lacrime,b'@samaahtm naughty lol?',Algeria,1306672847130066944
haithem_lacrime,b'@samaahtm Ur too late ?',Algeria,1306672364617228288
lynalyna269,"b""RT @sunnyiat: I'm really thankful I had a childhood before smartphones""",Algeria,1306672202830548993
jxzzzzy,b'@AdouiY Bessif lool',Algeria,1306671339000995847
haithem_lacrime,b'@sadpeachyyyyy Ur Pretty too?',Algeria,1306669990314233864
MounibRamoul,b'American reality shows are as stupid as a bollywood movie\nThey Both SUCK ??',Algeria,1306667032860123136
MounibRamoul,"b""I'd rather be friend zoned then being a suck up trynna get in a stupid relationship""",Algeria,1306666702797762570
Mikeeoctober,b'RT @DrinkfinderUK: We have an exclusive giveaway of the Double Gold Awarded Aval Dor Cornish Vodka! A true ?Plough to Bottle? Cornish Vodka?',Algeria,1306666512619536384
hb_rania,"b""RT @sunnyiat: I'm really thankful I had a childhood before smartphones""",Algeria,1306665796677128193
MounibRamoul,"b""At Home they call me : nibou\nOut side they call me : Lka7la\nWut's ur nick-name ?""",Algeria,1306665685800628225
Nazim_bgd,"b""RT @sunnyiat: I'm really thankful I had a childhood before smartphones""",Algeria,1306665524957532160
djoxo_,"b""When you can't say a good word shut up!   got it?""",Algeria,1306665013088849925
rainbowmummy00,b'RT @DrinkfinderUK: We have an exclusive giveaway of the Double Gold Awarded Aval Dor Cornish Vodka! A true ?Plough to Bottle? Cornish Vodka?',Algeria,1306664086625812480
HultEnsc,b'The Hult Prize Foundation transforms how young people envision their own possibilities as leaders of change in the? https://t.co/BzmppQEy8b',Algeria,1306661722716082177
Seendies,b'Ig down ?',Algeria,1306661573184937985
mpodross,"b'They are happy because the internet is back, but it looks like they are bitcoin influencers'",Algeria,1306654183563632643
nicoleeey81,b'RT @addisnavery: Happy Birthday @nicoleeey81 !!! Stay safe ily???? https://t.co/mXWZxblV22',Algeria,1306649367579750401
YazenRadoune25,b'@_Oumaima_Mk_19 we will talk later',Algeria,1306644266421235713
leighjames,b'RT @DrinkfinderUK: We have an exclusive giveaway of the Double Gold Awarded Aval Dor Cornish Vodka! A true ?Plough to Bottle? Cornish Vodka?',Algeria,1306643595907260416
YazenRadoune25,"b'@_Oumaima_Mk_19 Good, do you speak english'",Algeria,1306642421762138122
Onevision_SC,b'?? Guernsey',Algeria,1306638574687641602
JudyNagy8,b'RT @DrinkfinderUK: We have an exclusive giveaway of the Double Gold Awarded Aval Dor Cornish Vodka! A true ?Plough to Bottle? Cornish Vodka?',Algeria,1306637197597200387
jackey_troy,"b""@enerjaee I don't like black pussy tbh lol""",Algeria,1306629495739346948
addisnavery,b'Happy Birthday @nicoleeey81 !!! Stay safe ily???? https://t.co/mXWZxblV22',Algeria,1306629305875668993
addisnavery,b'Happy Birthday @nicoleeey81  iloveyouuu??? https://t.co/ISjGMbwOCC',Algeria,1306628568990924800
chimouka3,b'We are free at last',Algeria,1306628082032414726
Azzdean,"b'@LaBereBera1 I have known, I have kept the memory, only three days in my life, or whether I go or wander, these day? https://t.co/CLRBColaRE'",Algeria,1306627427347640320
chimouka3,"b""@enahruon It's back""",Algeria,1306626927390842882
HollikMiklos,b'RT @DrinkfinderUK: We have an exclusive giveaway of the Double Gold Awarded Aval Dor Cornish Vodka! A true ?Plough to Bottle? Cornish Vodka?',Algeria,1306623721029992448
addisnavery,b'Ate renee had a blast at the Williams huh good for her?',Algeria,1306623236088557568
Azzdean,b'Watching occupied #WesrenSahara\nMedia blackout \nhttps://t.co/JT7WSmfdPZ',Algeria,1306622005194747909
addisnavery,"b'Sleep tight, priyanka. ??? https://t.co/TxcstsIVFv'",Algeria,1306620906580529152
addisnavery,"b""i cried because of my Indian friend ugh she's in pain:( I don't even know what to do.. help:(""",Algeria,1306616460190515202
LaurenHawley18,b'RT @DrinkfinderUK: We have an exclusive giveaway of the Double Gold Awarded Aval Dor Cornish Vodka! A true ?Plough to Bottle? Cornish Vodka?',Algeria,1306614125175414794
chocolateonemse,b'RT @DrinkfinderUK: We have an exclusive giveaway of the Double Gold Awarded Aval Dor Cornish Vodka! A true ?Plough to Bottle? Cornish Vodka?',Algeria,1306613580113031168
Brendabradblue,b'RT @DrinkfinderUK: We have an exclusive giveaway of the Double Gold Awarded Aval Dor Cornish Vodka! A true ?Plough to Bottle? Cornish Vodka?',Algeria,1306602529967415298
zeynou_del,b'@OfficialFPL Big mess with Chelsea VS Liverpool',Algeria,1306597323225563136
Onevision_SC,b'??Switzerland',Algeria,1306595663010955269
Azzdean,"b'@LindaHemby @Reuters November 1st is the traditional Cookware Festival in Algeria, come to film, and sell your imag? https://t.co/XM1sskBhnX'",Algeria,1306595180376551427
Azzdean,"b'@LindaHemby Al jazzera insults Algerian journalists daily and threatens the Algerian people, you can?t quote this m? https://t.co/jzRc93cCgZ'",Algeria,1306592786162933765
Onevision_SC,b'?? Spain',Algeria,1306591489183547393
Azzdean,"b'@LindaHemby @AbdeslamOmarL the UN demands the withdrawal of the occupation troops since 1991, support you a militar? https://t.co/LNcwXR2Ez2'",Algeria,1306590719159664641
Azzdean,b'Occupied #WesternSahara :\nWhen movements face repression\nhttps://t.co/ZD7dc45XBL',Algeria,1306589813185806336
sunnyiat,"b""I'm really thankful I had a childhood before smartphones""",Algeria,1306589772954005505
AnisKrim25,b'@exitscammed I tried to claim just one time but i found that i must use uniswap before 1 sep to be eligible ??',Algeria,1306589267615866882
addisnavery,"b""It's better to keep my mouth shut and let people think that im an idiot than to open my mouth and prove them right :)""",Algeria,1306588746481983489
MounderJaponii,"b""@marca @hugocerezo It's a Great Talent Konrad \nWatch him ??""",Algeria,1306587241490378752
Onevision_SC,b'??????? Wales',Algeria,1306585120514568192
Onevision_SC,b'?? Philippines \n?? Ireland',Algeria,1306584146039373825
Onevision_SC,b'?? Luxembourg',Algeria,1306582728767279105
Onevision_SC,b'APPLICATIONS ARE NOW OPEN! You may now send in your top choices through DM! ?? https://t.co/7FcPe9Anr2',Algeria,1306578693456715776
lelelaouar,b'RT @DemaghElissa: ONE DAY TILL MY BDAY ?',Algeria,1306573272449003521
KamiSirine,b'@BoumarafChems @enahruon Same?????',Algeria,1306572322581733382
mandajanemanda,b'RT @DrinkfinderUK: We have an exclusive giveaway of the Double Gold Awarded Aval Dor Cornish Vodka! A true ?Plough to Bottle? Cornish Vodka?',Algeria,1306571774507839488
Onevision_SC,"b'Less than 1 HOUR LEFT before applications open for everyone, so get ready! ?'",Algeria,1306570020781092865
sambabyof4,b'RT @DrinkfinderUK: We have an exclusive giveaway of the Double Gold Awarded Aval Dor Cornish Vodka! A true ?Plough to Bottle? Cornish Vodka?',Algeria,1306569520820215810
haithem_lacrime,b'@sadpeachyyyyy From what',Algeria,1306568684337532933
chimouka3,"b""@thatleoshit Wasn't she secretly dating karly kloss, there's a picture of them kissing""",Algeria,1306568180106694657
Darksith100,b'RT @DrinkfinderUK: We have an exclusive giveaway of the Double Gold Awarded Aval Dor Cornish Vodka! A true ?Plough to Bottle? Cornish Vodka?',Algeria,1306560519483133952
dixmag2,b'RT @DrinkfinderUK: We have an exclusive giveaway of the Double Gold Awarded Aval Dor Cornish Vodka! A true ?Plough to Bottle? Cornish Vodka?',Algeria,1306559291374145539
DemaghElissa,b'@CEOofCringe YEAH YEAH',Algeria,1306558275027177472
HultEnsc,b'Welcome Our Beloved Followers. Hult Prize Ensc Family is honored to have you here ???\n\n#hultprize2020 #hultprize? https://t.co/cFHT92JiOH',Algeria,1306553836140666880
carlavanesa8,b'RT @KimYuji19989664: @billboard @BTS_twt #bts_paved_the_way\nBTS is the legends?????',Algeria,1306732212361068546
GLOGANG662,b'#PlaystationDelivery #PS5FoojiDay #Sweepstakes I NEED THIS PS5 FOR CONTENT',Algeria,1306732170678067211
Lydia_Bsd,"b'RT @Tractatori_: ""The gods envy us. They envy us because we?re mortal, because any moment may be our last. Everything is more beautiful bec?'",Algeria,1306732081746149379
camybobany,"b'@manjusrii It?s just so disgraceful, I could never imagine that any Fed gov would treat our Education system with s? https://t.co/JhWVV8LfBd'",Algeria,1306732055292641281
bakusatsuou1,"b""@BlastITA_ It's night here... I'm alone in my room reflecting quietly, thinking and thinking a lot about my life an? https://t.co/rq6On161oV""",Algeria,1306731977526202369
Ali07291488,"b'@MagdaSzubanski @UrzilaCarlson I cannot for the life of me understand why anyone makes comments like those by ""Nick? https://t.co/cbtXVtQeDO'",Algeria,1306731942230937603
kimJohayna,"b""Okay let's see what they'll do I'm curious https://t.co/PGRZfU9CHA https://t.co/MwedfgdcmB""",Algeria,1306731932420636673
youcef_RedBlack,"b""Let's go Heat ???""",Algeria,1306731927802650628
DinaRybeiro,b'RT @Karimki04342135: Watch the little lamb running behind the dog Boby???????? https://t.co/HbI3ns8BCg',Algeria,1306731842528215040
actualchacha,b'no! I?m not ready ? https://t.co/JWMPyIfosw',Algeria,1306731772894474241
real__pcyg,"b'RT @real__pcyg: Chanyeol, you made me very happy this year, away from the Corona virus, but you made this the best year for me. I want it t?'",Algeria,1306731639700156417
Dragunnitum,"b'@swimstrim YOU PLAY IT TOO?? AAAAAHHHH! do a special stream playing it with viewers, come on, just once!! :D ???'",Algeria,1306731504207384578
Marwane66458168,b'Hairy ass mature woman https://t.co/r53LCtUwvW',Algeria,1306731393318256642
real__pcyg,"b'Chanyeol, you made me very happy this year, away from the Corona virus, but you made this the best year for me. I w? https://t.co/rUNBdZdXxJ'",Algeria,1306731345809473538
s4mt2sp,b'@Netoskyne t mort',Algeria,1306731304621309952
24gpeamaro,b'RT @Karimki04342135: Sunrise can?t get any better than this ????? Cappadocia - Turke????\n. https://t.co/r5mbIfkzif',Algeria,1306731264490131457
4evr_sea,"b'RT @footsiephotos: what needs to stop is the abuse of disabled people.\nI have a voice it took a lot of effort, energy. It took a lot from m?'",Algeria,1306731218042585089
Jullo_LT98,b'RT @Cin0u: To day I turned #billionares to SoundCloud #Rappers in #photoshop\nGO WATCH! ?????\nhttps://t.co/cIvomBZFzE https://t.co/JnmeY0DVkt',Algeria,1306731158416355329
amine_slimani,b'@EducAlgerie Congratulations',Algeria,1306730845173145600
KimYuji19989664,b'@billboard @BTS_twt #bts_paved_the_way\nBTS is the legends?????',Algeria,1306730624200343553
michareveuse,b'Miss you my sunshine ?\n#???? #KangDaniel\n@konnect_danielk https://t.co/RlqSN03xRR',Algeria,1306730573348704262
JunkoSu22993224,"b'RT @TheFennecTalks: @JunkoSu22993224 Why this number? Why not 1k$ or 1500$ or 1100.1200, 1300, you surprise me junko'",Algeria,1306730562527416325
Magic_Georgina,b'RT @Karimki04342135: Look at the cate???? https://t.co/ghXWKIjZB5',Algeria,1306730475055185920
wetropic,b'RT @GROGParty: 10 Africans arrested and face court in Brisbane... but there is no #gangviolence',Algeria,1306730390116134912
Dave02061499,b'RT @Dave02061499: Bunker boy bull shiting again',Algeria,1306730232565596160
belkacemmedjou1,b'@TeamCoco where is sona!!',Algeria,1306730198935769088
fc_bil,b'@Kristasunshine1 The women with no make up 2',Algeria,1306730159899324422
ibouabibsa3,b'I miss watching bts movies with my friends ? https://t.co/x7U9uUzssd',Algeria,1306730040202330112
chan_ranyeol,"b'RT @real__pcyg: I hope that Chanyeol will make his own album this year or next year, that is, before he enlisted. I really want his own alb?'",Algeria,1306730005016326144
MelissaBrouk,b'@ahlem_lk happpyyy birthday ???? may all ur upcoming years be much better ??',Algeria,1306729951811469312
EscaperLynaaaaz,b'@FekkRayane It depends',Algeria,1306729950242897920
SeWilkes30,b'i can never have a single second to relax i stg?',Algeria,1306729899894472707
mooloo4,"b'RT @Karimki04342135: Swiss Alps, Switzerland.???? https://t.co/hF4RO867uT'",Algeria,1306729883913998336
niseylew,b'@DavidGlynneJon1 They are adorable. Love greyhounds too - they make amazing pets. Shame the greyhound industry expl? https://t.co/JkZaQTi5Q2',Algeria,1306729799730118656
kimJohayna,"b""I swear i forget what's this about ?????\nUgh i can't remember when i joined them????? https://t.co/Nug4FC5sIH""",Algeria,1306729755425857541
rxyminx,b'@vicamaru point',Algeria,1306729725600112641
silverstarsxx,b'Chanyeol is booked booked this year',Algeria,1306729713071730688
MayarWaluigi,"b'@NintendoUK Meh, I used to it'",Algeria,1306729658608766982
real__pcyg,"b'I hope that Chanyeol will make his own album this year or next year, that is, before he enlisted. I really want his? https://t.co/H6XhUNpX78'",Algeria,1306729618007879681
Ayazplanet,b'Good night guys?',Algeria,1306729610411999233
silverstarsxx,b'Why do i even care ???',Algeria,1306729575116832770
MedSellamiDev,b'@__akash__19 this is awesome???',Algeria,1306729497824317442
AidaDiamand,b'good night for all good hearts https://t.co/3WbRlR6XtB',Algeria,1306729437518540800
szilviade_,"b'RT @Karimki04342135: Swiss Alps, Switzerland.???? https://t.co/hF4RO867uT'",Algeria,1306729434829946883
This_is_Salimo,"b""Anime watcher: I love this sister i hope the MC will marry her \nCreator: Sorry she's a Sister she can't get married? https://t.co/2urbGvxDiC""",Algeria,1306729421001437184
luvisCy,b'a new ost 2020 is chanyeols ?????\n#Chanyeol https://t.co/QIEzjNG7H1',Algeria,1306729351715618816
KhelilAbdou,"b""@Boltix48 Zeke is not worth the hating \nI can't say anything about lucas bc im halfway  season 1 but he's an asshole yeah""",Algeria,1306729328277958658
Juventino19831,b'@ganni0007 I give 5 over 10',Algeria,1306729327501942784
lokmaneberrah,b'Happy birthday @ahlem_lk ?? https://t.co/dws4NXRwh6',Algeria,1306729307633602560
rxyminx,b'@ginxndjuice tas 23ans!!',Algeria,1306729214914236417
n_bait,b'@CHBernasconiC CSS isolation being my favorite new feature.',Algeria,1306729146110935040
foudaq,"b""Me making fun of JB's fans all day:\nAlso me getting chills after hearing this part: https://t.co/7WtbsemAi0""",Algeria,1306729090758709250
real__pcyg,"b'@loeycity_ I hope that you do not exert yourself too much. I am very happy with your work, but I fear for your heal? https://t.co/7C0c4iVV5Y'",Algeria,1306729048396181509
Ayazplanet,"b'I will win, not immediately but definitely.'",Algeria,1306728990913290242
real__pcyg,"b'I hope that you do not exert yourself too much. I am very happy with your work, but I fear for your health, my love? https://t.co/ErXvizziDt'",Algeria,1306728906624561163
n_bait,"b'@CHBernasconiC CSS isolation, lazy loading, file/image upload, changing the HTML header from components, element.Se? https://t.co/WuH2qmLIa1'",Algeria,1306728906024726528
luvisCy,b'chanyeol said marwa focus on me only let ur medical studies burn in hell ??????????????',Algeria,1306728891566952448
ZAYZ0X,b'@engxl nigga dfuck is wrong with 2020',Algeria,1306728886475075584
TamimeCheref1,b'@AzYouvoi Timing parfait',Algeria,1306728832460824579
DDebroy84,b'RT @Karimki04342135: Look at the cate???? https://t.co/ghXWKIjZB5',Algeria,1306728785333686273
blackstonia__,"b""Amigo et C?ur en miettes. ???\n\nHopefully you'll stop sleeping on her now. ? https://t.co/2v99jJPvAy""",Algeria,1306728682174771213
bomberad,b'@Peter_Fitz Well you have never been right about anything',Algeria,1306728572501942272
Ag1ngTchr,"b'RT @footsiephotos: what needs to stop is the abuse of disabled people.\nI have a voice it took a lot of effort, energy. It took a lot from m?'",Algeria,1306728224538333184
HkAlger,b'@jjz1600 @Zeinobia six : from afar he looks likely to win',Algeria,1306728220360876032
Leeyanelf6,"b'RT @yayayasmineelf: Just like clouds, you are so  pure and beautiful even if you are very far away.Seeing you from afar will delight and wa?'",Algeria,1306728218993463296
bt_aicha,"b""If a movie is so bad that I don't finish it ,imma log that shit and give half a star idc https://t.co/E4vx273Jb8""",Algeria,1306728159786733573
real__pcyg,"b'I am really proud of Chanyeol this year. I hope you do not tire much. All this makes me happy, but I hope your health is fine.'",Algeria,1306728141973532674
sarahtournesol,b'@livexlive @OfficialMonstaX @iHeartRadio Yes they did T_T\n@OfficialMonstaX  @official__wonho',Algeria,1306728062206312449
Cicichou_,b'@le_ozy @malik_bmz (13 tracks)',Algeria,1306727947953373185
_mikaelsonn,b'cut that ivory into skinny pieces then she clean it with her face man i love my baby',Algeria,1306727944186990602
hattake_007,b'@emnaltr Everybody ?',Algeria,1306727903204442113
rxyminx,b'@batmanjikai BDJDBDOS OMG',Algeria,1306727863626928128
real__pcyg,b'I am so proud of you my love chanyeoll????????????? https://t.co/gCwN4krS6E',Algeria,1306727798208372741
ultimatehero63,b'RT @KhelilAbdou: Most hated characters in webtoons\n#webtoon https://t.co/Ce47TIkmWk',Algeria,1306727784987922433
The_GhostGunner,b'@windowjack1945 @BrianKarem @JeanRui2 @PressSec @realDonaldTrump Orange man bad! So I will make sexist joke about h? https://t.co/h01jNtMGYT',Algeria,1306727701772894211
NicoSpinelli8,b'@IononDevo @federikobianchi @AdolfoCrotti @ncorrasco Amen',Algeria,1306727677857075205
BTS_abir1,b'@spotifyindia @ARAB1_ARMY This is clear ?? https://t.co/UYzkvzbFN5',Algeria,1306727447958822918
real__pcyg,b'@justusyeol Chanyeol he know can do a lot of ost and collaboration because in2021 haven?t time ?',Algeria,1306727416690364416
scarlettot7,"b""@hobiseternity @CelladoraLilith I'm Algerian and I love your country? one of my dreams is to visit Germany""",Algeria,1306727375917506561
BandWclover,b'RT @cd2077: Check out my Instagram\n2020/02/04\n  #AnimeArt #anime  #drawing #draw #art #manga #ArtistOnTwitter #ArtistOnTwitter #artists #sk?',Algeria,1306727331713765376
tuncali129,"b'RT @Karimki04342135: Swiss Alps, Switzerland.???? https://t.co/hF4RO867uT'",Algeria,1306727165074067456
Dave02061499,b'Bunker boy bull shiting again',Algeria,1306727138087841792
sou_soukr,b'@TaTa22353584 Hhhh indeed its loey year ???',Algeria,1306727007494041600
wavyballer42,b'RT @Karimki04342135: Watch the little lamb running behind the dog Boby???????? https://t.co/HbI3ns8BCg',Algeria,1306726989840093185
hichem7578,"b""RT @DZfoot_EN: ??? AC Milan advances to the next round of Europa League qualifiers after a comfortable 2-0 win over Ireland's Shamrock Rove?""",Algeria,1306726979375423488
Moun3K,"b""DEVIL'S FOOTSTEPS\n\n#fireforce #fireforceedit #fireforceamv #enennoshouboutai #enennoshouboutaiedit https://t.co/kG8Pea3n7Z""",Algeria,1306726946546556929
yassine_ghalmi,b'RT @DZfoot: Meryoula ??',Algeria,1306726808885383169
mycringyside,b'If just arab were this furious and seek justice when kids get raped . \nThis is too much ...5 years in prison for wh? https://t.co/Y787TQgv6l',Algeria,1306726654086086656
real__pcyg,b'My love ost i can?t believe ????????',Algeria,1306726644623736833
scarlettot7,b'@btschartdata DYNAMITE REPEAKING',Algeria,1306726508694851585
Rayane1Tweet,"b""@annieely_ It's ok just heal from that stress and forget about it, you did what's right\nI hope your sis marries a faithful man""",Algeria,1306726265601359873
real__pcyg,b'@loeycity_ Chanyeol do this because he know haven?t time in 2021',Algeria,1306726250820624384
anes60982088,b'RT @Karimki04342135: He was with his girlfriend awhile and came back secretly!!!?????????? https://t.co/XYwVZJOyt0',Algeria,1306726237847646210
AliHouadef,b'Joe Rogan Experience #1538 - Douglas Murray https://t.co/rWOIdyikCd via @YouTube @mohammed_hijab',Algeria,1306726141189857285
foudaq,b'@_serine_cher Welp too bad aki fdzair matensaych ?',Algeria,1306726138711080962
farahtrgt,"b'RT @qalb__louz: Im just like u, u?re just like me, there?s somewhere else we?d ratheeer beee'",Algeria,1306726080368259072
Jungkook97m,b'As expected https://t.co/HeTogNrnwH',Algeria,1306726043395534849
faaaaraaaaah,b'@wadiecr7 same',Algeria,1306726022117818369
Sapragus,b'@plaisirberk @Nadir__K Ani m3ah. Supprime. https://t.co/5bsNb324FS',Algeria,1306725874868334593
BBBLondon,b'RT @Karimki04342135: Sunrise can?t get any better than this ????? Cappadocia - Turke????\n. https://t.co/r5mbIfkzif',Algeria,1306725825602035713
i3potato,b'@NoahFromTweeter Like when  ??!',Algeria,1306731250003177477
Snicklefrits,"b'RT @I_Got_Hilarious: @TheDemCoalition So will it be a Vaccine that he gives everyone: I will wait and see, not gonna rush in with the rest?'",Algeria,1306716311041474560
toujouryo,b'RT @iskanderhyoshoe: Oh she did that!!\n\nYou know what I deserve?! DESSERT!\n\nFamous Korean tiktokers are starting to play with DESSERT chall?',Algeria,1306712477397327876
I_Got_Hilarious,"b'@TekStol YUP, if a fellow GRIFTER is in trouble he gets to GRAFT in any direction he chooses.. hmm I think they cal? https://t.co/JDdHJTcTnH'",Algeria,1306703602296270860
rayraydargis,"b""@Jgogomez I've been sober since 3-21-14 , you got this... stay strong""",Algeria,1306699416842252293
ECAlertMB11,b'15:31 EnvCanada issued advisory #Frost #Morris #MBStorm https://t.co/hnIAw7SXg5',Algeria,1306692387956289536
jkb004,b'RT @besbousah: I think kdrama do it much better than Turkish drama...',Algeria,1306692319903731713
MabryMundy,b'RT @I_Got_Hilarious: #TodaysKidsWillNever Understand How Good We Had It https://t.co/4ryoCiAwlB',Algeria,1306688320936837122
Chaouienbrrr,b'@OhAdLe Aight trop chaud',Algeria,1306685320373641219
I_Got_Hilarious,b'#TodaysKidsWillNever Understand How Good We Had It https://t.co/4ryoCiAwlB',Algeria,1306684269130125312
SondraSousou,"b""It's tonight ??\n#yenihayat #NeyinPe?indesin https://t.co/MGyjBaJur2""",Algeria,1306679215597723648
arleehr,"b'RT @iskanderhyoshoe: Loyalty and Sabotage ??\nShe\'s playing the game of ""How to trigger sone"" https://t.co/Vn2BhSkG9i'",Algeria,1306668784141336577
VitaDolc,b'@aminocide @Yas_m_ina What hhh',Algeria,1306667667437301762
Odyous_,b'@Neashoba @katiham11 Oh putin...',Algeria,1306664372530565120
Shaakal59,"b'If you were a super-hero, what powers would you have? ? J?me t?l?porte https://t.co/gCuJpa21mq'",Algeria,1306663908053319690
redstwitta,b'@lizardwife Beautiful',Algeria,1306659535348785159
besbousah,b'@Dustypinku ??gimme hug',Algeria,1306651635121352705
a_ymena16,b'@dz_mza @danofthesouth_ @JackRosser_ You mean to big?',Algeria,1306648578169933832
Hadjermoussa4,b'@JiminGlobal Immm readdy fighting army????????',Algeria,1306647106246057987
taherking53,b'@lidyalily7 Pointure 16 ???',Algeria,1306639951069614083
besbousah,b'@narimane_7 Girl GO OUT if the exam not tmr it can wait?',Algeria,1306639806299074560
Chaouienbrrr,b'@mohawiii Wesh bro',Algeria,1306632252437168128
helynbolanis,b'RT @vern_holmes: Can anyone explain to me why liberals think increasing their decibel output increases their apparent IQ?\n\n(Asking for cons?',Algeria,1306628111367393281
MomoDrug,b'@randypaint I?ll simply die young',Algeria,1306627211055845381
besbousah,b'@mgratiaplena No he thought he SNAPPED i-',Algeria,1306616532382945287
besbousah,b'@mgratiaplena CHANGE UR NAME NYOOOWW??? nothing to stan here pls pity me instead????? and i dont post outside of pr? https://t.co/oMp5o6UfSC',Algeria,1306616434013896704
janetthhh1,"b""RT @iskanderhyoshoe: I know now y'all not even wanting blonde Hyoyeon back.. yup yup ? the supremacy ?\n\n@Hyoyeon_djhyo #HYO #DJ_HYO https:/?""",Algeria,1306607925494833153
vern_holmes,"b'When the Clinton/Reno BATF used an Abrams tank to burn the Davidian compound, I said every citizen needs to own an? https://t.co/hebykoxj9v'",Algeria,1306607144024846343
IamOurSid,b'@realDonaldTrump Like Kentucky every year?',Algeria,1306606228194365446
vern_holmes,b'I think you must have to voluntarily surrender 30 - 40 IQ points to become a Dimmercrat. https://t.co/nUx66RPnrX',Algeria,1306605676903493637
MadVoterInMN,b'RT @vern_holmes: Can anyone explain to me why liberals think increasing their decibel output increases their apparent IQ?\n\n(Asking for cons?',Algeria,1306605525145128961
SunMadeDreams,b'Is this fog or smoke?',Algeria,1306604661177163777
vern_holmes,b'Can anyone explain to me why liberals think increasing their decibel output increases their apparent IQ?\n\n(Asking f? https://t.co/WGqF8aUCyg',Algeria,1306603363015036930
vern_holmes,b'@Reversequestion @AngelWarrior321 Dummycrats are th ultimate racists... \nThe assume the whole human race is beneath them.',Algeria,1306601846988038145
haoulimohamed,b'Today is propitious for addressing any domestic issues that ne... More for Libra https://t.co/WNRxbob65U',Algeria,1306601652862898176
revscottjohnson,"b'Listen to ""Tearing Down the Spite House"" by Zion Lutheran Mondovi. ? https://t.co/XOpTfoGaxZ'",Algeria,1306600503606800385
rayraydargis,b'@SneakerNews Per usual...I recieved the.... https://t.co/Z6o0UPQQcG',Algeria,1306600436720455680
rayraydargis,b'@nikestore @Jumpman23 Once again I was handed the.... https://t.co/pFBOXUDfzG',Algeria,1306600022054764544
vern_holmes,"b'Does Nanny ""let them eat sherbet"" @speakerpelosi think she can win votes by punishing citizens for rejecting dummyc? https://t.co/N6gM1kSuvd'",Algeria,1306599868606148609
vern_holmes,"b'@Concealcarrygrl @AngelWarrior321 And now ""cuties"" brings a whole new meaning to the term ""boob tube"".'",Algeria,1306597316380495872
vern_holmes,b'@Trumpgirl_45_ @AngelWarrior321 @JoeBiden ... I see dead voters...',Algeria,1306596211206631424
I_Got_Hilarious,b'@adamjam99 @thehill @TheHillOpinion The surge in readers of this Article = Sensationalism Sells = Profits Over People',Algeria,1306593727972925441
LowRQP,b'@ID0ntHaveAUse I want that pants and shirts',Algeria,1306582700401160193
a_ymena16,b'Murray is the real kise fun to watch and cool https://t.co/aSiwnLlynQ',Algeria,1306580752520433665
mgh_dzz,b'@Chxrxnxso pute https://t.co/JVgTNhbV4H',Algeria,1306572381478158336
iskanderhyoshoe,"b'Loyalty and Sabotage ??\nShe\'s playing the game of ""How to trigger sone"" https://t.co/Vn2BhSkG9i'",Algeria,1306569487509004291
iskanderhyoshoe,b'imagine the group of girls who will be playing the roles of trainees will later form a group that Jessica will mana? https://t.co/AaIXs1hZ6Z',Algeria,1306567582443503619
seifannaba4,b'@BettingAccas Boom',Algeria,1306567388750635009
IamOurSid,"b""@realDonaldTrump Just like you'll release you taxes, and soon.\nLike you'll release your health care reform, and soo? https://t.co/Lvn450Dsh3""",Algeria,1306565748324732928
iskanderhyoshoe,"b""Y'all gotta admit that, her beauty &gt;&gt;&gt;&gt;&gt;&gt;&gt;&gt;&gt;&gt;&gt;&gt;&gt;&gt;&gt;&gt;&gt;&gt;&gt;&gt;&gt;&gt;&gt;&gt;&gt;&gt;&gt;&gt;&gt;&gt;&gt;&gt;&gt;&gt;&gt;&gt;&gt;&gt;&gt;&gt;&gt;&gt; everyone else's in Kpop https://t.co/lI72eI1ZzV""",Algeria,1306565746818940940
opulencebimb,"b'RT @iskanderhyoshoe: I remember when I dropped this edit  asking for a brunette latina Hyoyeon comeback y\'all were like ""yes but blonde Hyo?'",Algeria,1306564973645029376
iskanderhyoshoe,"b'I remember when I dropped this edit  asking for a brunette latina Hyoyeon comeback y\'all were like ""yes but blonde? https://t.co/MNOA6efpGL'",Algeria,1306564803163455491
iskanderhyoshoe,"b""And that's why Haruto moved out..\nhttps://t.co/ymJy9PJFli""",Algeria,1306563791556149254
iskanderhyoshoe,"b""Summer has ended and I still haven't seen Hyoyeon in one of these ?\n\n@Hyoyeon_djhyo #HYO #DJ_HYO https://t.co/8jXzlcj0X5""",Algeria,1306563458431885312
iskanderhyoshoe,"b""I know now y'all not even wanting blonde Hyoyeon back.. yup yup ? the supremacy ?\n\n@Hyoyeon_djhyo #HYO #DJ_HYO https://t.co/LY01jXxSQD""",Algeria,1306562558724313089
iskanderhyoshoe,"b""@SMTOWNGLOBAL better have an explanation for not dropping the news about Hyoyeon's comeback by now ?? https://t.co/8cXJFO5Htd""",Algeria,1306561787597402118
IamOurSid,"b'@realDonaldTrump @foxandfriends Also, why are you and your gang greatly reducing the number of available polling pl? https://t.co/J71Lhwk0rx'",Algeria,1306561198884782082
IamOurSid,"b'@realDonaldTrump @foxandfriends ""Does mail-in voting increase voter fraud?\nIn 2012, one thorough report compiled by? https://t.co/8Nmh3QUdix'",Algeria,1306560850354995206
IamOurSid,"b'@realDonaldTrump Again, you vote by mail as does your cabal in the white house. I understand you are trying to sow? https://t.co/UazxqXy4OA'",Algeria,1306560194260992001
iskanderhyoshoe,"b""@frank_lionheart U ain't to be blamed.. ? we all is clowns and we thought it was going to happen!! @SMTOWNGLOBAL an? https://t.co/AVJh40q2ME""",Algeria,1306558848203923456
yayoglitter,b'RT @swagwizarddd: if anyone wondered what two years of practice does https://t.co/8F2Su0Zccx',Algeria,1306552151179751426
yayoglitter,"b""RT @swagwizarddd: while i'm talking about art i drew tyler the creator it took a day to make please say hi https://t.co/4LSU33TYxU""",Algeria,1306551103803265025
dotbeepdoot,b'Stop.?Assuming.?Your.?Actions.?Are.?Harmless.?\n\nhttps://t.co/dSK6rGAe2z',Algeria,1306550714605371392
noureddine2300,b'WHAT KIND OF REACTION TIME IS THAT ?????? https://t.co/nAkBFpiVMb',Algeria,1306538597315739649
MecitTurkoglu,b'@EgemenBagis Amiiin????????',Algeria,1306504698258751490
rayraydargis,"b'@Chicago_History Montgomery ward , Zayre'",Algeria,1306490039258550272
SortaMoistToast,b'RT @TschJor: Yeah I love my friends. That?s all.',Algeria,1306485075765153793
TschJor,b'Yeah I love my friends. That?s all.',Algeria,1306484503875956737
WahebBenzaid,b'@GIkwegbu @chrisblakely01 You are welcome',Algeria,1306482891644440577
giiheed,"b""Literally yesterday's  ep was more than great ?! The ending was sad but after sadness always there's happiness ?, t? https://t.co/A85SO4gnWW""",Algeria,1306465939945328642
095Leonela,b'RT @giiheed: The way they looked at each other literally broke my heart ?\n#Sen?alKap?m? #EdSer https://t.co/s5dYGu90DH',Algeria,1306464350325092352
giiheed,b'The way they looked at each other literally broke my heart ?\n#Sen?alKap?m? #EdSer https://t.co/s5dYGu90DH',Algeria,1306459082677723138
TschJor,b'@SortaMoistToast Ok you got me there.',Algeria,1306458997847851008
TschJor,b'@SortaMoistToast You don?t even play red.',Algeria,1306458803383070722
TschJor,b'@SortaMoistToast Guys I think it?s Logan. https://t.co/gGZ2AbmgsN',Algeria,1306458604334018566
TschJor,"b'Yeah, I?m the one in the match who never talks. You?ll never know I?m imposter unless I slip up.'",Algeria,1306456795930525697
HY922_XMJ619,b'RT @iskanderhyoshoe: My babies ? https://t.co/mamdWYrwNu',Algeria,1306452366623830016
hal_ley123,"b""RT @swagwizarddd: while i'm talking about art i drew tyler the creator it took a day to make please say hi https://t.co/4LSU33TYxU""",Algeria,1306435688603283457
anvanstraten14,b'getting things I want for the baby is like Christmas.... but even better ?',Algeria,1306433203809509376
I_Got_Hilarious,"b""@krazykeithrules IT'S TRUMP, R U N""",Algeria,1306431910395154432
I_Got_Hilarious,b'Ruben Studdard\nThe Velvet Teddy Bear\n#CareBearsForAdults',Algeria,1306430708014084102
krazykeithrules,b'RT @I_Got_Hilarious: Caption this:',Algeria,1306430303544565760
I_Got_Hilarious,b'Caption this: https://t.co/sfjiWvClko',Algeria,1306429582376153088
CatBirder27,b'RT @I_Got_Hilarious: #AutomobileACelebrity \nJeep T Kirk https://t.co/8ZwfYO7Z1Q',Algeria,1306425646214717440
pdiddy71,b'RT @I_Got_Hilarious: #AutomobileACelebrity \nJeep T Kirk https://t.co/8ZwfYO7Z1Q',Algeria,1306424279542759424
CatBirdTags,b'RT @I_Got_Hilarious: #AutomobileACelebrity \nJeep T Kirk https://t.co/8ZwfYO7Z1Q',Algeria,1306424030690447363
I_Got_Hilarious,b'#AutomobileACelebrity \nJeep T Kirk https://t.co/8ZwfYO7Z1Q',Algeria,1306422454638784513
SondraSousou,b'Good night ??\nBonne nuit ?\n#SenCalKalp?m? #asktasuerpriz https://t.co/TJXjCVOvI3',Algeria,1306422306210807809
I_Got_Hilarious,b'@CatBirder27 All Righty Then!',Algeria,1306419755650293765
ChampneyLisa,b'RT @I_Got_Hilarious: #AutomobileACelebrity \nGM  Carey',Algeria,1306418231146459136
CatBirder27,b'RT @I_Got_Hilarious: #AutomobileACelebrity \nGM  Carey',Algeria,1306418184568832000
I_Got_Hilarious,b'#AutomobileACelebrity \nGM  Carey',Algeria,1306417169899696128
I_Got_Hilarious,b'@MysterySolvent The Offspring',Algeria,1306411660391972864
I_Got_Hilarious,"b'@TheDemCoalition So will it be a Vaccine that he gives everyone: I will wait and see, not gonna rush in with the rest of the Crazed Herd'",Algeria,1306411154588291072
I_Got_Hilarious,b'@AgathaChocolats We have reservations for Two.',Algeria,1306409261245882369
g_pamai,b'RT @iskanderhyoshoe: My babies ? https://t.co/mamdWYrwNu',Algeria,1306402377377787904
PalmerLatifah,"b""RT @swagwizarddd: while i'm talking about art i drew tyler the creator it took a day to make please say hi https://t.co/4LSU33TYxU""",Algeria,1306402144090816517
besbousah,b'@C_Yacinho ? Idk what u mean at all cousin',Algeria,1306401646738575360
PalmerLatifah,b'RT @swagwizarddd: if anyone wondered what two years of practice does https://t.co/8F2Su0Zccx',Algeria,1306401623141429249
besbousah,b'Men deadass are trash',Algeria,1306401037939597314
