user,text,country,id
guttogl,b'@nalucaminhos siiiiiiim aff',Bolivia,1306659296785170436
zuckerwalls,b'perrieeee',Bolivia,1306657255262216193
zuckerwalls,b'JCHFUCUFUSYSYAYWYQY https://t.co/WcEqmZQs1J',Bolivia,1306594064356143104
zuckerwalls,b'@amityrie block',Bolivia,1306593501090471941
zuckerwalls,b'se for tour ou album eu morro',Bolivia,1306593161356009472
zuckerwalls,b'CAKRHAO https://t.co/OeeyuZ1Tri',Bolivia,1306277174828306434
zuckerwalls,b'LITTLE MIXXXXXX',Bolivia,1306273385308184576
zuckerwalls,b'@LittleMix Q ISS9',Bolivia,1306174229403099137
zuckerwalls,b'@lexaswheda old q simm',Bolivia,1306174063216340992
zuckerwalls,b'@duathecure o jonah de wdw vida',Bolivia,1306039224852979712
NicoBrxwN,b'@KOSDFF GET PEPPERMINT AND/OR LAVANDER SPRAY AND DRENCH THAT PORCH WITH IT',Bolivia,1305575768341336064
NicoBrxwN,b'EAT GAS',Bolivia,1305574305854615561
NicoBrxwN,b'@dxnyello Got lost in the sauce huh',Bolivia,1304800732269469696
NicoBrxwN,"b'@lewiastro Go on a run until you feel that serotonin flood your brain or until you pass out, either works'",Bolivia,1304107441450295296
NicoBrxwN,b'I rather die',Bolivia,1303826466124320768
NicoBrxwN,b'I rather die',Bolivia,1303826466124320768
NicoBrxwN,b'I rather die',Bolivia,1303826466124320768
NicoBrxwN,b'I rather die',Bolivia,1303826466124320768
NicoBrxwN,b'I rather die',Bolivia,1303826466124320768
NicoBrxwN,b'I rather die',Bolivia,1303826466124320768
NicoBrxwN,b'I rather die',Bolivia,1303826466124320768
NicoBrxwN,b'I rather die',Bolivia,1303826466124320768
NicoBrxwN,b'I rather die',Bolivia,1303826466124320768
NicoBrxwN,b'I rather die',Bolivia,1303826466124320768
NicoBrxwN,b'I rather die',Bolivia,1303826466124320768
NicoBrxwN,b'I rather die',Bolivia,1303826466124320768
NicoBrxwN,b'I rather die',Bolivia,1303826466124320768
NicoBrxwN,b'I rather die',Bolivia,1303826466124320768
NicoBrxwN,b'I rather die',Bolivia,1303826466124320768
NicoBrxwN,b'I rather die',Bolivia,1303826466124320768
Darien_RM,b'@inuyamatadatomo Nice to meet both of you.',Bolivia,1306732167549063168
PACWalnutCreek,"b""RT @catjohnson: We have 95 (and counting) workspace operators registered for next Friday's #Coworking Convo.\n\nYou in?\n\nhttps://t.co/sHo2q3v?""",Bolivia,1306731021673455616
fionaaa_lk,b'imagine being a man in 2020... embarrassing',Bolivia,1306727661385871360
YellowSwerve,b'@IceBear_Bella Here I come I am cinnamon mother fucker',Bolivia,1306725246624362496
ev1l_gamer,b'@suicidepets born too early to be treated as a sexual god. born just in time to have an evil woman post your tinder? https://t.co/tJf4WEWcII',Bolivia,1306724669752406016
notestoparadise,b'@antoccelli It burgers ?? son delis delis',Bolivia,1306724240121528330
Eu_Pedro1,b'RT @_Mendes_Matheus: Bleseed ?????? https://t.co/ujZRjVn5ZN',Bolivia,1306723402884026373
ev1l_gamer,b'@Ascendid1 gta IV if you run over peds wearing hats fast enough their hats fly off awesome stress relief',Bolivia,1306722721712107520
Nicole_Malissa,"b'@JtBellJr This could all end if you downloaded among us, but until then......'",Bolivia,1306722579781021696
Nicole_Malissa,"b'@JtBellJr Like I said, I only bully people who deserve it ?'",Bolivia,1306722256807014400
Darien_RM,b'@SmollSaid Yes yes the new trending made by Sr Said yes yes https://t.co/LSta7l1tqD',Bolivia,1306721915260854272
ev1l_gamer,b'@suicidepets future societies will ridicule the girls of today for liking tall guys just like we ridicule the roman? https://t.co/wiWjXYSpyv',Bolivia,1306721478079995904
BerlinSandra78,"b'RT @JandJDad: She is completely oblivious to the fact that she would not have her job if SOMEONE hadn\'t ""rewritten"" it.  Oh. And she tried.?'",Bolivia,1306717463363682304
racconconnoisse,b'@mexopolis ART IS THE WEAPON!',Bolivia,1306717358971432965
racconconnoisse,"b'@DannyAraya we live in a simpsons reality.\n?Of course we could make things more challenging, Lisa.  But then the st? https://t.co/vMlAbUNYWw'",Bolivia,1306716489018343424
tessabrunton,"b""Despite the orange skies last week I don't think we're in Blade Runner 2049. We're obviously in Back to the Future? https://t.co/clNh3v5yXP""",Bolivia,1306716373251366913
twilightsaga69,"b'my top hobbies right now are crying, yearning and looking at remote controlled cars online. YES i am multi faceted!'",Bolivia,1306716278543925248
racconconnoisse,b'@joaniejabronie Oh wow! this is amazing',Bolivia,1306716162151997441
racconconnoisse,"b""@ADuralde I'm an animator and I still haven't seen Meet the Robinsons""",Bolivia,1306716058565226496
racconconnoisse,"b'@CaptainChants yikes, unplug everything, check to see if all connections are clean and restart everything.'",Bolivia,1306715612475875328
BrowdeCarrie,b'Setting the stage for better conversations about allyship @googlecloud https://t.co/rywUZKaIYB',Bolivia,1306713288583950336
YellowSwerve,b'@IceBear_Bella Aka worse cinnamon toast crunch',Bolivia,1306712886673244160
YellowSwerve,b'@Mister_Regret Spelunky 2 not being on PC is a war crime',Bolivia,1306710886845833216
MaesEndara,b'@PabloAgustin #Blackpink in your area  !!!!!!!!!',Bolivia,1306710525502468096
criesincamba,b'Clink clink https://t.co/M5vXvcmZMj https://t.co/NWt82ZCfPS',Bolivia,1306708958749564929
renkylion,b'@sendez Faraon love sheidi',Bolivia,1306707660016955394
bytokay,b'@Raichuzzzzz Que imagem cursed mdsss',Bolivia,1306707120675528709
lore3440,b'RT @JandJDad: @Yamiche @OleanderNectar It means #WhiteSupremacy must be taught in all schools and professional education.  #TrumpPence2020?',Bolivia,1306706651739758597
Vulgo_Lc06,b'RT @_Mendes_Matheus: Bleseed ?????? https://t.co/ujZRjVn5ZN',Bolivia,1306705578077687811
elgordor,b'Saco screenshot de esto... https://t.co/Rc6RleZRQB',Bolivia,1306703929854562304
JandJDad,b'@willieseconpr @robreiner Yes. #InquiringMinds want to know',Bolivia,1306702975763533824
jakegillyhall,b'@_mandotorres This one?s hard. Do 4 movies I like that no one else I know knows exists at all count?',Bolivia,1306702262241079296
heyaaronkeuper,"b"".@BenGrandblade Sorry dude! Don't be mad! I thought that was hilarious!""",Bolivia,1306702099204325377
jakegillyhall,b'@Jordan_Thewlis True scholars',Bolivia,1306701506989629440
heyaaronkeuper,b'@annafunk Well then - not a lot I try to avoid spoilers before launch. :-/',Bolivia,1306700803147616256
heyaaronkeuper,b'@BenGrandblade I tagged them for ha has not to spark anything sorry my bad',Bolivia,1306699941553684480
heyaaronkeuper,b'@BenGrandblade Sorry!! yoinked!',Bolivia,1306699770308640778
heyaaronkeuper,b'@jeymien @Authoroux Do we know if there doing She-Hulk or Ultimate She-Hulk (Betty Ross) because they seem to be ma? https://t.co/0bZTcMomcF',Bolivia,1306698971956432897
heyaaronkeuper,b'@BenGrandblade I love you so much!',Bolivia,1306698466979008512
heyaaronkeuper,b'@Authoroux @Kevfeige get in here',Bolivia,1306698403955445760
heyaaronkeuper,b'@Authoroux @jeymien Like even BW in the first Avengers wasn?t even tone. I was like ?there is no way she could pull? https://t.co/o0fDOO2yxN',Bolivia,1306698032201658368
heyaaronkeuper,b'@annafunk I hated the cinematic because I hate Denathrius (spelling? Not sure). I want to kill him so much. Look at? https://t.co/stji41hvyW',Bolivia,1306697579208478721
ethanlefeb,b'RT @YellowSwerve: I made it better #ULTRAKILL https://t.co/zmNzxM0uW8',Bolivia,1306697290141380610
heyaaronkeuper,b'@jeymien @Authoroux She hulk does not go back and forth.\n\nIf they used cg it would be a CaptAmerica situation where? https://t.co/n6RkVyDGsK',Bolivia,1306697247262793728
wesley_robert08,b'RT @_Mendes_Matheus: Bleseed ?????? https://t.co/ujZRjVn5ZN',Bolivia,1306697238706565120
alllocalpolitic,b'RT @CrissaKentavr: @CoastalRailSC @asgoulson @alllocalpolitic Having great rail transit means being able to park somewhere and enjoy multip?',Bolivia,1306697083496194048
TaiChi_John,"b""RT @LeeHoldenqigong: In order to cultivate new, nourishing #energy, it's important to first let go of anything that's holding us back. Whet?""",Bolivia,1306696985320271872
tessabrunton,"b""@laterborn I'll try this out! I could use some chill.""",Bolivia,1306696865484734467
heyaaronkeuper,"b""@jeymien @Authoroux @Jeymien The thing with She-Hulk that separates her from The Incredible Hulk is that she's ALWA? https://t.co/3WwNwyQybu""",Bolivia,1306696302130995200
heyaaronkeuper,b'@Authoroux So continuing this thread.... did you notice how smol Garona was in the first Warcraft movie? I liked he? https://t.co/bOL1bWQ1S3',Bolivia,1306695898924163073
BrowdeCarrie,"b'Popsicles can be lunch, right?'",Bolivia,1306695006594367488
zer0_w0lf,b'RT @JandJDad: Sounds like all the #media is only covering fact based events. Is there a problem? https://t.co/NLDU9uCLEH',Bolivia,1306694839858327552
heyaaronkeuper,"b""@Authoroux OHHHH I hadn't considered that POV. Yeah I think you're right. That's going to be interesting. \n\nI  don'? https://t.co/at5BT33wkk""",Bolivia,1306694791338491905
Jokerfox,"b'@BlackDGamer1 I never understood the ""i need to see myself represented in my entertainment"" crowd...i like experien? https://t.co/KJ8JSEf3FB'",Bolivia,1306694417995235333
heyaaronkeuper,"b""@Authoroux Tatiana is method. If you've seen Orphan Black, there is nothing I believe she couldn't do physically to prepare for a role.""",Bolivia,1306693821527252992
heyaaronkeuper,"b""@aureylian @CinderSlays @JohnCena Even if he wished you a happy birthday, you wouldn't be able to see it. https://t.co/lLRGWANPOv""",Bolivia,1306693559257497600
elcaradeplato,"b""Mentally I'm here https://t.co/oV2OvjQudA""",Bolivia,1306693049402220546
JandJDad,b'@Yamiche @OleanderNectar It means #WhiteSupremacy must be taught in all schools and professional education.? https://t.co/ZZEMMU71hC',Bolivia,1306692369199194112
nkk,b'We?ve had blue skies for two days and it?s flipping surreal. After two months of smoke/fog/smog it?s just magical.',Bolivia,1306691514882387968
JandJDad,b'Sounds like all the #media is only covering fact based events. Is there a problem? https://t.co/NLDU9uCLEH',Bolivia,1306690924186009600
MartieTolman,"b'RT @SantaCruzMag: @sandibachom Man, woman, camera, hate hate hate hate'",Bolivia,1306690460186939392
heyaaronkeuper,b'I would let Azshara tentacle fuck the shit out of me.',Bolivia,1306690130854379520
hellbabyrox,b'just wishing i was a soft fluffy cow in a meadow with pretty flowers rn',Bolivia,1306689758383407104
JandJDad,"b'She is completely oblivious to the fact that she would not have her job if SOMEONE hadn\'t ""rewritten"" it.  Oh. And? https://t.co/MdsGJJq8dN'",Bolivia,1306689282552201216
Yemojaa_,"b'?? my love, thank you! https://t.co/RZDArgBfc1'",Bolivia,1306689276600553474
Yemojaa_,b'@coco__shenelle Thanks babes ??',Bolivia,1306689134526967810
StuporDave1,"b'Excuse me, ?Colonel,? but the American people can handle the truth.  I read Howard Zinn, and still love my country,? https://t.co/pwURspSTAG'",Bolivia,1306688955627184128
Loraleec,b'But the right eye candy becomes mind candy.  I am trying grow some soul candy here.......miss my spiritual feed of? https://t.co/V3eyRHCgU4',Bolivia,1306688782993731584
hellbabyrox,b'feeling (?????)? rn ? need a kith ????',Bolivia,1306688655247814656
Loraleec,b'We can do better. https://t.co/rRpNbI1ZY6',Bolivia,1306688052828364800
Loraleec,b'Help mandate COVID-19 testing for all healthcare workers! https://t.co/5eoqMx6q2G',Bolivia,1306687594458001408
dumbfuckinbitch,b'@juli_ebooks A QUEEN',Bolivia,1306687548538810368
Jokerfox,b'@KassyDillon The exodus is real',Bolivia,1306687051274821641
hellbabyrox,b'@cxnro SHUT',Bolivia,1306686681903366144
olafkeith,b'RT @MrsTad: Remember the editors... The Shadowmarchers under @ylvs leadership tend to be sympathetic to the long. Bets &amp; Sheila @dawbooks p?',Bolivia,1306686317439393813
hellbabyrox,b'@cxnro shutup',Bolivia,1306685800940068865
Jokerfox,"b""@DianaWintah By those standards you wouldn't even be allowed to create an acount ?????""",Bolivia,1306685052454154242
hellbabyrox,b'@cxnro SHUT UP PERSON',Bolivia,1306684652879405056
JustinCLuong,b'Testing the Fog Chamber ???? https://t.co/qM04GtlDA1',Bolivia,1306684272795725824
heyaaronkeuper,"b'@BdenneySR85 I *LOVE* the aesthetic, I loved the direction and I loved the music and VO work. I guess I had a very? https://t.co/pbmUheClzR'",Bolivia,1306684268358197249
hellbabyrox,b'@ramoneisalone no im not',Bolivia,1306683624217964544
hellbabyrox,b'@cxnro SHUT UP',Bolivia,1306683594069307392
sebassuxx,b'@cardisuxx @KeshaRose i hate it here',Bolivia,1306683526239092741
sebassuxx,b'can she stop for 1 second being a brainwashed celebrity? Ughhhh',Bolivia,1306683445469499395
cardisuxx,"b'RT @sebassuxx: explain, @KeshaRose explain https://t.co/CsYkjBXgMW'",Bolivia,1306683418214838275
hellbabyrox,b'when i become president im gonna do whats RIGHT ?',Bolivia,1306683167428943872
sebassuxx,"b'explain, @KeshaRose explain https://t.co/CsYkjBXgMW'",Bolivia,1306683150194663426
_pretayass,b'kkkkkkkkkkkkkk auge https://t.co/eHTKzUQgRq',Bolivia,1306682518729449472
DiegoXtremeGD1,b'RT @DaVinciDalmata: Fanart of Delilah Dalmata\n1/6 one of the six characters of a future fancomic.\n no start date yet\n#101DalmatianStreet #d?',Bolivia,1306682319013580801
DebitCardDad,b'Woooooowwww let?s be even easier on the rich https://t.co/koPaf2JEG3',Bolivia,1306681634796613634
StuporDave1,b'Does ?dick tater tot? describe Orange Hitler? https://t.co/ADTfZY42ub',Bolivia,1306681032129703936
ToddVickers2,b'@AVindman What seems forgotten is Trump did nothing after learning Russians were paying bounty on American soldiers? https://t.co/cvxEn4g6ZN',Bolivia,1306679711989342209
StuporDave1,b'Can we rely on these statistics not being massaged &amp; politicized to make Trump look good?  I think not.? https://t.co/N4c9qixxqe',Bolivia,1306679583165411328
DaVinciDalmata,b'Fanart of Delilah Dalmata\n1/6 one of the six characters of a future fancomic.\n no start date yet? https://t.co/FkQHsTxDso',Bolivia,1306679402823061505
design_gus,b'#rbduffsc X @umbro Concept https://t.co/cziX8HwIuE',Bolivia,1306678200509124609
tekfunkdub,b'@RickKackis You could just buy a SSD and solve that problem now.',Bolivia,1306678179021553664
caiohurtado,b'#911iscoming PATCH THE FUCKING LINE https://t.co/X90ZSEdtU1',Bolivia,1306677750212841472
realAchachairu,b'@tmprryblss This shit https://t.co/MB9AfrtN5H',Bolivia,1306677718675841026
Jokerfox,"b""@LadyMagaUSA @Joy_Villa I'm glad she lifted you up...we need you in good mental health for this stretch run ??""",Bolivia,1306677712858349570
realAchachairu,"b'@tmprryblss Apple Music, no Spotify https://t.co/tpxVRkV5v9'",Bolivia,1306677602011279361
rony55_,b'@AdriAeroshk Quee??',Bolivia,1306732184389259265
MADCHARLIE,b'Jugando DEAD BY DAYLIGHT https://t.co/vjhVrMdM0h',Bolivia,1306729820106248194
julianabich,b'@teenagez0mbi3 it?s sad how quick i understood this tho',Bolivia,1306729458876002304
EcheverriaFcBol,b'Bonita noche mi flaquis preciosa ??\nAlways with love in your heart??\n@sandraecheverriaoficial https://t.co/iAdH8yrFk4',Bolivia,1306729337916252161
emiliowilde,"b'Top story: TikTok reaches deal that would give Oracle oversight of U.S. operations https://t.co/TrkbS8lxEb, see more https://t.co/7ltE52ZIlu'",Bolivia,1306728992691683328
Neoar2000,b'@CashApp I want! $NeoAliaga',Bolivia,1306724784705765378
tincho_vargas,b'@JaeKyung_K Hi  my name is Cesar i am form Bolivida and i see you on the drama The Secret Life of My Secretary o ad? https://t.co/BGLglmOqFc',Bolivia,1306723668647727106
Llajuafermenta1,b'@OVargas52 Desperate orders from above... https://t.co/ySK8uAg5Dx',Bolivia,1306718448463097859
Dlack333,b'@ArielArmaita @Solidarity_Star @Texas_Carla Okay America does go into countries all over the world but hell that is a ridiculous claim.',Bolivia,1306717960216739840
ItsJokerable,b'@moncherrieh I felt this',Bolivia,1306716883312410625
Dlack333,"b""@stone_toss Understand what tho? I'm gonna be honest, I'm kind of an idiot so I don't understand. Explain please""",Bolivia,1306716853486657538
fannyangeles718,b'VISPERAS DEL HAPPY!!!!???? https://t.co/HZguJ1kiyY',Bolivia,1306714688802238464
fannyangeles718,b'Esta cute ??? THANXXX!!! https://t.co/RGCLksZHeZ',Bolivia,1306714232185139201
ItsJokerable,b'@jadeyanh Gorgeous',Bolivia,1306713922880376832
ItsJokerable,b'@ardentgf True',Bolivia,1306713473125154816
WenQuispe,b'@edgarinvillegas Imbecil',Bolivia,1306712165483720717
fannyangeles718,b'Cute boys???? https://t.co/bJTaBomgTt',Bolivia,1306711762834804738
ItsJokerable,b'@moncherrieh Perhaps',Bolivia,1306710373266075648
theYahzee,b'@Pheonix_Force @Lady_Le_Fay Good luck with that. Benjamin Wallfisch is doing that one',Bolivia,1306709842309066752
theYahzee,"b""@ashrafanam960 @Lady_Le_Fay And come on, McCreary is the only composer in Godzilla's history that didn't create his? https://t.co/Sh9L7ANoB6""",Bolivia,1306708769418760195
fannyangeles718,b'So amazing!! For: @sanniewithluv @saniangelito @KICKITSAN @SANIC0RE @sanfachero @Sanniebuu @sanniedayz @SanistaEnt? https://t.co/TEKjbSmy2x',Bolivia,1306708719737110534
clau_shepp,b'RT @fannyangeles718: GOD JOB!!!! ???? #ATEEZ &amp; @ATEEZofficial ?????????????????????????????????????????',Bolivia,1306708667887165440
theYahzee,"b""@ashrafanam960 @Lady_Le_Fay Oh common. His comments were so arrogant. Funny thing is he didn't even used his own th? https://t.co/j0kEqrUjH5""",Bolivia,1306708325711708165
fannyangeles718,b'GOD JOB!!!! ???? #ATEEZ &amp; @ATEEZofficial ????????????????????????????????????????? https://t.co/a0xNHAZ6W2',Bolivia,1306707285243297792
CEMESBolivia,b'CDC: More Than Half of Pregnant Women With COVID-19 Lacked Symptoms https://t.co/dGhrHM3Gxo',Bolivia,1306707203404050434
Marit98943556,b'RT @EmbEUAenBolivia: ?Eres un l?der de tu comunidad y sabes ingl?s?\nAre you a community leader working to improve your local community by a?',Bolivia,1306706810036944896
Aihtnic21,b'@Koreaboo TXT 4TH GEN LEADERS\n\n@TXT_members \n@TXT_bighit \n#TXTisComingBack\n#TXTOBER \n#TOMORROW_X_TOGETHER \n#TXTisComing\n#?????????',Bolivia,1306706571964149760
ItsJokerable,b'@Kotaku Hell yea im sick of my jet engine',Bolivia,1306706379353272322
fannyangeles718,b'Really???????? https://t.co/yIrP5uqm8U',Bolivia,1306703654515290112
LUISSALINASSAN1,b'@OVargas52 @SDoriaMedina True enough... @SDoriaMedina should get back to his business and companies and keep doing? https://t.co/yCPKb6oJJc',Bolivia,1306703025575202816
Aihtnic21,b'@allkpop TXT 4TH GEN LEADERS\n\n@TXT_members \n@TXT_bighit \n#TXTisComingBack\n#TXTOBER \n#TOMORROW_X_TOGETHER \n#TXTisComing',Bolivia,1306702775049359360
HernanPayrumani,b'Probabilistic Combinatorics Online 2020\nSeptember 23 - 25\n\nhttps://t.co/QZjG4Q2b9w',Bolivia,1306702691368865794
fannyangeles718,b'@Minra_19 @SanistaEnt X3 x4 x5 x6',Bolivia,1306702417954844674
om4r_g4rc14,"b""@PokemonGoApp So sad ? I'm going to miss  Jessie and James""",Bolivia,1306701499985207299
IvnVelasquez,b'@verokamchatka Control laboral.\n\nSweet !',Bolivia,1306699980913156098
fonbenoit,b'@BryanOM13 @OM_Officiel @orangevelodrome Arbitrage lamentable ? ???',Bolivia,1306698442408943616
ArielAlvarado5,b'@anthonydjames Here! ?',Bolivia,1306698170278305792
JeanJugnot,b'@JLMelenchon Losers https://t.co/zJIVGOPQXT',Bolivia,1306698042226208769
fonbenoit,b'@Aymeric46224458 @WinamaxSport Pleure',Bolivia,1306697589979574277
ItsJokerable,"b""Ya boi finessed a guitar hero guitar and Dj Hero turntable with the game for 50 bucks \n\nExcuse the messy bed it's b? https://t.co/foBQpozHyF""",Bolivia,1306696491709464577
joselbr5,b'for your skills in #pentesting #bugbounty #hacking https://t.co/pqXgmJ5x6o',Bolivia,1306696173785415683
angiemagneto,b'@annieloveshyun @loving_khj @JencYeow I was wondering if the platform itself will let us send the image from our sm? https://t.co/yTxgIRApwa',Bolivia,1306695142758330370
Esthersuchi,"b'Top story: Moderna Shares the Blueprint for Its Coronavirus Vaccine Trial https://t.co/bzZ6BEFXM4, see more https://t.co/WnA3DPPbq9'",Bolivia,1306694282678595584
rqu10,"b'@Micky23081 ""Time seems to be frozen, but the mind can be fooled... As the days pass I discover... Destiny just can? https://t.co/2q3ppWkjZP'",Bolivia,1306694222469308421
Esthersuchi,"b'Top story: Video on Twitter https://t.co/fY0ldfcAZR, see more https://t.co/juVyRZ7J6C'",Bolivia,1306693894537699328
joselbr5,"b""Yeah!! It's coming soon the most large hacking event #bugbounty ???? https://t.co/sbGFHy0hrI""",Bolivia,1306693002484645888
emiliowilde,"b'Top story: New York City mayor delays in-person learning for most students - CNN https://t.co/ykE3pzE9sZ, see more https://t.co/7ltE52ZIlu'",Bolivia,1306691273856872448
joselbr5,b'Check this ???? https://t.co/HenVkr6J1N',Bolivia,1306691115832221704
angiemagneto,"b'?? SS501 ??\n\nThanks so much, @mystyle1103 https://t.co/lFc57VzMNZ'",Bolivia,1306687315813822465
angiemagneto,b'@BTStranslation_ You have to get it pulled out!!! Try drinking a pain killer for the moment. Here in Bolivia most d? https://t.co/KllXMbCKJG',Bolivia,1306686991707385858
AndyIbanezK,"b'@Dimillian The weather in my country, mostly ?'",Bolivia,1306686223386390528
geovannyhj,b'@ladygaga Back to the 2013!!!!',Bolivia,1306684466082045954
millietmed,b'@Jo92Jo Everything will be fine! #bravewoman',Bolivia,1306683108566204419
AlexeiWong,b'@OznaRCastruita Que apo my Nigga!',Bolivia,1306682954375000064
jorgejuarez94,"b'@Yan2295 ""ded gaem, gib me GTA VI pls""'",Bolivia,1306681925810171905
amygdalacouture,"b'@MarshaBlackburn is not only a liar and a hypocrite, she?s also an idiot. https://t.co/gogGUh2Spk'",Bolivia,1306680857093001216
ItsJokerable,b'@IGGYAZALEA Queen',Bolivia,1306680549667463168
NotiBolGroup,"b""we will dance on your grave BILL you'll pay all your sins https://t.co/YDbS6V2gOy""",Bolivia,1306680115468922882
amygdalacouture,"b'@MarshaBlackburn Never heard of amendments, huh, genius?'",Bolivia,1306679725645950977
amygdalacouture,b'@mkraju Too bad',Bolivia,1306679101508300800
natalyvegar,b'I want out de esta vida',Bolivia,1306678893781319681
landoquiroga,b'@CFValverde Charly Table ....',Bolivia,1306672565113491461
EmbEUAenBolivia,b'?Eres un l?der de tu comunidad y sabes ingl?s?\nAre you a community leader working to improve your local community b? https://t.co/ZmpE91oXly',Bolivia,1306670579962073090
jacordova1961,b'Tony Abbott hacked after posting boarding pass on Instagram\nhttps://t.co/KVsOvOONGk',Bolivia,1306668109571534848
tebot,b'A Faster and Easier Way to Manage Your Business on Facebook and Instagram - About Facebook https://t.co/7A8hM3H6ea',Bolivia,1306666291349131264
John_Sevigny,b'RT @jamesbrunker: Well worth a look!',Bolivia,1306663914839695369
Salva_Lizeca,"b""Prisoners' Barracks, Hyde Park https://t.co/fXis60AzM0""",Bolivia,1306663786762440707
ANBOLIVIA,"b'I have 5 new followers from Bolivia ??, and more last week. See https://t.co/f58bxCPN0h https://t.co/CJMs47VFqU'",Bolivia,1306660324058312705
erHauNss,b'@MKuro98 OMG\n\nKiara be like: https://t.co/8vUvCFBDhI',Bolivia,1306659164459077632
SumVilla,b'It was a pleasure to play against @Mengu09 on the Early Access Streamer Event!!! thanks to @MTG_Arena for the previ? https://t.co/tz6SqABbC2',Bolivia,1306657725842153477
erHauNss,b'@MKuro98 So this is her truly final form',Bolivia,1306656941469577218
DonMalcri,b'@WWE @TJWilson the best for sure',Bolivia,1306656747935981570
Esthersuchi,"b'Top story: Climate crisis 233m years ago reshaped life on Earth, say scientists | Science | The Guardian? https://t.co/AOIAMTplre'",Bolivia,1306655026232913923
Esthersuchi,"b'Top story: - The Washington Post https://t.co/4kGicDRVPS, see more https://t.co/fxrr9w8uCj'",Bolivia,1306655012190384130
Esthersuchi,"b'Top story: The New Apple Watch Measures Your Blood Oxygen. Now What? https://t.co/rNjuyyOsU2, see more https://t.co/juVyRZ7J6C'",Bolivia,1306654612934533121
theYahzee,b'@hbomax @RaisedWolvesMAX Congrats! Love the show and I was hoping for this news ??',Bolivia,1306651841841827843
fannyangeles718,b'LOVE LOVE LOOVE!!! https://t.co/M7MnmsKG4u',Bolivia,1306651143087456258
emiliowilde,"b'Top story: Former Obama official who cast doubt on Burisma claims to testify in GOP probe https://t.co/fbxyWAbBac,? https://t.co/hnVZtqflQe'",Bolivia,1306651009553498112
reymenflo,"b""Damien Rice - The Blower's Daughter - Official Video https://t.co/56YrlU3Vgp v?a @YouTube""",Bolivia,1306650816397312001
reddevilcarlo,"b'@ManUnitedZone_ No, please... Save us'",Bolivia,1306650739578732545
HernanPayrumani,b'Thinking Clearly About Correlations and Causation: Graphical Causal Models for Observational Data\n\nhttps://t.co/LxxCISBNUA',Bolivia,1306650211830435840
Esthersuchi,"b'Top story: The New Apple Watch Measures Your Blood Oxygen. Now What? https://t.co/rNjuyyOsU2, see more https://t.co/u3F7XguAnS'",Bolivia,1306648553444593671
VisceralArauz,"b'@bevirage Donde come 1,comen2'",Bolivia,1306646126716686337
CatherineSher10,"b'RT @jamesbrunker: New artwork for sale! - ""Alpacas Lake Chungara and Parinacota Volcano Chile"" - https://t.co/VmysB1qLqV @fineartamerica ht?'",Bolivia,1306645003104550912
Milo_del_mal,"b""@Crazy4ComicCon I'll probably go back to her works after she is death...""",Bolivia,1306641846832001025
Eleakim31,"b""Shadowlands Afterlives: Revendreth https://t.co/0Y1AKZ6XRT a trav?s de @YouTube \n\nSome of that good 'ol sadism. *ChefKiss*""",Bolivia,1306641385798463492
jamesbrunker,"b'Very interesting! ?Viking? was a job description, not a matter of heredity, massive ancient DNA study shows https://t.co/pzyWDPZ6Th'",Bolivia,1306638756024324097
hanimeme2,b'RT @erHauNss: @pepsi_than @shenanigansen is this https://t.co/E0Y5EPSaP3',Bolivia,1306638342382063616
la_danibo,"b'Just posted a photo @ La Paz, Bolivia https://t.co/1EZ9PM7Zcb'",Bolivia,1306637809793499137
erHauNss,b'@pepsi_than @shenanigansen is this https://t.co/E0Y5EPSaP3',Bolivia,1306637046694506498
la_danibo,"b'Just posted a photo @ La Paz, Bolivia https://t.co/vzQ4oog9qc'",Bolivia,1306636725226221573
JuanXote23,b'@cvander Discord!',Bolivia,1306635699597312001
IvnVelasquez,b'Cool https://t.co/xSWFfT1qPg',Bolivia,1306634878419689472
IvnVelasquez,b'I can not imagine. https://t.co/xfrL7qy39c',Bolivia,1306632605480218626
jamesbrunker,b'Well worth a look! https://t.co/1PjxlzdHvj',Bolivia,1306632582327611397
Milo_del_mal,"b'#LonesomeVillage by @OgrePixel is finally live on Kickstarter.\nIf you like Zelda, if you like Animal Crossing, this? https://t.co/O3fdL8i3p2'",Bolivia,1306628011450540033
AndyIbanezK,"b'I am too used to force touch my Watch to clear notifications, and the fact I can?t do that on watchOS 7 is sending my brain for a spin.'",Bolivia,1306624343967969285
LUISSALINASSAN1,b'@KawsachunNews Fake...as usual!',Bolivia,1306622982765318146
AndyIbanezK,b'@jas_np &gt; Instrumental song playing in the background.',Bolivia,1306621825380757506
fannyangeles718,b'Gato Moon ? https://t.co/X6FezXqDXf',Bolivia,1306621270205882368
mr_slepp3,b'RT @TheMonghy: @ParadoxAkumu Why do people take FICTIONAL SHIPS so seriously?!? Like... Jesus Christ dude... why do this over dumb shit lik?',Bolivia,1306731630837592066
2616__,b'RT @SosaA1983: @momofarmympvet @Aug_1405 It happens because August is a resistance infiltrator that uses trains to find MAGA accounts to su?',Bolivia,1306729984338227200
2616__,"b""RT @SosaA1983: More evidence of August reporting MAGA accounts. She's still being added to trains but I've noticed the numbers are starting?""",Bolivia,1306729968617967618
2616__,b'RT @SosaA1983: Proof that August and Brooke are report MAGA accounts. https://t.co/4bmKj49z9j',Bolivia,1306729946262372352
2616__,"b""RT @SosaA1983: Voter registration showing August and Brooke aren't MAGA. https://t.co/ISFSfmbkrA""",Bolivia,1306729896509546496
House_Tag_Denim,b'RT @TheMonghy: @House_Tag_Denim Yeah... I hope someone can recommend you something soon!',Bolivia,1306729486369656832
TheMonghy,b'@House_Tag_Denim Yeah... I hope someone can recommend you something soon!',Bolivia,1306729419529166849
2616__,b'RT @SosaA1983: ATTENTION ALL PATRIOTS. \n\nBeware of resistance infiltrators. There are fake MAGA like @Aug_1405 who are using trains to buil?',Bolivia,1306729235587850240
TheMonghy,b'@House_Tag_Denim I use the one Apple already have in the iPhone',Bolivia,1306729114854985728
SosaA1983,b'@MiaSantini_ @KillerCrayola @brick_one @LarryIAm2020 @Aug_14O5 @5150_2020 @WhitestLatina Maybe. August lost hers. ?? https://t.co/8FlbLHKxcw',Bolivia,1306728773597962248
TheMonghy,"b'@House_Tag_Denim That?s weird, I wish I could help you but I?m using iPhone'",Bolivia,1306728739326300162
mendilp,"b'RT @MercadoIracema: MAS Government Plan and Program, speaks of worsening extractivism in Bolivia which means a massive and devastating dest?'",Bolivia,1306728362686152706
YohJamiro,b'RT @TheMonghy: Good morning y?all! Have a great day https://t.co/5TmMsHr1bB',Bolivia,1306728273339056129
SosaA1983,b'@MiaSantini_ @KillerCrayola @brick_one @LarryIAm2020 @Aug_14O5 @5150_2020 @WhitestLatina August. ROTFLMFAO https://t.co/Sw0GgiQb12',Bolivia,1306728086449393666
MercadoIracema,"b'MAS Government Plan and Program, speaks of worsening extractivism in Bolivia which means a massive and devastating? https://t.co/DvlUzixdeZ'",Bolivia,1306727967045935104
SosaA1983,"b""@MiaSantini_ @LightworkerAnon @SCOCA19 Yeah, what's the problem. It looked pretty accurate to me.""",Bolivia,1306725204530466817
TheMonghy,"b'@ffruitgoddess Nah, we don?t hate you, it?s just school/college'",Bolivia,1306724735443701761
TheMonghy,"b'@TheShadeRed @_YuukoKanoe Same tbh, I really hope she can feel better soon'",Bolivia,1306724502928318467
BooBoo03871369,"b'RT @SosaA1983: @RedRiot__ @MiaSantini_ @SCOCA19 Yeah, Brooke is a real winner. https://t.co/2TXXmuqG06'",Bolivia,1306724129618497536
TheMonghy,b'@coifjared God I hope',Bolivia,1306723982230597632
TheMonghy,b'How many women do you think rejected this guy? https://t.co/mbDYTquxNb',Bolivia,1306723637286834176
gabonogales,b'Does anyone know who this is? https://t.co/JkqmPJDvqG https://t.co/gwjgb7AyVB',Bolivia,1306723588280647680
TheMonghy,b'@marianne_png I am made out of water :)',Bolivia,1306722840285196288
TheMonghy,b'@marianne_png I live under a bridge',Bolivia,1306722661255581697
TheMonghy,b'@ChieSimp Like ?',Bolivia,1306722575456915460
TheMonghy,"b'@marianne_png Jokes on you, I hate my family and I?m not living with them right now :)'",Bolivia,1306722512156360704
TheMonghy,b'@LuanColaX I like this :)',Bolivia,1306722028309880832
TheMonghy,b'@_YuukoKanoe Same...',Bolivia,1306721742027722754
ciciallover,b'@homemadewitch My pinkies',Bolivia,1306721157920432128
UrielLowell,b'// Really??',Bolivia,1306719542287228930
MercadoIracema,b'@HistoricLy7 @mrpolicywonk @KareemRifai So please inform yourself better sweetie and this coming from a left wing B? https://t.co/JyVevVBio9',Bolivia,1306718629745045504
MercadoIracema,b'@HistoricLy7 @mrpolicywonk @KareemRifai 1. Not a coup\n2. MAS party did a lot of damage to certain indigenous nation? https://t.co/Jw74YOSiAK',Bolivia,1306718162226995205
TheMonghy,b'@LafontantDwayne The Verminator is eternal',Bolivia,1306717744872787968
TheMonghy,b'Of course not lmao https://t.co/686ES00tvy',Bolivia,1306717487468343296
TheMonghy,b'@LeahIsGay69 Hello Leah :)',Bolivia,1306715994199658503
TheMonghy,b'Facts https://t.co/8KosxodLg2',Bolivia,1306715731602673670
TheMonghy,b'@JiraiyaNoOkami @P4GRodd @SMT_StruggleSus Man... how time flies lol',Bolivia,1306714563631554563
TheMonghy,b'@EmperorOfIncels @LeahIsGay69 I honestly think the only reason Vanilla P5 got ported to PS Plus instead of Royal is? https://t.co/xDElQjBBKn',Bolivia,1306713350752145414
TheMonghy,b'@PoliteBoyy @EmperorOfIncels @LeahIsGay69 I think that?s because of the whole review-bombing debacle it got into',Bolivia,1306712990574575621
TheMonghy,b'@EmperorOfIncels @LeahIsGay69 This is the AAA Games industry we?re talking about :/',Bolivia,1306712859905331200
TheMonghy,b'@PoliteBoyy @EmperorOfIncels @LeahIsGay69 Of course Activision and Take Two are the first to jump on the bandwagon...',Bolivia,1306712616799145984
TheMonghy,"b'@EmperorOfIncels @LeahIsGay69 Idk, but 1st Party Sony Games will be $69.99 from now on on PS5, idk about 3rd Parties'",Bolivia,1306712267363360768
TheMonghy,b'@EmperorOfIncels @LeahIsGay69 All games on PS5',Bolivia,1306711904661000192
TheMonghy,"b'@JiraiyaNoOkami The Law Hero from SMT 1, I just have him as my pfp because I like his hair and I?m trying to grow mine out like his lol'",Bolivia,1306711042664341507
TheMonghy,"b'@crawling_nyarly As long as we still have the eShop, I?ll be fine'",Bolivia,1306705250015993857
TheMonghy,b'@NebularFruit Wait... why does your school have a Twitter account?',Bolivia,1306704240115691524
TheMonghy,b'@RevivedOziach Are you trying to tell us something?',Bolivia,1306704033084829697
2616__,"b""RT @SosaA1983: @RedRiot__ @Vortex_Vixen_ @LarryIAm2020 @MiaSantini_ @SCOCA19 @MKshake_ She's a joke. I laugh at her phony tough girl act.""",Bolivia,1306703671447543809
hechodeagua,b'So this things CAN happen! ?? https://t.co/x49eIC5X8i',Bolivia,1306702568505171976
TheMonghy,"b'@SMT_StruggleSus I like Naoki Kashima better, because Shin was also the name of the protag in Persona Trinity Soul,? https://t.co/E6aneluhv7'",Bolivia,1306701361648668672
3812,b'RT @SosaA1983: @WOP_45 @honnnnie2 @TrinaAltadonna @FreatoMaura @trinareyes @Philly4MAGA @CaliChick777 @MarianaHirmas @ArchangelB @Brusocrew?',Bolivia,1306700193178546176
TheMonghy,b'@_plantbat_ That would be interesting ngl lol',Bolivia,1306698093014941707
BooBoo03871369,b'RT @SosaA1983: @456788_phantom @BooBoo03871369 Larry is a kiddie didler. Ask him about him recording his sexual acts with 13 year old girls?',Bolivia,1306697098797232128
NavyVeteranMAL,b'RT @SosaA1983: @WOP_45 @honnnnie2 @TrinaAltadonna @FreatoMaura @trinareyes @Philly4MAGA @CaliChick777 @MarianaHirmas @ArchangelB @Brusocrew?',Bolivia,1306694925594042370
NavyVeteranMAL,b'RT @SosaA1983: ATTENTION ALL PATRIOTS. \n\nBeware of resistance infiltrators. There are fake MAGA like @Aug_1405 who are using trains to buil?',Bolivia,1306694807960662019
demifiendsmt3,b'RT @TheMonghy: THAT WAS TRASH NINTENDO!!!!!1!111!11!1 WHERE IS MY NEW SUPER F-ZERO HD REMIX WITH HIGH DETAIL CAPTAIN FALCON NUDES?!? WHERE?',Bolivia,1306693214796214273
sonofslum,b'RT @SosaA1983: @LarryIAm2020 The only facts here are you were caught on a daddy/daughter incest site and you had a sexual relationship with?',Bolivia,1306692175644811264
TriestSouL,b'RT @TheMonghy: TFW you forget the plot of your own movie',Bolivia,1306680612087103489
dawalf,b'RT @SosaA1983: @jimscileppi @opend5 @Ambi4T @colmbck @AshleyA19 @Randy7998 @the_start_line @Patriot_Michele @MoreThanSilver1 @AnnieGetHerGu?',Bolivia,1306679267284131841
ItSyAbOigAnGs,b'@LivingScribe Poe in 6 months https://t.co/hF7pirw9pb',Bolivia,1306676226162122752
SosaA1983,"b""@RedRiot__ @Vortex_Vixen_ @LarryIAm2020 @MiaSantini_ @SCOCA19 @MKshake_ She's a joke. I laugh at her phony tough girl act.""",Bolivia,1306675867901456384
shubhjsh,"b'RT @TheMonghy: SMT IV, it?s a wonderful JRPG with simply fun and addictive combat, an overworld with tons of secrets to discover, hundreds?'",Bolivia,1306675559548633088
SosaA1983,"b""Voter registration showing August and Brooke aren't MAGA. https://t.co/ISFSfmbkrA""",Bolivia,1306675367374184449
SosaA1983,b'Proof that August and Brooke are report MAGA accounts. https://t.co/4bmKj49z9j',Bolivia,1306674160110837761
SosaA1983,"b""More evidence of August reporting MAGA accounts. She's still being added to trains but I've noticed the numbers are? https://t.co/hyVuEdITiF""",Bolivia,1306673310781054976
LuxAmnis,"b'RT @TheMonghy: SMT IV, it?s a wonderful JRPG with simply fun and addictive combat, an overworld with tons of secrets to discover, hundreds?'",Bolivia,1306673000113147904
TheMonghy,"b'Also, honorary mention goes to Soul Hackers and Strange Journey Redux lol, I love both these games, especially Soul? https://t.co/auXEOeMEjG'",Bolivia,1306672722416672768
Demifiendcturne,"b'RT @TheMonghy: SMT IV, it?s a wonderful JRPG with simply fun and addictive combat, an overworld with tons of secrets to discover, hundreds?'",Bolivia,1306671907601743872
TheBrianOporto,"b'@FiteTV ""The Man"" Becky Lynch. Interesting character at first, annoying as balls then.'",Bolivia,1306671812445601794
822Hase,"b'RT @TheMonghy: SMT IV, it?s a wonderful JRPG with simply fun and addictive combat, an overworld with tons of secrets to discover, hundreds?'",Bolivia,1306671533700657169
NeusKuroba,"b'RT @TheMonghy: SMT IV, it?s a wonderful JRPG with simply fun and addictive combat, an overworld with tons of secrets to discover, hundreds?'",Bolivia,1306671527488704513
SCOCA19,"b""RT @SosaA1983: @MiaSantini_ @SCOCA19 Brooke doesn't even pay her bills ffs. Conswrvatives aren't deadbeats, liberals are. https://t.co/SKz3?""",Bolivia,1306671460983934982
TheMonghy,"b'SMT IV, it?s a wonderful JRPG with simply fun and addictive combat, an overworld with tons of secrets to discover,? https://t.co/2aA6eP8x5n'",Bolivia,1306671290208657415
dixiememeous,b'@Dracozer same',Bolivia,1306671174710157318
dixiememeous,b'@myunclesmemes lmao me_irl',Bolivia,1306670131762917376
TheMonghy,"b'@Traced_Morpheus Well, you will say it here now'",Bolivia,1306670025357570051
TheMonghy,b'@Traced_Morpheus I want Haru to sit on my face and fart as loud as she can',Bolivia,1306669651217256449
TheMonghy,"b'@whyask238 @EmperorOfIncels No, I?m playing on actual hardware'",Bolivia,1306669083258216451
TheMonghy,"b'@BasedSimeon @whyask238 @EmperorOfIncels Yeah, just ONE, everything else was easy'",Bolivia,1306668954140762114
TheMonghy,"b'@whyask238 @EmperorOfIncels I don?t suck at Nocturne, it?s just that I?m playing on hard and White Rider was a tota? https://t.co/h9vJFP4osl'",Bolivia,1306668712074907648
TheMonghy,"b'@adoukie Lmao, WHAT?!? By these people\'s logic, I have the largest case of ""Internalized fatphobia"" ever'",Bolivia,1306667587338670080
deadspiration,b'RT @TheMonghy: TFW you forget the plot of your own movie',Bolivia,1306667102921662464
TheMonghy,"b'@Reign_is_NA1 I have an entire game library worth of ROMs lol, you just need to know where to look'",Bolivia,1306666918498177024
HembG,b'RT @SosaA1983: @jimscileppi @opend5 @Ambi4T @colmbck @AshleyA19 @Randy7998 @the_start_line @Patriot_Michele @MoreThanSilver1 @AnnieGetHerGu?',Bolivia,1306666545830072323
SosaA1983,"b'RT @SosaA1983: @RedRiot__ @MiaSantini_ @SCOCA19 Yeah, Brooke is a real winner. https://t.co/2TXXmuqG06'",Bolivia,1306665682403295235
SosaA1983,b'@RedRiot__ @Vortex_Vixen_ @LarryIAm2020 @MiaSantini_ @SCOCA19 @MKshake_ Shake likes to hide her main behind a block? https://t.co/N9MPH4VrVe',Bolivia,1306665342274613254
cmokWe131,b'Hmmm a las 6?',Bolivia,1306664901222555650
SosaA1983,b'@momofarmympvet @Aug_1405 It happens because August is a resistance infiltrator that uses trains to find MAGA accou? https://t.co/Dn9MW1TNCJ',Bolivia,1306664697232609283
SosaA1983,b'@LarryIAm2020 @PatriotPanel @DFBHarvard @DLindsey2 @luvnewinfo @tweets4poppy @2501Wolf @cali_curmudgeon @CaliRN619? https://t.co/HVniI2QDM1',Bolivia,1306664029541236736
GaillardAlda,b'RT @SosaA1983: @jimscileppi @opend5 @Ambi4T @colmbck @AshleyA19 @Randy7998 @the_start_line @Patriot_Michele @MoreThanSilver1 @AnnieGetHerGu?',Bolivia,1306663615005700096
SosaA1983,b'@Blues_Heavn @2501Wolf @IndigoKnow @PoliticsYear @mark396tx @1nomdeplume @Unsilent17 @USA_Anne711 @MyQueenRedVenus? https://t.co/P5cUFFSs8H',Bolivia,1306663422512295939
mohinde26136281,b'RT @SosaA1983: @jimscileppi @opend5 @Ambi4T @colmbck @AshleyA19 @Randy7998 @the_start_line @Patriot_Michele @MoreThanSilver1 @AnnieGetHerGu?',Bolivia,1306663121084350464
Kansasgirl1,b'RT @SosaA1983: @jimscileppi @opend5 @Ambi4T @colmbck @AshleyA19 @Randy7998 @the_start_line @Patriot_Michele @MoreThanSilver1 @AnnieGetHerGu?',Bolivia,1306662726031347712
SosaA1983,b'@456788_phantom @BooBoo03871369 August has gotten hundreds of MAGA accounts suspended. Big accounts too. https://t.co/CGrwHB2R8l',Bolivia,1306657980855836674
SosaA1983,b'@456788_phantom @BooBoo03871369 Larry is a kiddie didler. Ask him about him recording his sexual acts with 13 year? https://t.co/hkNuBWFE2L',Bolivia,1306657321658052608
SosaA1983,"b""@WhitestLatina @LarryIAm2020 Because he's trying to prove to August that he can protect her and he's failing misera? https://t.co/W2WSWtlsdE""",Bolivia,1306656696983576577
SosaA1983,"b'@RedRiot__ @MiaSantini_ @SCOCA19 Yeah, Brooke is a real winner. https://t.co/2TXXmuqG06'",Bolivia,1306655625154363394
ferrer_marc,b'@Gatadenit I fins on has anat?',Bolivia,1306649437608062976
Twilit_Hero,b'RT @TheMonghy: TFW you forget the plot of your own movie',Bolivia,1306647361268133888
ciciallover,b'@homemadewitch Gemini rising. Fox and the hound ?',Bolivia,1306646538802749440
ItSyAbOigAnGs,b'@LivingScribe Poe in 6 months https://t.co/hF7pirw9pb',Bolivia,1306676226162122752
dixiememeous,b'@Dracozer same',Bolivia,1306671174710157318
dixiememeous,b'@myunclesmemes lmao me_irl',Bolivia,1306670131762917376
burnolop,b'Vou para o tf2 ser friendly',Bolivia,1306590960483291136
Ruth977254491,"b'@RubinReport Well, the vote will be by mail , whether Trump wants to rig the election again, the latino community t? https://t.co/5JN4zbxTMe'",Bolivia,1306463546201403396
ItSyAbOigAnGs,"b'@LivingScribe Imma just say it: the belief that the black male is a ""savage brute"" is still there, so in order to ""? https://t.co/Caox97ei4T'",Bolivia,1306316113085595649
ItSyAbOigAnGs,"b'@LivingScribe East Coast, Beast Coast'",Bolivia,1306310031491715072
iamatachyon,b'@joseperescajias Link???? :D',Bolivia,1306205967193911297
ItSyAbOigAnGs,"b""@TheHinduDindu So POC(s) who truly went through the sufferage to get POC the rights they have now aren't POC(s)?""",Bolivia,1306050724065939457
mauricazorla,"b""@MarinaValmont you're welcome""",Bolivia,1306039296097505281
Ruth977254491,b'@mexicambita Wevones????',Bolivia,1306030342688501761
luisito_ayllon,b'Spot en proceso https://t.co/CA64RV8eYN',Bolivia,1306021369159839745
ItSyAbOigAnGs,"b'@LivingScribe Back in the day, adults used to settle their disputes with fights. But we now live in a more civilize? https://t.co/foRgxCedgo'",Bolivia,1306000400848424967
g__xix,"b'Biden, Trump, DMT https://t.co/lvoZH0anBH'",Bolivia,1305961402398633984
ItSyAbOigAnGs,b'@LivingScribe So...centrist?',Bolivia,1305907916155871233
Ruth977254491,b'@RealCandaceO @Sabuinadi Taking your clothes off is prostitution? really!??????',Bolivia,1305898219252015105
n0ra374,b'@e_krjyn impossible',Bolivia,1305745022889996288
Idhm_,b'Palico is love. Palico is life. https://t.co/fj1OWy9oEv',Bolivia,1305698191543738369
angelcaido666x,b'Chicostation',Bolivia,1305564177227026434
n0ra374,b'@e_krjyn impossible',Bolivia,1305505435840057344
burnolop,b'@memecrashes @adam_nippal Can this be explained too me?',Bolivia,1305426368025505794
angelcaido666x,b'aparece Bruce',Bolivia,1305279993266741249
ItSyAbOigAnGs,"b""@lporiginalg Tell me if I'm reading this wrong, but they are implying that everyone who is trans is also a sex worker, correct?""",Bolivia,1305261767275278337
ItSyAbOigAnGs,b'@weebloserVEVO @LivingScribe part of the crew',Bolivia,1305256925077143552
mauricazorla,"b'@MarinaValmont very nice, your face are very pretty'",Bolivia,1305244368178118657
ItSyAbOigAnGs,"b'@LivingScribe Poe, what was it?'",Bolivia,1305181636196290562
Idhm_,b'You can pet a cat??? Def gonna buy #mortalshell https://t.co/qw4LYVx2C3',Bolivia,1305181333711278080
ItSyAbOigAnGs,"b""@LivingScribe Personally, it is all about how you say it. In the end, a person's emotions are their own. Their is n? https://t.co/rMUNEsE4Wz""",Bolivia,1305175692779360256
n0ra374,b'@as_trik @Elmira_krp POST WSH',Bolivia,1305052674291896320
Aleidagf1,b'HAPPY BIRTHDAY NIALL!? https://t.co/j6Pli2Obev',Bolivia,1304955051903987719
RubnApaza7,b'@pesreveals Ward prowse  x fa bro',Bolivia,1304954648613322756
ItSyAbOigAnGs,b'@EsemicolonR I just want to understand WHERE in that abomination do they condemn child exploitation.',Bolivia,1304938085231333376
Jhafo,b'@criesincamba @LuisFerCamachoV Me primereaste ?',Bolivia,1304935390177046529
burnolop,b'@martinisarchive The moth in the corner of the room',Bolivia,1304931087878152192
RubnApaza7,b'@pesreveals Grealish??',Bolivia,1304921956366585857
n0ra374,b'regardez one piece .',Bolivia,1304917361062010883
ancrevague,b'RT @dixiememeous: Baby Crime https://t.co/TUrgb97nVu',Bolivia,1304898422730895360
dixiememeous,b'Baby Crime https://t.co/TUrgb97nVu',Bolivia,1304897801579630592
sermuco,b'#songoftheday \n Big Yellow Taxi by Counting Crows\nhttps://t.co/Iqny9f6fzP',Bolivia,1304884864878075914
sermuco,b'So when is he going to his house? #binottoout #F1xESPN #Ferrari',Bolivia,1304881444817432578
dixiememeous,b'@cark_irl what a shitty ass dog i want a real one tf is this',Bolivia,1304854077898215424
dixiememeous,"b""@myunclesmemes what's the name of the guy at the top i forgot""",Bolivia,1304851330968760320
Juankamaneys,"b""@MKBHD Looks like it's suspended in the air""",Bolivia,1304788517621510144
ItSyAbOigAnGs,b'@LivingScribe Say the K word.',Bolivia,1304579983390773250
ItSyAbOigAnGs,b'@LivingScribe Pretty accurate https://t.co/MgZJksp4LJ',Bolivia,1304543014849851392
ItSyAbOigAnGs,"b""@RoonKolos Damn, man should've done STEM, not liberal arts :(""",Bolivia,1304539349636313088
ItSyAbOigAnGs,"b'@godblesstoto The two things you SHOULD be thinking is ""kids"" and ""sexual exploitation""'",Bolivia,1304539040339894272
carlixpc,b'Mary         =  Las \nQueen of  =  Dos\nScots        =  Reinas\n\n#EasyEnglish https://t.co/TCvbPCFRm9',Bolivia,1304399098330730497
osstrange,b'@Marvel_FFightUS Spidey gonna be free?',Bolivia,1304239161256353792
RubnApaza7,b'@CastilloMirandq @esteban_angle Dean Henderson??',Bolivia,1304210060101529602
ItSyAbOigAnGs,"b'@LivingScribe ""Yes, THIS is why I fight!""'",Bolivia,1304081008803950597
ItSyAbOigAnGs,"b'@Independent So...you like sexualizing children, huh?'",Bolivia,1304077578433703937
ItSyAbOigAnGs,"b'@SocialNomadRach Lucky. The first one seriously terrified me, thought it just a neat animation of high school kids? https://t.co/BQ5cRwacbm'",Bolivia,1304077230717521920
Idhm_,b'A glitch in the Matrix https://t.co/i7A4eis7Ty',Bolivia,1303945910234144768
lucaspzin,b'@MattyMDaKingCS star player',Bolivia,1303825991438139393
angelcaido666x,b'@_fermose Grax',Bolivia,1303762494188662789
ItSyAbOigAnGs,b'@LivingScribe Same',Bolivia,1303761625778999297
carlixpc,b'@MariahCarey I already have the Tokio Dome show many years ago ?',Bolivia,1303724615030710276
carlixpc,b'@MariahCarey I already have the Tokio Dome show many years ago ?',Bolivia,1303724615030710276
carlixpc,b'@MariahCarey I already have the Tokio Dome show many years ago ?',Bolivia,1303724615030710276
carlixpc,b'@MariahCarey I already have the Tokio Dome show many years ago ?',Bolivia,1303724615030710276
carlixpc,b'@MariahCarey I already have the Tokio Dome show many years ago ?',Bolivia,1303724615030710276
carlixpc,b'@MariahCarey I already have the Tokio Dome show many years ago ?',Bolivia,1303724615030710276
NicoBrxwN,b'Havent smoked w the humies for MOMTHS',Bolivia,1306691555017871367
guttogl,b'@nalucaminhos siiiiiiim aff',Bolivia,1306659296785170436
zuckerwalls,b'perrieeee',Bolivia,1306657255262216193
zuckerwalls,b'JCHFUCUFUSYSYAYWYQY https://t.co/WcEqmZQs1J',Bolivia,1306594064356143104
zuckerwalls,b'@amityrie block',Bolivia,1306593501090471941
zuckerwalls,b'se for tour ou album eu morro',Bolivia,1306593161356009472
zuckerwalls,b'CAKRHAO https://t.co/OeeyuZ1Tri',Bolivia,1306277174828306434
zuckerwalls,b'LITTLE MIXXXXXX',Bolivia,1306273385308184576
zuckerwalls,b'@LittleMix Q ISS9',Bolivia,1306174229403099137
zuckerwalls,b'@lexaswheda old q simm',Bolivia,1306174063216340992
zuckerwalls,b'@duathecure o jonah de wdw vida',Bolivia,1306039224852979712
NicoBrxwN,b'@KOSDFF GET PEPPERMINT AND/OR LAVANDER SPRAY AND DRENCH THAT PORCH WITH IT',Bolivia,1305575768341336064
NicoBrxwN,b'EAT GAS',Bolivia,1305574305854615561
NicoBrxwN,b'@dxnyello Got lost in the sauce huh',Bolivia,1304800732269469696
NicoBrxwN,"b'@lewiastro Go on a run until you feel that serotonin flood your brain or until you pass out, either works'",Bolivia,1304107441450295296
NicoBrxwN,b'I rather die',Bolivia,1303826466124320768
NicoBrxwN,b'I rather die',Bolivia,1303826466124320768
NicoBrxwN,b'I rather die',Bolivia,1303826466124320768
NicoBrxwN,b'I rather die',Bolivia,1303826466124320768
NicoBrxwN,b'I rather die',Bolivia,1303826466124320768
NicoBrxwN,b'I rather die',Bolivia,1303826466124320768
