user,text,country,id
nellysnut,b'@amandaoee_ girl bye they spilled don?t play',Iran,1306703493139517441
magu_hj,b'RT @04010z: - GrOoVe\n\n#THEBOYZ #JUYEON \n#???? #?? https://t.co/3Eb4jKu28e',Iran,1306703344962908161
nellysnut,b'@aotdts nobody moved nobody did anything  https://t.co/n6er4ZIG0U',Iran,1306703220010614784
thesacreddeer,b'@Persian_Lecter Wrongfully accused',Iran,1306698109104336896
nellysnut,b'@grandesbreakup the serve  https://t.co/n6er4ZIG0U',Iran,1306696629706264577
howardbskrville,b'Ah so you?re against the proliferation of arms?\n\nGood to know you?re in favor of extending the arms embargo on Iran? https://t.co/4CvrUtM9P3',Iran,1306694376865763329
howardbskrville,b'@hodakatebi Ah so you?re against the proliferation of arms?\n\nGood to know you?re in favor of extending the arms embargo on Iran then.',Iran,1306694360411504641
howardbskrville,b'A war imposed on Iran by Saddam. But a war Khomeini could have ended 2 years in but CHOSE to extend\n\nThe ?road to J? https://t.co/Yb8Eq7OjKB',Iran,1306694075731509248
howardbskrville,b'@Shah_0451 A war imposed on Iran by Saddam. But a war Khomeini could have ended 2 years in but CHOSE to extend\n\nThe? https://t.co/PRbqVFy1sP',Iran,1306694058878726144
Drone_MQ,b'RT @saghar_76: I lost a friend I never had...\n?',Iran,1306693878397964288
jqndae,b'mucho stan tw https://t.co/PkiXC2qsTw',Iran,1306692293559287809
howardbskrville,b'@GEsfandiari THIS is how you interview a human rights abuser. For those who want to kiss Zarif?s ass (i.e. @hdagres? https://t.co/awy9MOznVF',Iran,1306692171102212096
howardbskrville,"b'THIS is how you interview a human rights abuser. For those who want to kiss Zarif?s ass (i.e. @hdagres,? https://t.co/6fAfcSgk1m'",Iran,1306692054148235264
itselinae,"b'Swear to God, please take me back to the 50?s??? https://t.co/NCmc5ws7HC'",Iran,1306691868667777024
saghar_76,b'I lost a friend I never had...\n?',Iran,1306691815920328704
SFH65728393,b'RT @sarastanly79: lions are the cutest animals ever https://t.co/8TzbUIb7Oi',Iran,1306691320317202434
S__MLK,"b""I'm thinking of ending things""",Iran,1306690910739222529
nasrnews_ir,"b'Just posted a photo @ Tabriz, Iran https://t.co/t8CMd08OWx'",Iran,1306689278953562115
yamuur23,b'@saman Mage mishe nashnid',Iran,1306687588594573312
tarlannajafi,b'@ihooman_ :)) tooooo maaaaanyyyyy times',Iran,1306686521878216706
nellysnut,b'@reputationHOew did it work  https://t.co/n6er500gSs',Iran,1306680882162409473
1Shamex,b'@Salem_the_witch Sooooo cooool?',Iran,1306680597482549248
1Shamex,b'@jsmiinn0 You got it ??',Iran,1306680287674408961
1Shamex,b'@jsmiinn0 Enough internet for tonight',Iran,1306678856385024000
jilla9,"b'RT @howardbskrville: @NazaninBoniadi @SpeakerPelosi Nazanin, I highly appreciate your work and I have nothing against you working with any?'",Iran,1306678790744137729
sarastanly79,b'@daashalirezagol Taylor Swift ?\nDua Lipa ?\nLana Del Rey ?\nHalsey?\nRihanna ?\nZhavia Ward ?',Iran,1306678177813594112
iichyholland,b'RT @nellysnut: bye i?m feeling so nostalgic rn i?m ready for ag6 era?? this fandom was insane during the tun era https://t.co/nC3ED0M8zb',Iran,1306674011980603395
nellysnut,b'@reputationHOew @beatleswift @chartdata @rihanna @katyperry @BrunoMars @Drake @justinbieber @taylorswift13? https://t.co/XpYyBrQece',Iran,1306673633377517569
1Shamex,b'Call me BBB\nBlocked By Bitch https://t.co/WWAaqcQzJX',Iran,1306671951625289728
nellysnut,b'@arislefleur HELP',Iran,1306664178996908032
castesunu,b'RT @04010z: - GrOoVe\n\n#THEBOYZ #JUYEON \n#???? #?? https://t.co/3Eb4jKu28e',Iran,1306663468108410880
nellysnut,b'@ntItcsbutera i would never bye  https://t.co/n6er4ZIG0U',Iran,1306660076434972677
lju98_y,b'RT @04010z: - GrOoVe\n\n#THEBOYZ #JUYEON \n#???? #?? https://t.co/3Eb4jKu28e',Iran,1306658972431052800
nellysnut,b'@buterasimh not the miley slander chile ?  https://t.co/n6er500gSs',Iran,1306657998622793728
juju_3_98,b'RT @04010z: - GrOoVe\n\n#THEBOYZ #JUYEON \n#???? #?? https://t.co/3Eb4jKu28e',Iran,1306657257501855749
cherryy1a,b'RT @04010z: - GrOoVe\n\n#THEBOYZ #JUYEON \n#???? #?? https://t.co/3Eb4jKu28e',Iran,1306656585742036992
didyaem,b'@WE_THE_BOYZ So cute??',Iran,1306655799406723073
nellysnut,b'@onikamala idec i?m sorry this was my sh!t',Iran,1306654704722759680
nellysnut,b'@onikamala me when i lie',Iran,1306654622392750081
nellysnut,b'@Maraj_Wrld on a different beat wbk  https://t.co/n6er4ZIG0U',Iran,1306654470680596486
nellysnut,b'@giawtease BYE LINK  https://t.co/n6er4ZIG0U',Iran,1306654249858879491
nellysnut,b'@Maraj_Wrld careesha needs lessons BADLY chile  https://t.co/n6er4ZIG0U',Iran,1306653740758380546
nellysnut,b'@swttnnrr WHATTTT OMG DMS',Iran,1306653266613334018
nicorobin_r,b'RT @nellysnut: bye i?m feeling so nostalgic rn i?m ready for ag6 era?? this fandom was insane during the tun era https://t.co/nC3ED0M8zb',Iran,1306653086887432194
nellysnut,b'@bigduaenergy @bIissavenue spill',Iran,1306653009301172224
Kimi31242113,"b'RT @Shirin_shh: @RaquelDancho @marcomendicino @FP_Champagne @BillBlair @PattyHajdu Please note that we, the international students, have de?'",Iran,1306652326346846210
Gill__Yen,b'RT @04010z: - GrOoVe\n\n#THEBOYZ #JUYEON \n#???? #?? https://t.co/3Eb4jKu28e',Iran,1306649683134038016
nellysnut,b'@carnal_nolage LET ME FIND OUT CHILE',Iran,1306648237521080320
blazingrcnde,b'RT @nellysnut: monthly reminder that don?t start now is the best hit of 2020 and deserves record of the year https://t.co/jSoS0IWqu5',Iran,1306644759004557321
3ehrouz,b'Slime and Punishment by Municipal Waste\nhttps://t.co/71GsIsXlJW',Iran,1306644733834526720
sonubloom,b'@WE_THE_BOYZ CUTIEEEE',Iran,1306644169620889601
smariojardel,b'MBAYE FUCK?NG D?AGNEEE',Iran,1306644069851049984
dupdari,b'RT @04010z: - GrOoVe\n\n#THEBOYZ #JUYEON \n#???? #?? https://t.co/3Eb4jKu28e',Iran,1306643560632995840
unpruz,b'RT @04010z: - GrOoVe\n\n#THEBOYZ #JUYEON \n#???? #?? https://t.co/3Eb4jKu28e',Iran,1306643377941819392
kanu_sw,b'RT @04010z: - GrOoVe\n\n#THEBOYZ #JUYEON \n#???? #?? https://t.co/3Eb4jKu28e',Iran,1306642994406199297
mykittenjuyeon,b'RT @04010z: - GrOoVe\n\n#THEBOYZ #JUYEON \n#???? #?? https://t.co/3Eb4jKu28e',Iran,1306642639928737792
theblueniloufar,b'@nurarfyn Ooooo wooooowwww ???????',Iran,1306642249657315328
thispresentz,b'RT @04010z: - GrOoVe\n\n#THEBOYZ #JUYEON \n#???? #?? https://t.co/3Eb4jKu28e',Iran,1306642175829082113
Dmyssun,b'RT @04010z: - GrOoVe\n\n#THEBOYZ #JUYEON \n#???? #?? https://t.co/3Eb4jKu28e',Iran,1306642096556654592
wlstlaejql,b'RT @04010z: - GrOoVe\n\n#THEBOYZ #JUYEON \n#???? #?? https://t.co/3Eb4jKu28e',Iran,1306642094161682434
1lovecherrycoke,b'RT @04010z: - GrOoVe\n\n#THEBOYZ #JUYEON \n#???? #?? https://t.co/3Eb4jKu28e',Iran,1306641985164378112
Jsunwbiebs,b'@fixmeyatra Se vieneee\n\nHOLY TONIGHT',Iran,1306641256987201538
walkxxxxtime,b'RT @04010z: - GrOoVe\n\n#THEBOYZ #JUYEON \n#???? #?? https://t.co/3Eb4jKu28e',Iran,1306640871874469888
suchxjuyeon,b'RT @04010z: - GrOoVe\n\n#THEBOYZ #JUYEON \n#???? #?? https://t.co/3Eb4jKu28e',Iran,1306640695491358721
spell_bound_2,b'RT @04010z: - GrOoVe\n\n#THEBOYZ #JUYEON \n#???? #?? https://t.co/3Eb4jKu28e',Iran,1306640668073234433
sxftyhao,b'ah caray https://t.co/4Nrj22b37h',Iran,1306640663266680838
Fordoee1,"b'@TheAFCCL You may be able to use fake titles, but can you stop this submarine?\n#persian_gulf https://t.co/FeNCXOgPG4'",Iran,1306640449843716096
11kittylover,b'RT @04010z: - GrOoVe\n\n#THEBOYZ #JUYEON \n#???? #?? https://t.co/3Eb4jKu28e',Iran,1306640280548909056
RtEbMzI,b'@LQVE_HYUN13 Watching movie~ and you?',Iran,1306639981398560769
alfwbmj,b'RT @04010z: - GrOoVe\n\n#THEBOYZ #JUYEON \n#???? #?? https://t.co/3Eb4jKu28e',Iran,1306639918362275840
THEBORYZ,b'RT @04010z: - GrOoVe\n\n#THEBOYZ #JUYEON \n#???? #?? https://t.co/3Eb4jKu28e',Iran,1306639868294905857
fjnw_,b'RT @04010z: - GrOoVe\n\n#THEBOYZ #JUYEON \n#???? #?? https://t.co/3Eb4jKu28e',Iran,1306639841099042816
jy1998_0115,b'RT @04010z: - GrOoVe\n\n#THEBOYZ #JUYEON \n#???? #?? https://t.co/3Eb4jKu28e',Iran,1306639760228712450
weaveabout,b'RT @04010z: - GrOoVe\n\n#THEBOYZ #JUYEON \n#???? #?? https://t.co/3Eb4jKu28e',Iran,1306639489918365697
juyeonls2ver,b'RT @04010z: - GrOoVe\n\n#THEBOYZ #JUYEON \n#???? #?? https://t.co/3Eb4jKu28e',Iran,1306639162213163008
RtEbMzI,b'@werxlit Itsme',Iran,1306638907056951296
AnaMar9696,b'RT @nellysnut: thinking about how the other fandoms streamed 7 rings to block buwygib from going #1 on tun week ?? https://t.co/BWkfaZHXP3',Iran,1306638321918136322
tbzairlines,b'@swanyeon we stan',Iran,1306637488438509569
nellysnut,b'@reputationHOew blocked',Iran,1306637456830332928
crackheadtbz,b'@deobifess THEBOYZ WORLD DOMINATION\n#THE_STEALER_TEASER #CHASE #THE_STEALER_D3 #THEBOYZ #???? @Creker_THEBOYZ @WE_THE_BOYZ',Iran,1306636398737281025
yongstiny,b'what a blessed day https://t.co/8VwrqAk2uj',Iran,1306636386636890113
tbzairlines,b'@WE_THE_BOYZ I STAN THE RIGHT MEN',Iran,1306635029779484672
2_watching,b'RT @04010z: - GrOoVe\n\n#THEBOYZ #JUYEON \n#???? #?? https://t.co/3Eb4jKu28e',Iran,1306634602178510848
tbzairlines,"b""@WE_THE_BOYZ YOU'RE MY ROLE MODEL THE MOST AMAZING PERSON ON EARTH ILYILYILYILYILYILY""",Iran,1306634563255402503
LuvDeoboiz,b'@WE_THE_BOYZ THE BOYZ WORLD DOMINATION?\n#THE_STEALER_TEASER #CHASE #THE_STEALER_D3 #THEBOYZ #???? @Creker_THEBOYZ @WE_THE_BOYZ',Iran,1306634480736632843
Tbzgoodok,b'RT @04010z: - GrOoVe\n\n#THEBOYZ #JUYEON \n#???? #?? https://t.co/3Eb4jKu28e',Iran,1306633981450842112
0huni0808,b'RT @04010z: - GrOoVe\n\n#THEBOYZ #JUYEON \n#???? #?? https://t.co/3Eb4jKu28e',Iran,1306633439769104384
sunuuya,b'RT @04010z: - GrOoVe\n\n#THEBOYZ #JUYEON \n#???? #?? https://t.co/3Eb4jKu28e',Iran,1306633325537185792
juty115,b'RT @04010z: - GrOoVe\n\n#THEBOYZ #JUYEON \n#???? #?? https://t.co/3Eb4jKu28e',Iran,1306633143948996609
dadiging,b'RT @04010z: - GrOoVe\n\n#THEBOYZ #JUYEON \n#???? #?? https://t.co/3Eb4jKu28e',Iran,1306633024700784641
flf_sadam,b'RT @04010z: - GrOoVe\n\n#THEBOYZ #JUYEON \n#???? #?? https://t.co/3Eb4jKu28e',Iran,1306632907448922112
_r_tyy,b'RT @04010z: - GrOoVe\n\n#THEBOYZ #JUYEON \n#???? #?? https://t.co/3Eb4jKu28e',Iran,1306632236851105792
luvlini,b'Everything about him. https://t.co/PqHosyx2QW',Iran,1306632189271060481
m4VzwZTHhg1TaE2,b'@milkysunsh ? ???? ??? ?',Iran,1306632115061096448
Jsunwbiebs,b'@daechwitaismood HOLY TONIGHT\nEL REY VUELVE',Iran,1306631587682045952
kkkkunstttt,b'RT @04010z: - GrOoVe\n\n#THEBOYZ #JUYEON \n#???? #?? https://t.co/3Eb4jKu28e',Iran,1306631406643109890
nasrnews_ir,"b'Just posted a video @ Tabriz, Iran https://t.co/0xxBz6dk6R'",Iran,1306631348187258882
04010z,b'- GrOoVe\n\n#THEBOYZ #JUYEON \n#???? #?? https://t.co/3Eb4jKu28e',Iran,1306630997186813957
dddoyoungiiie,b'RT @soneric_: @dddoyoungiiie THEBOYZ WORLD DOMINATION\n#THE_STEALER_TEASER #CHASE #THE_STEALER_D3 #THEBOYZ #???? @Creker_THEBOYZ @WE_THE_BOYZ',Iran,1306630335182958592
nellysnut,b'@reputationHOew HELP',Iran,1306628576050020352
