user,text,country,id
queenREIslays,"b""RT @MGranelleV: If Mapple is really the endgame, will it not bother you that once in Josiah's life, he got extremely and unconsciously attr?""",Philippines,1306715487078813697
tjoeleahn,b'@jcarliings Salamat playstore',Philippines,1306715190881210368
ruegb,b'wait lang im not ready',Philippines,1306714928653283333
Blaster51076912,b'I I T \nR A VELLLLL TYm SPAC E!\nTRAVEL FOODS CARS TRAVEL NEW YORK NEW...........OH OH!\nPANINAROOOHHHHHHHHHHHHHHHHHHH? https://t.co/EmbQtBy9aZ',Philippines,1306714740098506758
Blaster51076912,"b'FUTURE VEHICLE AIR WATER OR OR OR...........\nIs a Text ""FHD"".\nBorn in TOTAL WATER. https://t.co/qy2EHuJMZj'",Philippines,1306714376343375880
LalangQ,"b'Brace yourselves, Ellie Goulding is recording new music again'",Philippines,1306713591727321089
imchengy,b'i wanna be rich asap',Philippines,1306713476329402369
SandoyAndre,b'RT @Khisiaaa: what our parents think when we are in school vs. what we are doing in school. part1. https://t.co/TORW3HTCYP',Philippines,1306712295410597889
oohyanna_,b'Cute. #THEFIRSTSTEP_CHAPTERTWO',Philippines,1306711482122420224
Itsme_zay,b'erset na charger',Philippines,1306711325179916293
belliiexxx,b'hope u too are happy now :))',Philippines,1306710564031270912
_youbobo,"b""RT @MGranelleV: If Mapple is really the endgame, will it not bother you that once in Josiah's life, he got extremely and unconsciously attr?""",Philippines,1306710394942103553
_byangzz,b'godbless sa exam later??',Philippines,1306708615626027008
Rlphbrgs11,"b""I'm still useless after all?""",Philippines,1306707789960458240
Blaster51076912,"b'@ChineseEmbinUS ALL THIS ""MOSSAD""...'",Philippines,1306706445614882821
IDreamAzathoth,"b""@DanaTerrace You should check out Jason Stanley's book on fascism. \n\nThere's literally a chapter on the creation of a mythic past.""",Philippines,1306706180555845632
ejpborja,"b""Come join my Squad, Let us face off against the world's best MOBA players together!\nhttps://t.co/0g47IhdX7L https://t.co/tiGhXUOpnn""",Philippines,1306706051958337536
Blaster51076912,"b'The Little Idiot Bermuda Will Take,now is 140mph Teddy, a VOMIT TO ""ERASE ALL CITIZENS"" FOR EVER in this Isle..'",Philippines,1306704158712619008
mohammadala33,b'@MohannadJ48 Come join the murder',Philippines,1306703879426449411
GIOHAODOLIENTE,"b""Come join my Squad, Let us face off against the world's best MOBA players together!\nhttps://t.co/2iBg8z6abZ https://t.co/cj4I1csczF""",Philippines,1306703604900749312
jsphrencio,"b""Hope that one it'll come true ?""",Philippines,1306701611469697024
kimjaneseven,"b""RT @Bunny_Wonie04: You'll always be the apple of my eye Yang Jungwon. \n\n#ILAND \n#IPOLAROID_CHALLENGE \n@mnetiland https://t.co/KAZBL3nY3j""",Philippines,1306701016893513729
jsphrencio,"b'@CongOfficial_ @jamiIIPH Username: @jsphrencio \nFriends: @Geeel_knowzxcs @ellesldv \n\nTry po, hopefully ? https://t.co/AGjcAwAirI'",Philippines,1306700926648946688
Blaster51076912,b'Simon Wiesenthal and Mossad not stop BRB!\nVIMEO????O\nWUA!\nNEGRO JEOHWA!\n\nLuRamses II nYXXX A PANHTEON!AZTEC\nPAREYDO? https://t.co/cbNipfRFYX',Philippines,1306700700483756032
IDreamAzathoth,b'@Chinchillazllla Politely disagree with the Machine',Philippines,1306697870159028226
skylofyizhere,"b'homelander, disabling an already disabled person?'",Philippines,1306697167520690176
QuinnDyanika,b'I love you so much?? https://t.co/AhAxLdni8R',Philippines,1306695881530380292
wakoyusernameoy,b'RT @ferrer_march: UNHEALTY LIFE?',Philippines,1306695270999023616
Rheyyaah,b'Openning na jud o',Philippines,1306694643166240773
ashmamiii,b'do u know u r the one i call when im drunk?',Philippines,1306692989637419008
aiahflorence,"b""5am I'm coming""",Philippines,1306692736171479041
BaraseJ,b'thank you G.? your will be done!',Philippines,1306690464532234240
BaraseJ,b'thank you boo!?',Philippines,1306690307598069760
rechmon_c,"b""Some people addicted to pain. They need to suffer until they can't take it , and that's when they finally admit that they are being foolish.""",Philippines,1306687308612075520
snookijumilla_,b'only memories after all',Philippines,1306687142072954880
rechmon_c,"b'Look, soo serious.??? https://t.co/V2mKjTk15q'",Philippines,1306686648663511040
raiisanity,b'I lab me hehe ?? https://t.co/nLKsK7R7wJ',Philippines,1306686616786747392
Blaster51076912,"b'I consider police move ass only when ""JEWS"" receive an aggression. SO ALL IS PERMITTED!JOAAAAAAAAAAAAAA!\nEH!\nTHESE? https://t.co/FW8gKQSRpn'",Philippines,1306683962862034948
Rxnnndln,"b""They don't know, I do this for a trap. Sorry jst syng ?""",Philippines,1306682640142012417
CiarliumII,b'Goodmorninggggg!!!!!',Philippines,1306682330946265088
kccexhale,"b""RT @lovsscarpenter: ???'?? ?????? ???? ?? ?????\n https://t.co/YZglI5KGxs""",Philippines,1306681817697841152
Nheng128,b'@Paula_White Hope i can receive this. I tried but the telephone required coz I am here in Philippines.Thank you.God bless.',Philippines,1306681303786426368
aakenn,"b'Wow ? people may see him ?bugoy? but to me, he has very deep thoughts, joke2 lang siya murag clown but that?s how h? https://t.co/cXUyIUkwvK'",Philippines,1306681094360543233
Blaster51076912,b'ALL THIS FLAG........................',Philippines,1306680989473820672
leeeeiiiiiann,"b'RT @tyronetiaga01: Looking right because you lift..you leaf..basta umalis, yawa. https://t.co/b6xnYpttDz'",Philippines,1306680798666342400
aspilla_may,b'Can?t sleep ??',Philippines,1306680796741136384
Blaster51076912,"b'SEEMS LAWS are not applied by POLICE ITALIANS!\nI WRITE HERE ""HAVETORTURED one kid cat 3 minths and MOTHER"".\nAND NO? https://t.co/MU8W82RrIv'",Philippines,1306680789233532929
Rxnnndln,"b'Ga pangayo ko og pabor sa akuang mga barkada but some of them ignore me, not because I really need their help but b? https://t.co/RQDO5IbAgd'",Philippines,1306680543023566848
Blaster51076912,"b'FEAR SHOW ASTELLA IN ALL MEDIA "" ASTELLA THE PAREYDOLYA, tortured cats ""????for adv me????\nI CAN CONTINUE SO!\nBUT JEWS WILL BE THE PRIORITY.'",Philippines,1306680096531656705
Blaster51076912,"b'@Pontifex I have tortured my 2 cats,and killed.For only they ""MIAWLLL"".\nNEXT IS JEWS.'",Philippines,1306679681723363335
720_529,"b'RT @BenParris04: #BREAKING:\n\nAfter the conclusion of a special session, the @CHSAA board has voted to have a fall football, field hockey, a?'",Philippines,1306679082688577539
Blaster51076912,b'I have killed the 2 cats.WIth poison.\nSURE JEWS I WILL HELL !MORE.\nAHAHHAHAHAHAHHAHA!',Philippines,1306679082508333056
reivlndo,"b""RT @MGranelleV: If Mapple is really the endgame, will it not bother you that once in Josiah's life, he got extremely and unconsciously attr?""",Philippines,1306678129453346818
dameshaenne,b't?was just a nightmare ???',Philippines,1306678027871346688
Blaster51076912,b'@realDonaldTrump PLS ADVISE.MOSSAD.OR IDO FOR YOU?\nANTISEMITE TORTURE HEAVY I WILL APPLY.I PROMISE.',Philippines,1306678021403873280
lovsscarpenter,b'@PortalTracklist Heaven &amp; Hell??',Philippines,1306677992287023104
jeran_san,b'I feel like shit : &gt;&gt;',Philippines,1306677166864621568
ewsugars,"b""it's currently 3:49 AM and here I am, can't sleep and doing my assignments?""",Philippines,1306677126456721409
RatchetThreese,b'@Xbox No problem just don?t fuck this up with a crappy Halo or Fable game',Philippines,1306677071951933441
shaineyap,b'@barriossssmaria imissyou ????',Philippines,1306677069141606400
johojie13,b'Back to Voting ?\n@BLACKPINK @ygofficialblink https://t.co/RATVkiFGZ1',Philippines,1306676438527913984
StaabLuke,"b'RT @BenParris04: #BREAKING:\n\nAfter the conclusion of a special session, the @CHSAA board has voted to have a fall football, field hockey, a?'",Philippines,1306674871296954368
aibebbyatot,b'Goodmorning?',Philippines,1306674172744011777
shaineyap,"b'why is it that when you?re hurting the most the person who?s hurting you, is also the person who could comfort you :))'",Philippines,1306674149440462849
johojie13,b'Eyyyyy GET REAL Episode 12\n@LC__Ashley ? https://t.co/C1d8ocbOU9',Philippines,1306670595677986816
Blaster51076912,b'OKAY! PAREYDOLYA NOT.\nIS NOT NOW.I END TRANCE MISSION!',Philippines,1306670266483957761
Blaster51076912,b'ALARMISM ME ???WHERE ?????\nIM BEST OF WORLD I TALK 24 hrs covid with evilness seriosuity!!!!!!!!!!!!!\nAND ME NOT EC? https://t.co/3GhwmaoK5v',Philippines,1306670077270515720
ckclarencekarl,"b'RT @basteabdul: The day your parents will realize your worth, is when the day you get outside their doors and making your own life decision?'",Philippines,1306669987814227969
johojie13,b'Another friday full of ganaps on Social Media\n\n#TREASURE_ILoveYou\n#???_TREASURE_DDAY \n@treasuremembers',Philippines,1306669829382836224
Blaster51076912,b'SPACE SUIT DOCTORS come from SCI FI HOLLYBITCHHOOD!!!!!!!!!!!!\nWAS FIRST SIGN of a moive too BIG!!!\nWAS JANUARY i s? https://t.co/Dl2HSK8qNx',Philippines,1306669675980390401
basteabdul,"b'The day your parents will realize your worth, is when the day you get outside their doors and making your own life decisions.'",Philippines,1306669427761405952
Blaster51076912,b'CITIES DESERTICAL USA.RUSSIA.EUROPE.CHINA.AND MORE.\n\nBOH!EVNY OF ME MPORTANT COVID you FLU ARTIST??',Philippines,1306669388687462400
Blaster51076912,b'BUT SCALE PLANET EARTH!\nLITTLE CLOVENS !!!EH!!!!!!!!!!!!!!\nTHIS SHUT DOWN 100 millions in 1 year or near more.\nAND? https://t.co/TuA4PZRjEJ',Philippines,1306669171074306055
likajean,b'It still hurts',Philippines,1306669042527158272
Blaster51076912,"b'PLS DEMETNES SCREAM COVID 19 is a.. media invention,flu kills more or what was the comapsion for shut down alarmism? https://t.co/sm1woP1QyY'",Philippines,1306668756953899008
likajean,"b""I'm dreaming again hayss;(""",Philippines,1306668682576232449
Dypraise1,b'I hate you kape!',Philippines,1306668407522078720
Blaster51076912,b'And sports are closed.ARTS.AND OTHER SURE SECOTRES i not want formnalize!\nIF OPEN ALL.........................joja!? https://t.co/H6Wcwt68YO',Philippines,1306667488919334912
vnzn_stt,"b'RT @tyronetiaga01: Looking right because you lift..you leaf..basta umalis, yawa. https://t.co/b6xnYpttDz'",Philippines,1306667361945018368
SoAlben,b'@queenfaith6666 I am not mad ii  ahahhaa',Philippines,1306667160899477504
Blaster51076912,"b'Indirect idk stat was too volatile when iread maybe.\nCAN BE x2 or 1,5...................boh'",Philippines,1306667042423164933
Blaster51076912,b'I said excluded. YES.\nCHINA AND AFRICA excluded.\nREMAIN THIS WORLD WE KNOW OF NFECTIONS:ye.\nTHE PLANET WITHOUT FAR? https://t.co/LJzvSZL9HA',Philippines,1306666821257506817
march25sales,b'@extrmlyjohn26 2yrs ago na diay',Philippines,1306666727124606976
misis_ni_leo,b'RT @raimingfrost: My Version of Zamiel Mercadejas \n\nblack and white webtoon style https://t.co/ItzejOHvOM',Philippines,1306666509591142401
misis_ni_leo,b'RT @raimingfrost: Raj ?\n\nWebtoonish style pero black and white lol.. my version of Raj https://t.co/JfgLVxNlgf',Philippines,1306666362371108864
Blaster51076912,b'WE LUCK FAR EAST AND AFRICA are zero infection!\nBut exluded that. THE 100millions is currently a scenario realistic? https://t.co/spahb34tmk',Philippines,1306666340128886787
Blaster51076912,b'The ASS PLANET SAVES STATISTIC TOMBS:\nCHINA\nFAR EAST \nAND AFRICA.\nBut if you slow vaccine and deaths push many 250? https://t.co/DWOIIh5JIi',Philippines,1306665661398220800
Blaster51076912,"b'Anyway.14 000, forteenthousands?Y WISH!\nCan me multiplied many nations.\nJOJA! IF VACCINE DELAY OR WORKS SHT\n100 mil? https://t.co/om5lUePTy4'",Philippines,1306665078167670786
rafaellemateo,b'Umay',Philippines,1306664729096589313
ardnylla,b'@_IndayVI Lovelots ningning  ??',Philippines,1306664015880318976
Blaster51076912,b'One can lockdown all diabethes persons for one idea!\nAnd rest of kids go school!\nOR GENITORS DIABEHTET HOME FORCING? https://t.co/nFB3MBZM8V',Philippines,1306662973373644809
Blaster51076912,"b'All for 10 months for this school, is very easy recover next year!\nWhat are you studyng?Of this importance!Universi? https://t.co/VnVoct5YFu'",Philippines,1306662601800245248
dlareg0131,b'@jannaenolva_ naol',Philippines,1306661399834161152
ashmamiii,b'? turn your sound on\n?? very emotional\nHAPPY BIRTHDAY @booswaa https://t.co/Q1giRdPRcO',Philippines,1306661154614251521
charizmundo,"b""mmmm okay so i am wide awake at 2:27am, haven't got much sleep the other night amgzkabshalagxg""",Philippines,1306661051153276929
kentcrexreacts,b'RT @michaelcarbon: @kentcrexreacts @VVreactions @Dee_2wice_ @KPermalino0810 @BB_JAEI @ImNolanGrant @LogoMattx @Kavi_BossChick @Lafsteph08 @?',Philippines,1306660780536934401
Blaster51076912,b'COME COMME!ALL WORLD THE ASTELLA WAVEs!CAM!!\nhttps://t.co/k8yuOauFpP',Philippines,1306660694843154437
Nheng128,b'@GospodStize Prayers to you brother???',Philippines,1306660659682111488
Blaster51076912,b'161 deaths x30 days is 4000 near! ONE TWO 3!!!!\n3 4 months!\n16 000 new tombs NOW CAN SAVE THE ASS! WITH ??\nEVACUATI? https://t.co/b3JISay8Qj',Philippines,1306660377489539074
bajonax21,b'2:25 thoughts ?',Philippines,1306660264658362368
