user,text,country,id
Manoukab1,b'@dianda_jacques Thanks bro.',Burkina Faso,1306730045805940738
KonkoboNou,b'RT @traore_camille: Les prod?',Burkina Faso,1306729294559928323
stephaniiee_th,b'RT @KaboreMajid: ????? tu vois des gens ! Phanie you be you ?',Burkina Faso,1306728697043525632
traore_camille,b'Les prod?',Burkina Faso,1306728231941419014
KaboreMajid,b'????? tu vois des gens ! Phanie you be you ? https://t.co/6iXrJCIJWt',Burkina Faso,1306726128015626240
Mdxhn1,b'Fuck qalf me and my friends listening to cha3bi rn',Burkina Faso,1306717293943160839
istschan,b'Check out the results of our support to youth entrepreneurship in #BurkinaFaso @PNUD_BFA https://t.co/E4zCyuwudX',Burkina Faso,1306717218999332864
biricikuygar,b'jeff buckley https://t.co/vyQ5vQmb8O',Burkina Faso,1306712553138069512
PureDavid,b'Well deserved https://t.co/gBcZIKSeob',Burkina Faso,1306710850615508993
zeynepckuru,"b""i've been called out https://t.co/wv1dqBubYF""",Burkina Faso,1306705335571361794
tmalick226,b'@Eib_blackbird king_malick1',Burkina Faso,1306702206016552966
ecowas_agric,b'RT @RPCA_network: ?WORKING TOGETHER:  ?Working together means sharing knowledge. We need to jointly elaborate common strategies and common?',Burkina Faso,1306701781729267714
PureDavid,b'Some women really live life on Recruit difficulty https://t.co/UxAfy0wcbT',Burkina Faso,1306701120660791303
diaryonthewall,b'@Grotesquenude Ali get out of her dms',Burkina Faso,1306691839278419969
diaryonthewall,b'@itsme101bee @silverstomach Theyre 13 youre catching a case @FBI',Burkina Faso,1306678790135992326
GarconRolex,b'100fesse ?? https://t.co/skY7jSKKq0',Burkina Faso,1306677668453253122
Catheri73357942,b'Good evening.',Burkina Faso,1306675442213158912
Pastoralist1,b'RT @RPCA_network: ?WORKING TOGETHER:  ?Working together means sharing knowledge. We need to jointly elaborate common strategies and common?',Burkina Faso,1306671661534588931
CORETHerders,b'RT @RPCA_network: ?WORKING TOGETHER:  ?Working together means sharing knowledge. We need to jointly elaborate common strategies and common?',Burkina Faso,1306670634974539785
KinGjahmez10,b'@wealthy_yute Make you no finish am only you ohhh',Burkina Faso,1306668312391299075
KinGjahmez10,b'Well.. https://t.co/ABXvmWSdKW',Burkina Faso,1306668055347462145
leeds_lawyer,"b'@zarahsultana He?s right, get out and get a job.'",Burkina Faso,1306666042563989504
BurkinaBrasil,b'@paixao_colorad @zanonfrancisco9 @cesc4official @LibertadoresBR Come to inter @cesc4official',Burkina Faso,1306665201798975491
heartofburkina,b'My TYPE https://t.co/8MDCH2w6CA',Burkina Faso,1306663198603571202
averieluvsrexoc,b'when #instagramdown as soon as @rexorangecounty posts so u cant even like or comment ?',Burkina Faso,1306661797521502211
HomesElevated,"b'Visiting Melbourne, #Australia is pretty cool in itself, but these #daytrips from the city will enhance your visit.? https://t.co/aUzefMEWg1'",Burkina Faso,1306661342011682818
heartofburkina,b'I knew my babe wouldn?t disappoint. https://t.co/GfI2fVrdnl',Burkina Faso,1306660521618411520
noluyokardesim,"b'breaking some norms, #revolutionary https://t.co/1ZYgvBqSBZ'",Burkina Faso,1306647517338259456
_lawraine,b'it?s the ?inconsistency? for me',Burkina Faso,1306645265730813953
diaryonthewall,"b""@Shaikha1206 Yesss that's my other reason""",Burkina Faso,1306641323924107265
diaryonthewall,b'@Shaikha1206 I keep passing by the blood bank every morning and tell myself i need to donate blood... but i keep forgetting',Burkina Faso,1306637145512316930
wealthy_yute,b'RT @KinGjahmez10: @wealthy_yute Anyways remember ohh if den send am',Burkina Faso,1306623169885876224
traore_camille,b'Lil baby est ou? ? https://t.co/3gagnJbSMk',Burkina Faso,1306621819097624578
asdfghkathh,b'im anxious to see u',Burkina Faso,1306621213586849794
foreverleeeein,"b'bounprem married means im going to be single forever, okay bye?'",Burkina Faso,1306611258259464194
KinGjahmez10,b'@wealthy_yute Anyways remember ohh if den send am',Burkina Faso,1306610309558304770
Catheri73357942,b'Good',Burkina Faso,1306608034534359040
blaireybel,b'Chamomile for tonight ?',Burkina Faso,1306605767965851653
delaneinei,b'I salute my classmate talaga &lt;33',Burkina Faso,1306601361925050368
BeyonderOi,b'@frambs pocket friend',Burkina Faso,1306597460639281159
yvesaristidek,b'@SidibeKaGaks @Eib_blackbird Mets 2?',Burkina Faso,1306594074183393280
Maximuslk,"b""@aruni_t @iPrinthan @pradeeban I do agree, that was a time when we roamed freely,  eating at whichever friend's hou? https://t.co/yQxKkVkah6""",Burkina Faso,1306593373587873792
SB84389621,b'@jhonn_kopp Thugh lover',Burkina Faso,1306592008731987970
AineKhris,b'@idillionaire AMEN ?? ????????',Burkina Faso,1306591533450190850
Loukass125,b'@AntoGriezmann Love you',Burkina Faso,1306588467434983427
yipyip_7,b'RT @hiraeththings: Currently mood https://t.co/SHcDI4JELF',Burkina Faso,1306583470781726723
_lawraine,b'thank u po lord and sorry po hehe',Burkina Faso,1306582041920565249
diaryonthewall,b'@clautitty Yes u do wtf?????',Burkina Faso,1306580050565910537
Maximuslk,"b""@pradeeban @aruni_t @iPrinthan I've lived my entire life in Wella,  and all this was going on??""",Burkina Faso,1306579246794633216
hiraeththings,b'Currently mood https://t.co/SHcDI4JELF',Burkina Faso,1306570184354942976
ans1q,b'RT @missinglifer: @doublefault28 Fifteeeeeen - Forrrty.',Burkina Faso,1306569224987475969
delaneinei,b'accurate https://t.co/fRF4ffekfz',Burkina Faso,1306566258138075137
qiexil,b'i have a lottt of words inside my heart',Burkina Faso,1306559906624032773
Gugustt,b'Strike a balance between taking the lead and heeding the advic... More for Aries https://t.co/GNfarmNizF',Burkina Faso,1306556028251549697
Maximuslk,"b'@aruni_t @pradeeban @iPrinthan The Royal Bakery was ???? ????,  ? and ? for me - obviously there must have been a l? https://t.co/v2DAER2deR'",Burkina Faso,1306554193407336450
Maximuslk,b'@Pimpilikki @iPrinthan Ye Gods! ?',Burkina Faso,1306553618758332419
silverstomach,b'RT @diaryonthewall: @silverstomach Mr i dont see gender',Burkina Faso,1306549736602730497
diaryonthewall,b'@silverstomach Mr i dont see gender',Burkina Faso,1306549601382662145
diaryonthewall,b'@silverstomach U mean teacher dont u',Burkina Faso,1306549227955326977
missinglifer,b'@doublefault28 Fifteeeeeen - Forrrty.',Burkina Faso,1306545696154230785
diaryonthewall,b'@itsme101bee Dw it happens just email them',Burkina Faso,1306543048697012226
xyraaleah,b'wow... 20 and sad and alone ???',Burkina Faso,1306532294723690496
baddliikeme,"b""48 minutes d'extase https://t.co/tMZoTYt4kA""",Burkina Faso,1306532120609861633
baddliikeme,"b""Can't wait https://t.co/8ZogmqGgpY""",Burkina Faso,1306531228783435777
xyraaleah,"b'@JhayJimenez1 Thank youuu, Kuyaa ?????'",Burkina Faso,1306526444017741824
Leila22,"b'@thevandykeparks Van Dyke, still missing you in St. Petersburg, Florida. Favorite concert at Craftsman House. Ridic? https://t.co/1r0asGZOoY'",Burkina Faso,1306526389802278912
marlboroandsex,b'@angelastocazzo honey????',Burkina Faso,1306525438576144386
Leila22,"b'@DalaiLama That?s the way to do it. No more war. Start inside.\nHappy Birthday great leader, great human being-livin? https://t.co/IWKjHnaX44'",Burkina Faso,1306524418408054784
marlboroandsex,b'@pparan0id ma sh',Burkina Faso,1306524267710906369
marlboroandsex,b'@badlyki amore????',Burkina Faso,1306523899174227968
diaryonthewall,b'@ultramaryam Im dead they actually made it work???????',Burkina Faso,1306522266444931072
MahalHamadoun,b'RT @RPCA_network: The new FNS governance tool is out! The RPCA developed a self-assessment tool on the leadership capacities of States in t?',Burkina Faso,1306521419757613056
i7uusboyz,b'@FadillaKansa @Dhisasasasa @jogjafess baking owder ??',Burkina Faso,1306517607592284160
foreverleeeein,b'BABAAAAA U CUTIEEEEEE AHHHH I LOVE U??? https://t.co/qzqIGuyfLq',Burkina Faso,1306511684211585035
RPCA_network,b'?WORKING TOGETHER:  ?Working together means sharing knowledge. We need to jointly elaborate common strategies and c? https://t.co/0s2ClBpLGu',Burkina Faso,1306504603467501569
LUGABRIELE_,b'Sana all pa shopping shopping lang https://t.co/xndsGZMqzQ',Burkina Faso,1306503905547755522
xyraaleah,"b'@adzrin_jusali Thankkk u, Adz yiee ahha'",Burkina Faso,1306498839168217089
leeds_lawyer,b'@gideon_ @HelenRushby1 @lisanandy You?d hazard wrong then https://t.co/vhYwL0Yf5s',Burkina Faso,1306490829062758401
leeds_lawyer,b'@HelenRushby1 @lisanandy Helen that?s hilarious https://t.co/wqb49PRjv5',Burkina Faso,1306490576548790274
Mr_Saanou,b'@7Djamila ???. Inch Allah??',Burkina Faso,1306489256597245955
leeds_lawyer,"b'@profsked The most ridiculous thing is, that people actually expect the French to assist us ???'",Burkina Faso,1306487851585019911
paoloigna1,b'RT @mister_sahel: @AsmbUETogo @UNEP_NAmerica @giz_gmbh @FAODG @USEmbassyLome @UNDPClimate @CCNUCC @UNDP4Youth meet @KaoHua3 who is working?',Burkina Faso,1306483402435162113
qiexil,b'i feel I do not deserve this',Burkina Faso,1306481372530384901
leeds_lawyer,b'@LeanneWood @Plaid_Cymru Send all Gimmigrants to Wales ?',Burkina Faso,1306479100123635714
leeds_lawyer,b'@ThatMcRider Go and watch some basketball or other shit sport.\nHe was found guilty on ?balance of probability? that?s hardly compelling.',Burkina Faso,1306478782191226881
GigaClit,b'@BitchAssBowie @aj_robinson01 you might want to see this...',Burkina Faso,1306470855036350464
GigaClit,b'@floaromaa God I wish you were real',Burkina Faso,1306470193862975488
GigaClit,b'@realasysk Great googly moogley',Burkina Faso,1306468607971467264
foreverleeeein,b'bet q ean ha https://t.co/WvZPi1omFK https://t.co/LFund4WhKp',Burkina Faso,1306461495438356481
DripTowers,b'@ambrielmc Boutta hear mad yelling at the tv lmaoo',Burkina Faso,1306457084528001024
foreverleeeein,b'New phone too?? https://t.co/YnKBjYh1Ez',Burkina Faso,1306454923232460800
i7uusboyz,b'@Dhisasasasa @jogjafess @FadillaKansa pre order',Burkina Faso,1306448152845713409
asdfghkathh,b'am tired af',Burkina Faso,1306445601316335617
_lawraine,b'@krstetaa oo scholarship who HAHAHHH :3',Burkina Faso,1306438290434785283
asdfghkathh,"b'u are beautiful, u are loved, u are valid. do not ever let other people tell you otherwise'",Burkina Faso,1306427826883579906
foreverleeeein,"b'grabe yung "" I was there at your best calls and also your worst falls, but now where are you?"" ang lelem nemen loui? https://t.co/dmMZBvrTPD'",Burkina Faso,1306410955266355200
aglayanmargo,b'if i could be with you tonight\ni would sing you to sleep\nnever let them take the light behind your eyes\nhttps://t.co/I3QvB5woW7',Burkina Faso,1306388173761765379
bealegson,b'mary lite and roi bicol version ugh goals???',Burkina Faso,1306384266956124160
heartofburkina,b'Clairrrr https://t.co/9GwlwBOLhq',Burkina Faso,1306370747007479809
hiraeththings,b'No one:\n\nNot a single soul:\n\nMe at 02.11: https://t.co/gnjeWx32PB',Burkina Faso,1306370402831261697
satureneed,b'@Nana30970054 @squidwardfess betul',Burkina Faso,1306732226055299072
strwberrymlky,b'@ncitybase_ NA JAEMIN THANK YOU ???\n#JAEMIN  #?? #???\n@NCTsmtown_DREAM',Burkina Faso,1306726555306004480
im_wafercoklat,b'Relateeee https://t.co/SCzj9PKcGv',Burkina Faso,1306716755163639808
varytanety,b'RT @davidBerre2: #HappeningNow  Meeting with all our partners in the #Desira project #Desira_FAIR @Cirad @AidaDirecteur. Thank you all for?',Burkina Faso,1306690841889701888
tehpucukucok,b'@bapaugosong kicimpring family',Burkina Faso,1306686284077899789
COusbil,b'An amazing image in recto-verso. A pretty drawing.',Burkina Faso,1306684016767229955
detwooo,b'@kopimatchalatte happybirthday??',Burkina Faso,1306683573210984448
PenggemarGetuk,b'@odyforv Hadirrr',Burkina Faso,1306680364815925248
Istrimeanie99,"b""Why i'm so anxious ?""",Burkina Faso,1306680350781837312
Itnaprll_,b'You deserve better',Burkina Faso,1306679686915784706
Itnaprll_,"b""I can't back anymore""",Burkina Faso,1306679407562563584
SambelIkanKakap,"b'@juventusfc Dzeko is good, but suarez is better\n\nbring them all ?'",Burkina Faso,1306671949960024069
peaxzh,b'@gentlykook thank you hope you are always healthy?',Burkina Faso,1306671089083277312
SambelIkanKakap,b'@dwicarta How about Suarez ?',Burkina Faso,1306663057314078721
satureneed,b'@aprian_ricky oh ok',Burkina Faso,1306660532561141760
satureneed,b'@squidwardfess overthinking gess',Burkina Faso,1306660293091549184
wo0psieee,b'@mhdarief2208 aNjaY',Burkina Faso,1306660009590235137
tehpucukucok,b'@badlookable Good',Burkina Faso,1306657609055744001
andrbllo,b'online class tought me to be:\nA vlogger\nA tiktoker\nA scientist\n??',Burkina Faso,1306656316652359680
SambelIkanKakap,"b""@IzakiPanju @ForzaJuveEN But it doesn't mean he will never score again mate""",Burkina Faso,1306654093843210240
detwooo,b'@mangtapbrou nitip nder',Burkina Faso,1306650951625842688
SambelIkanKakap,"b'@IzakiPanju @ForzaJuveEN How about this ? \n\nThe reason why barca want him out, because coutinho is back from the lo? https://t.co/dCu9UChfmo'",Burkina Faso,1306649135194411009
detwooo,b'@yorlittlegurl gnighttt',Burkina Faso,1306648801248124929
fafaifaa20,b'@collegemenfess Inshot nder',Burkina Faso,1306648152104083458
cimorysqueeze,b'@subtanyarl Scarlett acne serum',Burkina Faso,1306645533071519750
ustreee,"b'Feel a lil bit different, but its okay'",Burkina Faso,1306644409413296128
cadburymilktea,b'@dilantarkan_ cupcupp',Burkina Faso,1306644105385050112
jargardens,b'@jeqicean @guardianiel @belift_fess ahh okay',Burkina Faso,1306642802827124737
SambelIkanKakap,b'@ForzaJuveEN This guy is better https://t.co/NizWZ0n6F2',Burkina Faso,1306642433808064513
SambelIkanKakap,"b'@FabrizioRomano @SkySport Dzeko is good, but i prefer suarez for the next number 9 https://t.co/F96ZyjthLF'",Burkina Faso,1306640312471756800
cutekyungie_12,b'@ardtnzw Nightt..',Burkina Faso,1306639010291359744
jargardens,b'@belift_fess Hadir',Burkina Faso,1306638672444317701
zezukaMUUU,"b""if i'm louder, would u see me? https://t.co/Abfi7nuTMV""",Burkina Faso,1306638031764385793
zezukaMUUU,"b""if i'm louder, would u see me ?""",Burkina Faso,1306637880849129472
jargardens,"b'@jqkehocn112 aaaa okey rin, lets get closer????'",Burkina Faso,1306637274507931649
jargardens,"b""@belift_fess i'm ready for the top 5, But not the others""",Burkina Faso,1306636912875065344
sisiliad29,b'@ncitybase_ Jungwoo !!!!\n#???_127??_2??_???\n#2YearsWithZEUSinNCT127\n#JUNGWOO #?? #NCT??\n@NCTsmtown_127 @NCTsmtown',Burkina Faso,1306632025332277248
sisiliad29,b'@nct127fess Jungwoo !!!!\n#???_127??_2??_???\n#2YearsWithZEUSinNCT127\n#JUNGWOO #?? #NCT??\n@NCTsmtown_127 @NCTsmtown',Burkina Faso,1306631969330008064
ptrcyaa,"b""@prynt___ it's ok""",Burkina Faso,1306631913273090048
anggiandhr,b'Yay Yay! Sharpay is a mom to be! Troy gonna be the handsome uncle and so does gabriella will be a lovely aunty!! https://t.co/3mASZcvwqc',Burkina Faso,1306631571089227776
inivirgi,b'nitip ya guis &lt;3 https://t.co/VseDQrKn6Q',Burkina Faso,1306629097083133952
ariwaydra,"b""@girlgrouparea this is my girls' generation\n\nhttps://t.co/742T0WAejg""",Burkina Faso,1306625089115283457
jargardens,b'@belift_fess yoonwon guee?',Burkina Faso,1306624167714803712
ariwaydra,b'@Channnnp_ good luck for me',Burkina Faso,1306624038823817216
iyayasiya,b'@potatosfriends gokil lady',Burkina Faso,1306623720090263552
jargardens,b'@cutiesnowv luv u too awaa????',Burkina Faso,1306623147727175686
qwertqeesc,b'period day 1 be like:\n??????????????????????????????',Burkina Faso,1306623050633211904
cimorysqueeze,"b""@MUSIC_FESS lay awake only hopping they're okay""",Burkina Faso,1306622949751881729
CoulibalyAlexa4,"b""@tonyelumelufdn &amp; @PMInstitute are hosting the part 6 of the #TEFMasterclass series. I'm inviting you to register b? https://t.co/oczmfDzkjA""",Burkina Faso,1306622442211860482
jungdiarr_,b'@020LOLAPO night',Burkina Faso,1306622397831815170
sisiliad29,b'@nct127fess @NCTsmtown_127 Jungwoo love\n#???_127??_2??_???\n#2YearsWithZEUSinNCT127\n#JUNGWOO #?? #NCT??\n@NCTsmtown_127 @NCTsmtown',Burkina Faso,1306621755180556290
jargardens,b'@rafilamoon laff yu too icaa??',Burkina Faso,1306621711714983937
jargardens,b'/warm hugs for you eggies????',Burkina Faso,1306621142849843200
haywidaa,b'@APN_26 @K_DramaIndo Ya dongs',Burkina Faso,1306621135400742912
kilmiyati,b'@ijan_cuk this the point',Burkina Faso,1306620831850590209
cutekyungie_12,b'@Oshyourbae Night too tyaa...',Burkina Faso,1306618701366525952
jjkbling,b'@Jeonjungkook425 Sleep well!',Burkina Faso,1306617951009734658
peaxzh,"b""I'm 17y.o, so u call me?""",Burkina Faso,1306617940079386624
jargardens,b'@ilandmalov i land u???',Burkina Faso,1306616114466574337
detwooo,b'@ftrsgn boonggg',Burkina Faso,1306615458599112704
hanwomanz,b'@saranghantagoo Cangtip?',Burkina Faso,1306612841504337920
Mariance_R,"b'@starvoyez @miho17972 @krdramafess @kainaseya Lie after lie, Foe ... Alice bagus ga?'",Burkina Faso,1306612381078884352
detwooo,b'@PengenKinderJoy blm download a',Burkina Faso,1306612211989708807
Shaaafiiiraaa,b'@subschfess Eternal.stuff !!!',Burkina Faso,1306611894585683970
jargardens,b'@crushonjay2002 okay bal',Burkina Faso,1306611878638964738
jargardens,b'@Clouffeefree okay a',Burkina Faso,1306611782199341056
ustreee,b'@memefess Damn',Burkina Faso,1306611779812823042
saltykentang,b'@MichaellaVaniaS cape',Burkina Faso,1306611722526941185
jargardens,b'@dcteaxm okey a',Burkina Faso,1306611669980725250
jargardens,b'@diarysunoo okeyy',Burkina Faso,1306611586237304832
jargardens,b'@belift_fess yang jungwon???',Burkina Faso,1306610706410733568
saltykentang,b'@biarlakhi happy birthdayyyyy wish u have a very special birthday brouu???',Burkina Faso,1306610259222433792
starbakmahal,b'@sinncosstan oke a',Burkina Faso,1306609731679604736
jargardens,b'@nicholadeons aminnn?',Burkina Faso,1306608817073827840
jjkbling,b'@epiphanypersona U too del ??',Burkina Faso,1306608373538848768
starbakmahal,b'@sinncosstan 3 menit',Burkina Faso,1306608291464667138
starbakmahal,b'@adayaakhlaklo okee putt',Burkina Faso,1306607650285649920
maylinriyana,b'@squidwardfess Ria sw',Burkina Faso,1306606785118105600
detwooo,b'@littlebitjcs boonggg',Burkina Faso,1306605491603140608
starbakmahal,b'@kubillanng boong',Burkina Faso,1306605065738702848
Istrimeanie99,b'@slothnonu1707 War go mana ???',Burkina Faso,1306602885807923202
detwooo,b'@shrlyprmt heiii sherly',Burkina Faso,1306602345879318532
jargardens,b'when someone get eliminate.. https://t.co/yDn9nR2CLc',Burkina Faso,1306601543525830689
jargardens,b'jungwonie??? https://t.co/fix30JEaRI',Burkina Faso,1306600981342244871
jargardens,b'yang jungwon https://t.co/kDoG2Kc7t7',Burkina Faso,1306600876371357696
starbakmahal,b'@one0nlyya duainn',Burkina Faso,1306598498385539076
cimorysqueeze,b'@MUSIC_FESS i still love you',Burkina Faso,1306598340667125761
Istrimeanie99,b'How i feel gyujun is real rn :)',Burkina Faso,1306598200900382721
anakbaiiq,b'@akupicicilan hy pici',Burkina Faso,1306598198278934528
detwooo,b'@shintaratuu betullllll',Burkina Faso,1306598126229225473
jargardens,b'@belift_fess AMINNN',Burkina Faso,1306597822792253442
cutekyungie_12,b'@chiosh94 Done ya',Burkina Faso,1306595774466121731
BAD74,b'Unsigned only https://t.co/yBK4sPTiSt',Burkina Faso,1306595500234174466
chymsnoona,b'@duominikoyangi Astagaaa?',Burkina Faso,1306594986255765506
cimorysqueeze,b'@Beyoutey done',Burkina Faso,1306594599960412166
driiprtma,b'@jefrinichjar coolane',Burkina Faso,1306593149700120578
atropostomi,b'@lovskoo haloo',Burkina Faso,1306592233328525319
driiprtma,b'@shinesunnyx haii',Burkina Faso,1306592225279705104
jjkbling,b'@cloudlyoongii Up ref??',Burkina Faso,1306591915685502976
jjkbling,b'@drkthvin Anzayyyy',Burkina Faso,1306588490759458823
Manoukab1,b'@dianda_jacques Thanks bro.',Burkina Faso,1306730045805940738
KonkoboNou,b'RT @traore_camille: Les prod?',Burkina Faso,1306729294559928323
stephaniiee_th,b'RT @KaboreMajid: ????? tu vois des gens ! Phanie you be you ?',Burkina Faso,1306728697043525632
traore_camille,b'Les prod?',Burkina Faso,1306728231941419014
KaboreMajid,b'????? tu vois des gens ! Phanie you be you ? https://t.co/6iXrJCIJWt',Burkina Faso,1306726128015626240
Mdxhn1,b'Fuck qalf me and my friends listening to cha3bi rn',Burkina Faso,1306717293943160839
istschan,b'Check out the results of our support to youth entrepreneurship in #BurkinaFaso @PNUD_BFA https://t.co/E4zCyuwudX',Burkina Faso,1306717218999332864
biricikuygar,b'jeff buckley https://t.co/vyQ5vQmb8O',Burkina Faso,1306712553138069512
_suga_crystal_,"b""a week ago: ooh too bad, i don't ship anyone in jojo (only canon ships), im just not into anything.... :ccc so sad? https://t.co/CjxVCTU5G9""",Burkina Faso,1306710959529095171
PureDavid,b'Well deserved https://t.co/gBcZIKSeob',Burkina Faso,1306710850615508993
_suga_crystal_,"b'everyone in dark academia is like ""i hate paperback books"" and im over here like ""i... love paperbacks... they\'re l? https://t.co/HeeUNxYbvt'",Burkina Faso,1306709702076702729
zeynepckuru,"b""i've been called out https://t.co/wv1dqBubYF""",Burkina Faso,1306705335571361794
tmalick226,b'@Eib_blackbird king_malick1',Burkina Faso,1306702206016552966
ecowas_agric,b'RT @RPCA_network: ?WORKING TOGETHER:  ?Working together means sharing knowledge. We need to jointly elaborate common strategies and common?',Burkina Faso,1306701781729267714
PureDavid,b'Some women really live life on Recruit difficulty https://t.co/UxAfy0wcbT',Burkina Faso,1306701120660791303
XayahNoEsFurra,b'@MellonMalus @halphonsetto @TopoRage Mood:',Burkina Faso,1306685417920569353
GarconRolex,b'100fesse ?? https://t.co/skY7jSKKq0',Burkina Faso,1306677668453253122
Catheri73357942,b'Good evening.',Burkina Faso,1306675442213158912
Pastoralist1,b'RT @RPCA_network: ?WORKING TOGETHER:  ?Working together means sharing knowledge. We need to jointly elaborate common strategies and common?',Burkina Faso,1306671661534588931
CORETHerders,b'RT @RPCA_network: ?WORKING TOGETHER:  ?Working together means sharing knowledge. We need to jointly elaborate common strategies and common?',Burkina Faso,1306670634974539785
KinGjahmez10,b'@wealthy_yute Make you no finish am only you ohhh',Burkina Faso,1306668312391299075
KinGjahmez10,b'Well.. https://t.co/ABXvmWSdKW',Burkina Faso,1306668055347462145
leeds_lawyer,"b'@zarahsultana He?s right, get out and get a job.'",Burkina Faso,1306666042563989504
BurkinaBrasil,b'@paixao_colorad @zanonfrancisco9 @cesc4official @LibertadoresBR Come to inter @cesc4official',Burkina Faso,1306665201798975491
heartofburkina,b'My TYPE https://t.co/8MDCH2w6CA',Burkina Faso,1306663198603571202
HomesElevated,"b'Visiting Melbourne, #Australia is pretty cool in itself, but these #daytrips from the city will enhance your visit.? https://t.co/aUzefMEWg1'",Burkina Faso,1306661342011682818
heartofburkina,b'I knew my babe wouldn?t disappoint. https://t.co/GfI2fVrdnl',Burkina Faso,1306660521618411520
dub_irony,"b'I just posted ""This is how the new quick chats work in ranked"" on Reddit\n\nhttps://t.co/lwXgzwGhPa'",Burkina Faso,1306653158937161729
dub_irony,b'HELP..! @RocketLeague \n\n[PC] Running Rocket League in Borderless mode does not keep the mouse within the window\n\n[I? https://t.co/8Bom2tSsTK',Burkina Faso,1306650148714377222
noluyokardesim,"b'breaking some norms, #revolutionary https://t.co/1ZYgvBqSBZ'",Burkina Faso,1306647517338259456
_suga_crystal_,b'why am i so hyped about my new school? is it because i can finally choose my own way of studying while not being bo? https://t.co/pCJSdkECmE',Burkina Faso,1306638781827735552
wealthy_yute,b'RT @KinGjahmez10: @wealthy_yute Anyways remember ohh if den send am',Burkina Faso,1306623169885876224
traore_camille,b'Lil baby est ou? ? https://t.co/3gagnJbSMk',Burkina Faso,1306621819097624578
XayahNoEsFurra,b'144. Crazy ex-girlfriend (season2) https://t.co/jwpohHwnrb',Burkina Faso,1306613373187043328
foreverleeeein,"b'bounprem married means im going to be single forever, okay bye?'",Burkina Faso,1306611258259464194
KinGjahmez10,b'@wealthy_yute Anyways remember ohh if den send am',Burkina Faso,1306610309558304770
Catheri73357942,b'Good',Burkina Faso,1306608034534359040
BeyonderOi,b'@frambs pocket friend',Burkina Faso,1306597460639281159
yvesaristidek,b'@SidibeKaGaks @Eib_blackbird Mets 2?',Burkina Faso,1306594074183393280
Maximuslk,"b""@aruni_t @iPrinthan @pradeeban I do agree, that was a time when we roamed freely,  eating at whichever friend's hou? https://t.co/yQxKkVkah6""",Burkina Faso,1306593373587873792
SB84389621,b'@jhonn_kopp Thugh lover',Burkina Faso,1306592008731987970
AineKhris,b'@idillionaire AMEN ?? ????????',Burkina Faso,1306591533450190850
Loukass125,b'@AntoGriezmann Love you',Burkina Faso,1306588467434983427
yipyip_7,b'RT @hiraeththings: Currently mood https://t.co/SHcDI4JELF',Burkina Faso,1306583470781726723
Maximuslk,"b""@pradeeban @aruni_t @iPrinthan I've lived my entire life in Wella,  and all this was going on??""",Burkina Faso,1306579246794633216
hiraeththings,b'Currently mood https://t.co/SHcDI4JELF',Burkina Faso,1306570184354942976
ans1q,b'RT @missinglifer: @doublefault28 Fifteeeeeen - Forrrty.',Burkina Faso,1306569224987475969
qiexil,b'i have a lottt of words inside my heart',Burkina Faso,1306559906624032773
Gugustt,b'Strike a balance between taking the lead and heeding the advic... More for Aries https://t.co/GNfarmNizF',Burkina Faso,1306556028251549697
A_Marie219,"b'You may feel torn between two extremes today, as you are overw... More for Scorpio https://t.co/sn4V1dfA70'",Burkina Faso,1306556015219859458
Maximuslk,"b'@aruni_t @pradeeban @iPrinthan The Royal Bakery was ???? ????,  ? and ? for me - obviously there must have been a l? https://t.co/v2DAER2deR'",Burkina Faso,1306554193407336450
Maximuslk,b'@Pimpilikki @iPrinthan Ye Gods! ?',Burkina Faso,1306553618758332419
missinglifer,b'@doublefault28 Fifteeeeeen - Forrrty.',Burkina Faso,1306545696154230785
xyraaleah,b'wow... 20 and sad and alone ???',Burkina Faso,1306532294723690496
baddliikeme,"b""48 minutes d'extase https://t.co/tMZoTYt4kA""",Burkina Faso,1306532120609861633
baddliikeme,"b""Can't wait https://t.co/8ZogmqGgpY""",Burkina Faso,1306531228783435777
niknamehee,b'@audriarisat09 Gamer flex',Burkina Faso,1306526677107961856
niknamehee,b'@Der_Mario_King Nice',Burkina Faso,1306526579468767232
xyraaleah,"b'@JhayJimenez1 Thank youuu, Kuyaa ?????'",Burkina Faso,1306526444017741824
niknamehee,b'@ich_iel @uhso0947 Sooo true',Burkina Faso,1306526401621876738
Leila22,"b'@thevandykeparks Van Dyke, still missing you in St. Petersburg, Florida. Favorite concert at Craftsman House. Ridic? https://t.co/1r0asGZOoY'",Burkina Faso,1306526389802278912
Leila22,"b'@DalaiLama That?s the way to do it. No more war. Start inside.\nHappy Birthday great leader, great human being-livin? https://t.co/IWKjHnaX44'",Burkina Faso,1306524418408054784
MahalHamadoun,b'RT @RPCA_network: The new FNS governance tool is out! The RPCA developed a self-assessment tool on the leadership capacities of States in t?',Burkina Faso,1306521419757613056
Alfred74839,b'???????    ?????\n??.???.???  ??.????????   ??.\n ?.??      ??        ?   ??    .    ?\n  ? Disco was not the impostor? https://t.co/3mEc1rujd2',Burkina Faso,1306517734579208194
i7uusboyz,b'@FadillaKansa @Dhisasasasa @jogjafess baking owder ??',Burkina Faso,1306517607592284160
niknamehee,b'@LadyGorbatschow Cute',Burkina Faso,1306512436485390336
foreverleeeein,b'BABAAAAA U CUTIEEEEEE AHHHH I LOVE U??? https://t.co/qzqIGuyfLq',Burkina Faso,1306511684211585035
RPCA_network,b'?WORKING TOGETHER:  ?Working together means sharing knowledge. We need to jointly elaborate common strategies and c? https://t.co/0s2ClBpLGu',Burkina Faso,1306504603467501569
niknamehee,b'@uhso0947 Scur Scur',Burkina Faso,1306498990490480650
xyraaleah,"b'@adzrin_jusali Thankkk u, Adz yiee ahha'",Burkina Faso,1306498839168217089
leeds_lawyer,b'@gideon_ @HelenRushby1 @lisanandy You?d hazard wrong then https://t.co/vhYwL0Yf5s',Burkina Faso,1306490829062758401
leeds_lawyer,b'@HelenRushby1 @lisanandy Helen that?s hilarious https://t.co/wqb49PRjv5',Burkina Faso,1306490576548790274
Mr_Saanou,b'@7Djamila ???. Inch Allah??',Burkina Faso,1306489256597245955
leeds_lawyer,"b'@profsked The most ridiculous thing is, that people actually expect the French to assist us ???'",Burkina Faso,1306487851585019911
paoloigna1,b'RT @mister_sahel: @AsmbUETogo @UNEP_NAmerica @giz_gmbh @FAODG @USEmbassyLome @UNDPClimate @CCNUCC @UNDP4Youth meet @KaoHua3 who is working?',Burkina Faso,1306483402435162113
qiexil,b'i feel I do not deserve this',Burkina Faso,1306481372530384901
dudaacarai,b'@malfoyshinee finalmente ein ISKSKS',Burkina Faso,1306479162388099073
leeds_lawyer,b'@LeanneWood @Plaid_Cymru Send all Gimmigrants to Wales ?',Burkina Faso,1306479100123635714
leeds_lawyer,b'@ThatMcRider Go and watch some basketball or other shit sport.\nHe was found guilty on ?balance of probability? that?s hardly compelling.',Burkina Faso,1306478782191226881
GigaClit,b'@BitchAssBowie @aj_robinson01 you might want to see this...',Burkina Faso,1306470855036350464
GigaClit,b'@floaromaa God I wish you were real',Burkina Faso,1306470193862975488
niknamehee,b'@hailsqwq Same',Burkina Faso,1306468891896541185
GigaClit,b'@realasysk Great googly moogley',Burkina Faso,1306468607971467264
niknamehee,b'@hmstii Trump',Burkina Faso,1306467783459438593
foreverleeeein,b'bet q ean ha https://t.co/WvZPi1omFK https://t.co/LFund4WhKp',Burkina Faso,1306461495438356481
foreverleeeein,b'New phone too?? https://t.co/YnKBjYh1Ez',Burkina Faso,1306454923232460800
i7uusboyz,b'@Dhisasasasa @jogjafess @FadillaKansa pre order',Burkina Faso,1306448152845713409
foreverleeeein,"b'grabe yung "" I was there at your best calls and also your worst falls, but now where are you?"" ang lelem nemen loui? https://t.co/dmMZBvrTPD'",Burkina Faso,1306410955266355200
_suga_crystal_,b'@jessiepaege absolute queen!! &lt;3 how can you be SO hot aaaaa T_T',Burkina Faso,1306391110923808769
aglayanmargo,b'if i could be with you tonight\ni would sing you to sleep\nnever let them take the light behind your eyes\nhttps://t.co/I3QvB5woW7',Burkina Faso,1306388173761765379
heartofburkina,b'Clairrrr https://t.co/9GwlwBOLhq',Burkina Faso,1306370747007479809
hiraeththings,b'No one:\n\nNot a single soul:\n\nMe at 02.11: https://t.co/gnjeWx32PB',Burkina Faso,1306370402831261697
ilaydape,b'these boys aint shit ????',Burkina Faso,1306369872046288897
yembi51,b'Get STARTUP Bonus from InstaForex! Start trading on Forex without any investments and risks right now! https://t.co/JFS2cZ4Aqh',Burkina Faso,1306366532717555712
PureDavid,b'? but lets not sleep on the Nuggets https://t.co/2fMFMKvMYE',Burkina Faso,1306365748923727877
PureDavid,b'Time to prepare for my wife https://t.co/qJjGXkMqDv',Burkina Faso,1306365587111673862
_suga_crystal_,b'@itisris actual goals',Burkina Faso,1306363056524492801
heartofburkina,b'Find your way back',Burkina Faso,1306360081068568576
haticerkk,b'@shelterinrain chesscake https://t.co/cA9aDnfRNt',Burkina Faso,1306349105451618304
Maximuslk,"b""@iPrinthan Really?? Dang, I've been buying my  ? from there for 40yrs and now I hear this? ?????""",Burkina Faso,1306342588799213573
nikschwa,b'RT @probeano: concept: dog but ethical philosophy professor https://t.co/EXyLbPka3b',Burkina Faso,1306732556369440768
snipebeebo,b'@czbain my computer crashed as soon as i started among us',Burkina Faso,1306732445471895552
FreshPrince1_,"b""@lillianyohx The book isn't even out, it's just over sensitive people that no longer know what offensive actually means""",Burkina Faso,1306732443706314756
chelseatgibbs,b'horny bitch. ok but i like hugs too :( https://t.co/qj3buLMO4i',Burkina Faso,1306732434126495749
pH14Anna,b'@CallHerApple LAMPS. FUCKING LAMPS',Burkina Faso,1306732393584353283
Adventure_RBLX,"b""RT @NellAvocado: tw // self harm\n\nfor every reply/retweet this gets, I won't harm myself for a day. I?ll put your @ in a jar/box and when I?""",Burkina Faso,1306732349963395072
SThots69,b'@AJSADelrith Cracker Barrel is F tier wtf. Atleast in ohio it is ours is TRASH',Burkina Faso,1306732185005813765
DinkDaDon_,b'RT @goldentimetay: I find so much peace in knowing that everything that is for me will be.',Burkina Faso,1306732151698796545
CeeKayR6,b'@NiloGG deal.',Burkina Faso,1306732079254822913
No85748156,b'@drakecIappingif @ElliotOmega @BigTown333 @SiteOwner2 @_morgansterling @yesimdeja Yeah but those subreddits are left alone for the disabled',Burkina Faso,1306732059688394752
sleepyfroggie,"b""shit i just want to lay down and cry til I'm dead""",Burkina Faso,1306732029476831233
YlpmisMlem,"b'@capsdraws worm overloads are dangerous, require frequent naps to cool before critical mass'",Burkina Faso,1306732006508818434
DoomSpam,b'@Vmeg17 The medals in the daytime levels should have been like the wii and the medals in the werehog levels should stay the same',Burkina Faso,1306732005145665537
boatymcgrim,"b""RT @NellAvocado: tw // self harm\n\nfor every reply/retweet this gets, I won't harm myself for a day. I?ll put your @ in a jar/box and when I?""",Burkina Faso,1306731972753010688
sleepyfroggie,"b""classes irl are coming back\n\ni didn't pay attention on online classes properly\n\ni haven't studied in 4 months\n\ni ha? https://t.co/wmsL3nW5Ra""",Burkina Faso,1306731824471736320
mutual_ayyde,"b""@the_aiju a rule of thumb I've found useful in the last few years to verify whether a claim about complex phenomena? https://t.co/RPEK9SdS7R""",Burkina Faso,1306731723682492416
yoxeef,"b'Tell them I was happy, and my heart is broken, all my scares are open, tell them what I hoped would be impossible'",Burkina Faso,1306731659740540928
daddydarkie,"b'i was just going to dunkin and some lady goes ""oh my god that hair, oop i hope she didn\'t hear me"" AAAALFKFTKRKG bye yall'",Burkina Faso,1306731608804712449
AdsHallsler,b'@luvchvr cmonnnn!!? so cuteeee',Burkina Faso,1306731533785419776
Stabbo_Crab,"b""@mmirandyy @alesslessa_ @mmirandyy RANDY'""",Burkina Faso,1306731525334065152
anna34ts,"b""RT @NellAvocado: tw // self harm\n\nfor every reply/retweet this gets, I won't harm myself for a day. I?ll put your @ in a jar/box and when I?""",Burkina Faso,1306731508598677504
ACornfellow,"b'@MartinGWrumpus Awww, thank you!!! https://t.co/ouRoCncqoB'",Burkina Faso,1306731506761633800
DoomSpam,b'@AntiMAPArmy I know that feeling well',Burkina Faso,1306731506304516097
tinykyuti,b'like um dont do that',Burkina Faso,1306731454588567574
DonyeOVA,b'Am i a good mobile ro wrestler ye',Burkina Faso,1306731397961453570
LivingScribe,b'RT @FolderBloat: @GodotIsW8ing4U @Bolverk15 @LivingScribe &gt;china and india learning limitless power over reality in the same building\n\nyeah?',Burkina Faso,1306731396698976256
Crabula1,"b""RT @thatonefrogxd: So... I realized I've never drawn Lucius as a Riolu, so...\n\nHere he is. Angy baby. lol https://t.co/YQfzXZNonP""",Burkina Faso,1306731351715053569
TimSuetens,"b""@DirtFishRally @SebOgier @rallyturkey Roadsweeping in Turkey... I don't envy him.""",Burkina Faso,1306731280101453825
RinHoshigumo,"b'RT @GizzyGreg: @wmufunde i actually do all my character art, book covers and ""behind the scenes"" bonus crap by hand, because nobody knows m?'",Burkina Faso,1306731260547461121
almostaquatic,b'no matter how hard i try i just kind of look like a soccer mom crossed with a very uncomfortable twelve year old. t? https://t.co/qY7pPHmFAV',Burkina Faso,1306731193719836672
stgenerations,"b""@OnThisDayGaming I never bought a copy. I don't regret it.""",Burkina Faso,1306731188393050113
VIOLETSDIOR,b'somebody be nice to me istg',Burkina Faso,1306731160396062720
edteauwu,b'down bad https://t.co/uWqlNjpUvb',Burkina Faso,1306731086169419782
CeeKayR6,b'@NiloGG nah in round back in the carpark',Burkina Faso,1306731082918834179
NotChildKing,b'????????????????????????????',Burkina Faso,1306731070897881088
creeperman129,b'@Killafoe1 Epic',Burkina Faso,1306731034072023040
FEELZ_____,b'@_donniiiii Gunna need a summer of music festivals after this BAD.',Burkina Faso,1306731003411664900
SODYVINYL,b'@UnknwnIvory Yay hang on lemme set up a server :))',Burkina Faso,1306731001826226182
casandranamjoon,b'RT @bbmonky: me logging onto https://t.co/kygw0fdTHM to tweet https://t.co/zwHTOdJv9V',Burkina Faso,1306730899942174720
antoniaaa43,"b""RT @SC0TTYDOSNTKNOW: i'm having a great time so here's a photo of scott to show JUST HOW GOOD its going https://t.co/QouOcAsGq2""",Burkina Faso,1306730873367166976
instastanbella,b'@gremIinstan WELL NOW I KNOW AFTER I SAID IT BFJSISJ',Burkina Faso,1306730862675783680
GizzyGreg,b'@BreakArtyMan @DesideriaMesa aaand she got it.',Burkina Faso,1306730793918750725
mishrooms,b'I had a small guest drawing with me today who requested a dynamax charizard. https://t.co/vhi4gmV1Oq',Burkina Faso,1306730793880948738
gutman_ari,"b'RT @ae_alna: ""The Chinese are brainwashed because they will accept a free new house with a picture of Xi Jinping in it, as opposed to me: T?'",Burkina Faso,1306730793352466433
snipebeebo,b'@Cris_Is_Yes @Andbracar @lellabies @bruhmoment6942o you pissed me off',Burkina Faso,1306730773244854273
qaesraee,b'finally giving you up',Burkina Faso,1306730758745120768
Sara_Santxs,"b""RT @ireneslasagna: PLEASE VOTE WE'RE ALMOST THERE""",Burkina Faso,1306730757755412481
mutual_ayyde,"b'@emmibevensee @lenazun ah yes ""how close are we to the enticing incident of eclipse phase"" the essay'",Burkina Faso,1306730716978274304
instastanbella,b'hey tobi im sorry I didn?t think it was actually you tbh but don?t worry I don?t actually hate you',Burkina Faso,1306730670975193089
Murgoot,b'RT @FolderBloat: @GodotIsW8ing4U @Bolverk15 @LivingScribe &gt;china and india learning limitless power over reality in the same building\n\nyeah?',Burkina Faso,1306730648519012352
GizzyGreg,"b'question for readers/writers. Got a spoof chapter in my book that spoofs everything. spoofing the movie ""Juwanna Ma? https://t.co/VaeiAAVJrm'",Burkina Faso,1306730624204537857
giggledealer,"b""@Leafy Shit nigga that's all you had to say""",Burkina Faso,1306730574095228929
parasite_z,b'Looks at old art of Grimm. I have 1 oc https://t.co/pu1YkY0nxJ',Burkina Faso,1306730533045534721
snipebeebo,b'@Cris_Is_Yes @Andbracar @lellabies @bruhmoment6942o what the pissed me off.....????\n\nm.',Burkina Faso,1306730496383094784
instastanbella,b'@gremIinstan I DIDNT THINK IT WAS ACTUALLY TOBI NDJSISU',Burkina Faso,1306730495057645568
creeperman129,b'@Killafoe1 Yo really?',Burkina Faso,1306730482042896384
Lolas_Lumpia,"b'? TMRW 4pm-7pm @ Crowfield - Goose Creek (101 Hunters Ln, 29445) @sffCHS'",Burkina Faso,1306730473461288960
ranka_Iee,b'@tomori9n ugh!!! SELFISH ENSTARS!',Burkina Faso,1306730450220716032
yoxeef,b'? #NowPlaying ?Lost Without You (Live)? by Freya Ridings on #Anghami https://t.co/TkVe1fUsAs',Burkina Faso,1306730436069126145
LordLicoriceDrp,"b""@HgMorbi Did you ever watch Xena: Warrior Princess and see the episode where she's trapped in a timeloop in a town? https://t.co/iGuGRDVUfQ""",Burkina Faso,1306730388597944321
FolderBloat,b'@yoloswagstudios whoa when did you become a twitter trad',Burkina Faso,1306730386232410112
Rokicoke,b'@Slickdude334 pain https://t.co/QU2jn3yIey',Burkina Faso,1306730374257455104
dtluna_,b'RT @mutual_ayyde: solarpunk romance novel in which a libertarian and a socialist from different seasteads have to work together after a cli?',Burkina Faso,1306730290413527041
frankielagana,"b""RT @NellAvocado: tw // self harm\n\nfor every reply/retweet this gets, I won't harm myself for a day. I?ll put your @ in a jar/box and when I?""",Burkina Faso,1306730271023099905
mutual_ayyde,"b""@ikesharpless @OwenAdamsYT1 @rechelon @corymassimino honestly we've been in decline since we adopted agriculture and lost telepathy tbh""",Burkina Faso,1306730233559613440
AdsHallsler,b'@jxdnnhossler_ u are perfect. u are loved. u matter the most. and u are aamzing! don?t let anyone tell u different. smack them',Burkina Faso,1306730214592933889
FolderBloat,b'@GodotIsW8ing4U @Bolverk15 @LivingScribe &gt;china and india learning limitless power over reality in the same buildin? https://t.co/FaTzPI8ROM',Burkina Faso,1306730211350925312
instastanbella,b'@gremIinstan I JUST REALIZED HE CAME IN DURING THAT TIME BFHSIW',Burkina Faso,1306730168220704770
CeeKayR6,b'@NiloGG ?????????? fight me',Burkina Faso,1306730146414686216
VIOLETSDIOR,b'somebody talk to me omfg this is so pathetic',Burkina Faso,1306730144426586118
AshwinnFN,b'Gn fr this time ??',Burkina Faso,1306730025975128065
ireneslasagna,b'@kangseulgiowns HDFVUYHBE i dont have any pare talent its only mediocre ?',Burkina Faso,1306730000901529600
parasite_z,b'@po__lar I looked and was so ? not what I hoped for',Burkina Faso,1306729993809133568
_nw11_,b'Today?s the day lads https://t.co/3Y4kQ8kJOP',Burkina Faso,1306729984468439041
urfavisprblmtc,b'@DemetriusHarmon omfg ur so hot hurry up with the next collection flop',Burkina Faso,1306729951073165313
KirishimasShri1,b'@CRlMSONRIOT What happened',Burkina Faso,1306729948007153665
ireneslasagna,b'@bruh_juann thanks! i did this instead of hws :D',Burkina Faso,1306729891988004864
RansleyKorbin,"b""RT @_Byzos_: @Beatissima @thehill Pretty low, I don't know if you've noticed but there are riots in the streets and people saying that they?""",Burkina Faso,1306729820819259392
personunknown,"b""@XavierDLeau It's gonna look like that last season of Martin or Arrested Development on Netflix""",Burkina Faso,1306729811042275328
creeperman129,b'@CusAngelic_Idol @tfwPhoebe Relatable',Burkina Faso,1306729790326607874
ireneslasagna,b'@amoebainu :O thank you pp sam',Burkina Faso,1306729713763676160
mutual_ayyde,"b""@emmibevensee @lenazun gimmie the tl;dr and I'll put every bit of writing I can find from you into gtp-3 and use it? https://t.co/K3iJcooHiG""",Burkina Faso,1306729666699427842
SerxFN_,b'@Danelmane Triple',Burkina Faso,1306729658927415298
abby678902,"b""RT @NellAvocado: tw // self harm\n\nfor every reply/retweet this gets, I won't harm myself for a day. I?ll put your @ in a jar/box and when I?""",Burkina Faso,1306729635468718081
cacklingcreep,b'@Darien_Gautier KILL',Burkina Faso,1306729585464274946
FEELZ_____,b'@_donniiiii i miss outside smfhhhh',Burkina Faso,1306729552329273347
rig0remortis,"b""RT @NellAvocado: tw // self harm\n\nfor every reply/retweet this gets, I won't harm myself for a day. I?ll put your @ in a jar/box and when I?""",Burkina Faso,1306729537128914947
NicolasL123456,b'@Aurailix Eats food',Burkina Faso,1306729476395536385
VIOLETSDIOR,b'@niallsbadknees its fine im fine ?',Burkina Faso,1306729463187677187
LazyAnimator3,"b""RT @NellAvocado: tw // self harm\n\nfor every reply/retweet this gets, I won't harm myself for a day. I?ll put your @ in a jar/box and when I?""",Burkina Faso,1306729424721768449
Flaming97672990,"b""RT @NellAvocado: tw // self harm\n\nfor every reply/retweet this gets, I won't harm myself for a day. I?ll put your @ in a jar/box and when I?""",Burkina Faso,1306729408451969024
Shpoaphfff,"b""RT @_Byzos_: @Beatissima @thehill Pretty low, I don't know if you've noticed but there are riots in the streets and people saying that they?""",Burkina Faso,1306729375371587585
DaRealWolfyToon,"b""RT @NellAvocado: tw // self harm\n\nfor every reply/retweet this gets, I won't harm myself for a day. I?ll put your @ in a jar/box and when I?""",Burkina Faso,1306729338755321861
SC0TTYDOSNTKNOW,"b""@NicNak_SakAttak this wasn't about u it was abt my mother lmaoo""",Burkina Faso,1306729306148798467
Treyevers,b'ngl these PSO2 event bosses are so damn good. as a newcomer to pso2 from pso pearning the event mechanics so quickl? https://t.co/soC7kErGYl',Burkina Faso,1306729303854518272
ireneslasagna,"b""PLEASE VOTE WE'RE ALMOST THERE https://t.co/1PCMRAoxaM""",Burkina Faso,1306729279686758400
lexaprobabie,"b'if i snap at you today, i?m sorry'",Burkina Faso,1306729267535912961
StarstruckCoco,"b""@Aki08346509 @piixx_elated @FaeriePwincess @PurplePotatOwO That's horrible \nRoblox needs to fix so many things ????""",Burkina Faso,1306729225844523008
ili_bibi,b'@souslesfeuilles Fall oppio',Burkina Faso,1306729180072210432
miikanooo,b'RT @meinu72: i?m not playing hard to get i just don?t like you',Burkina Faso,1306729046412206080
DDBVON,b'RT @SHARDDDYSHARD: Take 10 steps forward then take 5 steps back ?????',Burkina Faso,1306442885827571717
SHARDDDYSHARD,b'@lackprofSGK I miss you too ?',Burkina Faso,1306438513219588098
SHARDDDYSHARD,b'Take 10 steps forward then take 5 steps back ?????',Burkina Faso,1306425204504231937
bangyedam_iran,b'RT @yedamkeita: bang yedam looks so good i wanna cry https://t.co/xlmUF3nG3z',Burkina Faso,1306132011166429184
SHARDDDYSHARD,b'@Logan__Day Best in the business!!',Burkina Faso,1305868920272945155
SHARDDDYSHARD,b'@_marques25_ This ain?t you ??',Burkina Faso,1305584896761528326
harutotrash,b'RT @yedamkeita: #TreasureMakerSelcaDay #TREASURESelcaDay  \n\nhigh quality                 low quality https://t.co/6wSuPUjGGr',Burkina Faso,1304418435443507201
SHARDDDYSHARD,b'Playing both spots https://t.co/fBcXYCdbzJ',Burkina Faso,1303843822342991875
SHARDDDYSHARD,b'Playing both spots https://t.co/fBcXYCdbzJ',Burkina Faso,1303843822342991875
SHARDDDYSHARD,b'Playing both spots https://t.co/fBcXYCdbzJ',Burkina Faso,1303843822342991875
SHARDDDYSHARD,b'Playing both spots https://t.co/fBcXYCdbzJ',Burkina Faso,1303843822342991875
SHARDDDYSHARD,b'Playing both spots https://t.co/fBcXYCdbzJ',Burkina Faso,1303843822342991875
SHARDDDYSHARD,b'Playing both spots https://t.co/fBcXYCdbzJ',Burkina Faso,1303843822342991875
