user,text,country,id
fm_pino,"b'Everytime my depleted Marseille side come up against PSG, Man City or Bayern..\n\n#fm20 https://t.co/1GunBxfw9n https://t.co/kb9yQCNVAv'",Chad,1306698009036677121
NoorlBTS,"b'RT @DeservingLegnds: DO NOT CLICK ON THE ? EMOJI, IF YOU HAVE A WEAK HEART FOR JIMIN!!\n    \n                           ?'",Chad,1306695931149025280
fm_pino,"b""@fm_digi Don't worry we are all safe, it wasn't an emergency as much as we may have convinced you it was....""",Chad,1306694172431339522
fm_pino,b'Miss Pino is preparing to go back to work.....\nMy performance as Captain of the Aircraft cannot be ignored in this.? https://t.co/eBAFDlRSUS',Chad,1306691303967727621
Ihoobyyy,b'25 days?',Chad,1306688528336723983
_namukosmos,"b'RT @DeservingLegnds: DO NOT CLICK ON THE ? EMOJI, IF YOU HAVE A WEAK HEART FOR JIMIN!!\n    \n                           ?'",Chad,1306644801618673666
DeservingLegnds,"b'PLEASE SUPPORT MY THREAD, SHARE AND TAG YOUR FRIENDS ? https://t.co/vKDfQ5Czgv'",Chad,1306643541007966211
DeservingLegnds,b'I saw the same thing on Instagram yesterday https://t.co/aKmZl26ffZ',Chad,1306643382542962688
DeservingLegnds,b'MY TL IS JUST TOO HORNY!! WHYY',Chad,1306642225091301385
Jimjimm9,"b'RT @DeservingLegnds: DO NOT CLICK ON THE ? EMOJI, IF YOU HAVE A WEAK HEART FOR JIMIN!!\n    \n                           ?'",Chad,1306641283470028800
DeservingLegnds,"b'@Bangstan136 Nah, i was juss kidding ?'",Chad,1306641144718282752
DeservingLegnds,b'tw// injustice\n.\n.\n.\nMy mom slapped me for stanning bts',Chad,1306640472962674688
LattaeliciousV,"b'RT @DeservingLegnds: DO NOT CLICK ON THE ? EMOJI, IF YOU HAVE A WEAK HEART FOR JIMIN!!\n    \n                           ?'",Chad,1306640264342110210
DeservingLegnds,b'BISH YOU DESERVED IT https://t.co/RkkjiQRT2E',Chad,1306639925773729793
LobelyJiminP,"b'RT @DeservingLegnds: DO NOT CLICK ON THE ? EMOJI, IF YOU HAVE A WEAK HEART FOR JIMIN!!\n    \n                           ?'",Chad,1306639842110038016
Dopaminergiica,"b'RT @DeservingLegnds: Bish, you never listened to your mom, right? https://t.co/KZepcWDlRt'",Chad,1306639362352918528
DeservingLegnds,"b'@naughTAEorNice Wait, are you a bb no.1 singer fan?'",Chad,1306639143020253185
DeservingLegnds,b'@filtryanli @ANNSUGA__ Jimin has told me',Chad,1306638601359429632
DeservingLegnds,"b""Don't you dare ? https://t.co/84Y7k9dH8e""",Chad,1306637393890627584
ANNSUGA__,"b'RT @DeservingLegnds: Bish, you never listened to your mom, right? https://t.co/KZepcWDlRt'",Chad,1306637325489770498
DeservingLegnds,b'THIS IS HOW JIMIN WORKS? https://t.co/WSWWyvcpCY',Chad,1306637237900189696
DeservingLegnds,b'@BTSARMY25839883 Chill babe? https://t.co/Q8bRpc1s9L',Chad,1306636765688557571
btsphangurl,"b'RT @DeservingLegnds: DO NOT CLICK ON THE ? EMOJI, IF YOU HAVE A WEAK HEART FOR JIMIN!!\n    \n                           ?'",Chad,1306636704317497344
DeservingLegnds,b'@naughTAEorNice SOMEONE PLEASE GIVE ME SOME HOLY WATER https://t.co/sDYLZ4sTnA',Chad,1306634897784811520
DeservingLegnds,b'Literally my sister: https://t.co/FeDsFgGzSy',Chad,1306634533220081665
lawlietpjm,"b'RT @DeservingLegnds: DO NOT CLICK ON THE ? EMOJI, IF YOU HAVE A WEAK HEART FOR JIMIN!!\n    \n                           ?'",Chad,1306632553118363649
Epic__Legends,"b'RT @DeservingLegnds: Bish, you never listened to your mom, right? https://t.co/KZepcWDlRt'",Chad,1306631766166376451
Epic__Legends,"b""RT @DeservingLegnds: Sorry, I'm not responsible for your loss https://t.co/hMycq5KNYB""",Chad,1306631756926382085
Epic__Legends,"b'RT @DeservingLegnds: DO NOT CLICK ON THE ? EMOJI, IF YOU HAVE A WEAK HEART FOR JIMIN!!\n    \n                           ?'",Chad,1306631744557383680
Epic__Legends,b'RT @DeservingLegnds: Please look forward to my thread',Chad,1306631692157964290
Epic__Legends,"b'RT @DeservingLegnds: Small accs before            small accs \ntweeting,                           after realizing,\nthinking?'",Chad,1306631663397605378
DeservingLegnds,b'Please look forward to my thread https://t.co/vKDfQ5Czgv',Chad,1306631454487699460
DeservingLegnds,b'@Shayi_mochi Ask him instead https://t.co/vXPMLAjYyT',Chad,1306630519296319489
DeservingLegnds,b'@daechwitaxxo This is how jimin works',Chad,1306629234081902592
_vodkkaa,b'@ishhaza Albyy',Chad,1306629159683317760
DeservingLegnds,"b'Bish, you never listened to your mom, right? https://t.co/KZepcWDlRt'",Chad,1306629015080439811
DeservingLegnds,"b""Sorry, I'm not responsible for your loss https://t.co/hMycq5KNYB""",Chad,1306628124550017025
DeservingLegnds,"b'DO NOT CLICK ON THE ? EMOJI, IF YOU HAVE A WEAK HEART FOR JIMIN!!\n    \n                           ?'",Chad,1306628113711988736
fm_pino,b'FM20 free on Epic this week https://t.co/udnxuls3EG',Chad,1306610490253152258
hama_habib,b'Boom ??? https://t.co/Rgc3bwYfPp',Chad,1306475914902089730
ErenTitan69,b'RT @ihavesparetime3: Sexy chick ??????\n\nWas listening to a song called Sexy Chick by David Guetta ft. Akon. I remembered when I was a child?',Chad,1306438838957617155
halofanhp,b'3rd party widgets  cool https://t.co/Hyh07d2a3h',Chad,1306399953636466688
aleyellowx,b'@JennifeerVieira @PromocoesPA @promodelivro @BlackLivros aaaaaaaaaa o unboxing',Chad,1306371817372876800
Cyber_fenr,"b""@praxisbaby02 That's why it's named virgin-ia""",Chad,1306369925703970816
a_harahel,b'@GOHGAMER @charlieINTEL why buying with ienes is cheaper?',Chad,1306337576878510082
Tonidom2,b'RT @ihavesparetime3: I forgot to post this here oops ? I drew this long time ago so yee\nHave Arackniss for the day ?\n\nProgramme used : Ibis?',Chad,1306292835864338435
fm_pino,"b""@FMCreatorsChamp @TheUnitedCityFM This is so good. Can't get enough &amp; looking forward to see the rest ??""",Chad,1306290626015698947
drratchet12345,b'RT @ihavesparetime3: I forgot to post this here oops ? I drew this long time ago so yee\nHave Arackniss for the day ?\n\nProgramme used : Ibis?',Chad,1306279969329475584
halofanhp,b'Happy 30th birthday to @JoshuaJosher',Chad,1306274940216369155
DeservingLegnds,b'@joonmusIim @BTS_twt Thandi comedy',Chad,1306258779726589952
DeservingLegnds,"b'Look at that dn it says ""???? ????""\nWhich means ""jungkook\'s wife"" HELP- https://t.co/Gkl1hFo4r6'",Chad,1306258568899973120
DeservingLegnds,b'Yoongi is really easy to fall in love with.',Chad,1306257278509690885
DeservingLegnds,b'Hoseok is very easy to fall in love with.',Chad,1306257205520408577
FmWebby,"b""RT @fm_pino: It's been a long ride, but we have finally made it to our first Champions League match in 'The Journeyman' Series.\n\nNot an eas?""",Chad,1306233112867807232
DeservingLegnds,b'@mono_joo Pls send me',Chad,1306232439484841985
FM_Union_,"b""RT @fm_pino: It's been a long ride, but we have finally made it to our first Champions League match in 'The Journeyman' Series.\n\nNot an eas?""",Chad,1306222207308312576
ARMYwithBTSJams,b'RT @DeservingLegnds: *GOOGLE*\nHOW TO MARRY A GIF?? https://t.co/37sLobtlC2',Chad,1306194738102644738
DeservingLegnds,b'*GOOGLE*\nHOW TO MARRY A GIF?? https://t.co/37sLobtlC2',Chad,1306194516739792897
DeservingLegnds,b'Can i marry a gif https://t.co/FNldIRTasS',Chad,1306194375861559297
DeservingLegnds,b'HOLY HELL ? https://t.co/8kv1wAJjvg',Chad,1306189769551097856
DeservingLegnds,"b""I ain't let you forget about this!! https://t.co/uG3y7Ng2S3""",Chad,1306188982754119680
fm_pino,b'@FMStinger @DemandMoreFM @bennyd_fm @fm_maniac200 @TBMGamesFM @fm_digi to continue the relay',Chad,1306187049721114626
fm_pino,"b'@FMStinger @DemandMoreFM @bennyd_fm I do...Playthroughs of saves that i try to make entertaining, but the limelight? https://t.co/Pm6Y2Oj1Cc'",Chad,1306186609784762373
DeservingLegnds,b'@sugaboyi Here?',Chad,1306182241354162177
FmLlama,"b""RT @fm_pino: It's been a long ride, but we have finally made it to our first Champions League match in 'The Journeyman' Series.\n\nNot an eas?""",Chad,1306167134968573952
fm_pino,"b""It's been a long ride, but we have finally made it to our first Champions League match in 'The Journeyman' Series.? https://t.co/gXX2KURpNd""",Chad,1306166110820147201
DeservingLegnds,b'Your 4 @ is secretly hoseok',Chad,1306135044285661189
Treny_Dogg3,b'RT @ihavesparetime3: I forgot to post this here oops ? I drew this long time ago so yee\nHave Arackniss for the day ?\n\nProgramme used : Ibis?',Chad,1306129191327367169
DeservingLegnds,b'@orbitqls Oomf is kinda comfortable',Chad,1306126119565955072
_vodkkaa,b'stole this\nreply if u think i dont like u',Chad,1306034952853749760
HelluvaHotelrp,b'RT @ihavesparetime3: I forgot to post this here oops ? I drew this long time ago so yee\nHave Arackniss for the day ?\n\nProgramme used : Ibis?',Chad,1306003186340241408
Capitan_Salty,"b'Immigrants detained by ICE face inhumane and unsanitary conditions, as a result this year more than twice as many i? https://t.co/43aCDjUTZz'",Chad,1306001339869286404
itstexzero,b'RT @ihavesparetime3: I forgot to post this here oops ? I drew this long time ago so yee\nHave Arackniss for the day ?\n\nProgramme used : Ibis?',Chad,1305966569349099531
DeservingLegnds,b'Black https://t.co/1xApYyTMMw',Chad,1305959809821310976
DeservingLegnds,b'NORMALIZE https://t.co/NWn7PBSc9p',Chad,1305953440359763969
DeservingLegnds,b'BRO YOONGI OWNS MY TL https://t.co/kEO1Bi1WlB',Chad,1305953022388957184
DeservingLegnds,"b""BRO I SEE\nYOU'RE USING YOUO PHONE WHILE CHARGING IT? https://t.co/0sHBczlNCp""",Chad,1305952059712253953
DeservingLegnds,b'Bro wtf is this #???????',Chad,1305951530026184708
DeservingLegnds,"b""Greetings, @MAXMusic...\nYour music is amazing, sorry don't have words to describe, I'M IN LOVE WITH THE WAY YOU SIN? https://t.co/T2MWewu3Tk""",Chad,1305951209489039361
DeservingLegnds,b'@ot7ddaenghehe @guccimin_ Flora? retwd \nLol',Chad,1305949650902491143
DeservingLegnds,"b'OMG, THE LIKE BUTTON\n#BlackJoy'",Chad,1305946862571204609
DeservingLegnds,b'SOMEONE please tell me how to type in tiny\nPlease!!? https://t.co/28eFTJ7kYz',Chad,1305946390380580864
DeservingLegnds,b'@magicislxnd 33M views',Chad,1305945748601794563
DeservingLegnds,b'That one is really famous tho https://t.co/qysQmLgJlL',Chad,1305945712383885315
DeservingLegnds,b'PLEASE CLICK ON THE LIKE BUTTON ?\n#JuntosSomos',Chad,1305945319440609280
DeservingLegnds,b'OMG THE LIKE BUTTON ? https://t.co/eZW2PNpW4D',Chad,1305945177178148866
LaGueuleDAnge1,b'RT @ihavesparetime3: I forgot to post this here oops ? I drew this long time ago so yee\nHave Arackniss for the day ?\n\nProgramme used : Ibis?',Chad,1305938669321285632
halofanhp,b'It?s now out as a GM https://t.co/UzaEkGbtHy',Chad,1305937077029285888
DeservingLegnds,"b'THIS REMINDS ME OF THAT FF ""BLOOD INK""? https://t.co/zyxnldhdOf'",Chad,1305928293724704768
TheNaiads,b'RT @ihavesparetime3: I forgot to post this here oops ? I drew this long time ago so yee\nHave Arackniss for the day ?\n\nProgramme used : Ibis?',Chad,1305928024257331203
kore93_m,b'RT @DeservingLegnds: GUYS... https://t.co/Fu2K1cQCYB',Chad,1305884841041448961
DeservingLegnds,b'OH MY GOD I SAW MY BESTIE @BTSARMY25839883 https://t.co/na9SvGl0w2',Chad,1305882930271653891
fm_pino,"b'@DemandMoreFM @pepsi From this moment on, i will be opening up this picture of joy to get my daily boost of good vibes'",Chad,1305879279155195904
_lollWhoCares,b'RT @DeservingLegnds: GUYS... https://t.co/Fu2K1cQCYB',Chad,1305876058718253057
DeservingLegnds,"b""THIS LOOKED PERFECT BUT SINCE I'M A SMALL ACC EVERYONE'S GONNA IGNORE MY SHIT https://t.co/1qgLMrIqPM""",Chad,1305875929567289347
DeservingLegnds,b'@BTSARMY25839883 Thnkx sis',Chad,1305875684900974598
DeservingLegnds,b'@BTSARMY25839883 Nothing i just took a ss?',Chad,1305874936737804288
DeservingLegnds,b'GUYS... https://t.co/Fu2K1cQCYB',Chad,1305872298013007878
DeservingLegnds,b'*disappointing in taekook* https://t.co/ihdHcPbcjT',Chad,1305870985351004165
GoldenCosmic96,b'RT @ihavesparetime3: I forgot to post this here oops ? I drew this long time ago so yee\nHave Arackniss for the day ?\n\nProgramme used : Ibis?',Chad,1305870116790382596
