user,text,country,id
andrei_eclynoh,b'@NilsAhrDE OP8 Pro.....',Bulgaria,1306689924230508544
andrei_eclynoh,b'@TheGalox_ @jimmyispromo boring design https://t.co/1l3N8sH1Cq',Bulgaria,1306689013600980992
ZeynWhite,b'@milwaukeeopium Cry me a river',Bulgaria,1306683803688218627
rayavarbanova,b'RT @vesiiiiiii: ?Nice joke bro now I?m insecure? \n                            The story of my life',Bulgaria,1306683340704055304
vesiiiiiii,b'You did this for what?',Bulgaria,1306682475951910912
vesiiiiiii,b'?Nice joke bro now I?m insecure? \n                            The story of my life',Bulgaria,1306680737958113280
GicaFrate,b'@JoeBrunoWSOC9 What happens if someone gets a hold of one of the ballots and sends it in fraudulently? How would th? https://t.co/HT0pv6jPu0',Bulgaria,1306668700838264833
cocoapuppyuwu,b'Dreaming of being her;; https://t.co/fqQD7GqPcM',Bulgaria,1306664934642798593
AnunnakiBukkake,b'@CashApp $hittypork',Bulgaria,1306660704641003520
Mizzymeech,b'RT @skateboardraga: its time ?? https://t.co/NyvWaJ93Ms',Bulgaria,1306658810711302145
illingsworth,b'RT @skateboardraga: its time ?? https://t.co/NyvWaJ93Ms',Bulgaria,1306657372807495694
angelbabyl0u,b'RT @skateboardraga: its time ?? https://t.co/NyvWaJ93Ms',Bulgaria,1306655239651487744
venusmusik,b'RT @skateboardraga: its time ?? https://t.co/NyvWaJ93Ms',Bulgaria,1306655184173572097
LaSailorGoon,b'Look Back At It?!?!? https://t.co/rzMhn0sqee',Bulgaria,1306651282631991296
TheVladCostea,b'Just beat my old high score in Bitcoin Bounce by @thndrgames. What?s your score? https://t.co/qnptPuYSQL',Bulgaria,1306647669083983874
TheVladCostea,"b'@BitcoinOldGuy I don?t like Joe Rogan?s style either, he too often breathes in his microphone and makes annoying so? https://t.co/WAGvYAtBx0'",Bulgaria,1306646413468729345
sunwoodmal,b'RT @skateboardraga: its time ?? https://t.co/NyvWaJ93Ms',Bulgaria,1306644210129530880
lujan1324,b'RT @skateboardraga: - when halloween is 4 days away ??????????? https://t.co/eBmJCWOnxJ',Bulgaria,1306642828328448000
skateboardraga,b'@_YeahthatsQ innovative',Bulgaria,1306641597518557185
notthatkhalid,b'RT @skateboardraga: i am a prophet https://t.co/8BJzOldT6s',Bulgaria,1306638899347730432
OperaComRuse,b'Really looking forward to the story of the serial killers of the tory UK government follow up https://t.co/qXjRiI8aQ4',Bulgaria,1306637847668174848
notthatkhalid,b'RT @skateboardraga: its time ?? https://t.co/NyvWaJ93Ms',Bulgaria,1306637033490636801
dgeorgiev_bg,"b'@BobyMicroby @cocreature @digitalassetcom Indeed I am, thanks Bobby :)'",Bulgaria,1306632250738475009
OperaComRuse,b'@Sarkanyapu  Robbie can you help ? See below ! https://t.co/sDk7XhbsMV',Bulgaria,1306632000791629831
OperaComRuse,"b'An uninspiring game, but three points in the bag https://t.co/1eLj0WVUyy via @Celts_f_t_South'",Bulgaria,1306629877148323841
fkbl1,b'@P_Lazaridis Gini AND Thiago ?',Bulgaria,1306625556834902016
skateboardraga,b'i am a prophet https://t.co/8BJzOldT6s',Bulgaria,1306619093542469633
itslilgambino,b'RT @skateboardraga: its time ?? https://t.co/NyvWaJ93Ms',Bulgaria,1306617829173714948
TheVladCostea,b'@Adelgary @devilninja777 @vakeraj It?s funny that here in Romania I found pretty much everything except for Ringfit? https://t.co/2iWkpJxusZ',Bulgaria,1306613621905068032
skateboardraga,b'@ncatdining @theylovetaya2 @rgwill_ y?all worried bout the wrong thing get this man his portions ????',Bulgaria,1306612396497285121
skateboardraga,b'@IMissStevenFaug my hair makes me unrecognizable',Bulgaria,1306611929134305282
ellyotmarqs,b'RT @skateboardraga: its time ?? https://t.co/NyvWaJ93Ms',Bulgaria,1306611091439521792
skateboardraga,b'@thenerdbab3 IM SO EXCITED https://t.co/u4cG9kor8D',Bulgaria,1306609502750478336
skateboardraga,b'@IMissStevenFaug YES THAT WAS ME LMAAOOO',Bulgaria,1306609358592241664
Zalmoxis15,"b'RT @TheVladCostea: 5/ Greece, Bulgaria, and the former Yugoslavian countries all have mosques. In its historical territories (Wallachia &amp; M?'",Bulgaria,1306608700539498496
Zalmoxis15,"b'RT @TheVladCostea: 3/ Just an example: in 1714, Wallachian ruler Constantin Br?ncoveanu was captured by sultan Ahmed III, and he was asked?'",Bulgaria,1306608488035037187
cocoabuttuhh,b'RT @skateboardraga: its time ?? https://t.co/NyvWaJ93Ms',Bulgaria,1306607490197581825
dgeorgiev_bg,"b'@DisneyStreaming @disneyplus @hulu @Verizon Hey, are you currently hiring applicants working remotely in the European Union?'",Bulgaria,1306606464438595585
ChrisYouho,b'RT @skateboardraga: i look ruff',Bulgaria,1306605220118646785
skateboardraga,b'i look ruff',Bulgaria,1306605128540213250
skateboardraga,b'its time ?? https://t.co/NyvWaJ93Ms',Bulgaria,1306605046487044096
IvayloIvanoff,b'Synthesia: Generate professional-looking AI videos from text in minutes https://t.co/8mUujNa6ZQ via @__tosh #AI https://t.co/6FbCPXGxzl',Bulgaria,1306600574113153024
radfordka,"b'RT @MulberryCorfu: Get lost, on Corfu https://t.co/04L6Anl7fx'",Bulgaria,1306593324120170496
amarapatel,"b""RT @dgeorgiev_bg: Hey peeps, I'm looking for a new role on a project utilising functional programming to build software. Retweets are much?""",Bulgaria,1306586353174343680
xscreamoex,b'Get  BGN 33.04 !\nYour bonus is waiting to be activated.\nhttps://t.co/TivLJ608nP',Bulgaria,1306571563794391040
4_A_F,"b'RT @DracTweets: And you are again, my son. #Castlevania https://t.co/946zt95DSi'",Bulgaria,1306563799328198660
ana_captures,"b'RT @MulberryCorfu: Get lost, on Corfu https://t.co/04L6Anl7fx'",Bulgaria,1306555407830331393
BigAssMage,"b'?My day be so fine then boom, Trevor.? https://t.co/XWMzofts0H'",Bulgaria,1306554914378862594
JaxDeeDee,"b'RT @MulberryCorfu: Get lost, on Corfu https://t.co/04L6Anl7fx'",Bulgaria,1306551465196965890
DurrellSociety,"b'RT @MulberryCorfu: Get lost, on Corfu https://t.co/04L6Anl7fx'",Bulgaria,1306549161333006346
tcupq,b'@Furiously i?m DISGUSTED',Bulgaria,1306537015136014336
voivodavlad,b'Reject humanity\nReturn to monky https://t.co/XWZ56H0yVo',Bulgaria,1306531883455574016
tcupq,b'@Resxify i did they don?t know how to aim.',Bulgaria,1306524710235070465
tcupq,b'ASDKFJWKXISN KM NEVER PLAYING SUPPORT AGAIN I JUST PLACED SO LOW IM SO EMBARASSED',Bulgaria,1306523509921775617
tcupq,b'@qtpetuty ur sooo prettty',Bulgaria,1306516073219411969
vesiiiiiii,"b'Crying over a guy? Nahh , pick ur head up princess. Your tiara is failing.'",Bulgaria,1306513036367273984
Popescu55985436,b'Prophecy Update End Times News Headlines  - 9/16/20 https://t.co/jUVhL6jaWs via @YouTube    Alte semne si evenimente ale Apocalipsei!',Bulgaria,1306510669395701760
fyijim,b'RT @TheVladCostea: You have $570 and want to have fun. You buy:',Bulgaria,1306497740453679104
MulberryCorfu,"b'Get lost, on Corfu https://t.co/04L6Anl7fx'",Bulgaria,1306497352451194881
TheVladCostea,"b'@Adelgary @MultiBitcoiner His hand looks pretty strong, though.'",Bulgaria,1306487922368053249
TheVladCostea,b'@HodlSovereign You must have angered the socialist elites with that video about inviting billionaires.',Bulgaria,1306483585533255680
TheVladCostea,"b""@Marcus_Browne Check out @BTCTKVR podcast. Season 4 will help you learn more about securing your coins, I've interv? https://t.co/Y3yy1ycvzT""",Bulgaria,1306478960059002880
TheVladCostea,"b'@BergmanFollower Yeah, no thanks. Went out with one, she was even acting like a boy and lacked all of that grace an? https://t.co/cUkMmvekzO'",Bulgaria,1306478451042455552
BigAssMage,b'?Ngl Id marry the guy in red.?',Bulgaria,1306474256512028678
DGo_64,"b'@GerardoLegend Theres just nothing there, maybe a year after.'",Bulgaria,1306464616730562560
TheVladCostea,"b""@zoltanb But how do I know that I'll still be alive to have the fun that I'm postponing? And even if I do, will the? https://t.co/xfIiKQ1vap""",Bulgaria,1306463832970272769
DGo_64,b'Getting old and not caring is great because I could care less about preordering a PS5 or Series X. Happy playing a Burnout game from  2008 ?',Bulgaria,1306458560382017538
skateboardraga,b'@5iberia @YouSipFakePar cum cart delish ?',Bulgaria,1306444390366404608
LaSailorGoon,b'Murder House but Coven is my favorite. https://t.co/rdyD2wEAa5',Bulgaria,1306436273859686401
TheVladCostea,b'I just had the strange realization that I pick my girlfriends according to how much I like the sound of their voice? https://t.co/FJdg0Mt9Sw',Bulgaria,1306433933266087937
TheVladCostea,"b""@TheBTCGame I'm pretty much the same. Some people call it misophonia, I call it the decency of learning how to use? https://t.co/5QyNUW7j67""",Bulgaria,1306430252151984128
DGo_64,"b""Unpopular opinion:\n\nPS5s offerings at launch are barely better than Xbox's.\n\nStandalone DLC/Remasters/Call of Duty.? https://t.co/lTY358KSrM""",Bulgaria,1306426310059798528
AnunnakiBukkake,b'@E_I_T @mshellz88 come ON!',Bulgaria,1306423764624736256
AnunnakiBukkake,b'@sarahcpr @CobraKaiSeries WATCH JU-ON ORIGINS',Bulgaria,1306420874917146625
AsuraRaver,b'RT @BigAssMage: ?Can?t have shit here.? https://t.co/DtFjGFYfXn',Bulgaria,1306415241128030210
DGo_64,"b'@JoolsWatsham It seems like the goal of S is to get them to look(not run) almost as good as X, and it seems the wiz? https://t.co/lNZZtDOwQ7'",Bulgaria,1306409962726449157
aguygoesthere,b'good morning',Bulgaria,1306409081326850048
aguygoesthere,b'cuddles',Bulgaria,1306409038989520896
w3llllllll,b'she gon? show her true colors and i?m hurting to see',Bulgaria,1306403251932274689
TheVladCostea,"b""@ConstructnRates Tell me a cool story about buying Bitcoin and holding it for multiple years and I'll tell you a be? https://t.co/TVg5dLgoO1""",Bulgaria,1306391800031084549
TheVladCostea,"b""@ConstructnRates Eh, let's not take away the joy of feeling comfortable as a normie. There's some worthy learning i? https://t.co/sEXpHZSt1t""",Bulgaria,1306389391271776259
LaSailorGoon,b'bacon avocado grilled cheese busssss ?',Bulgaria,1306389142767579136
stophkun,b'FFXVI being about how ?the legacy of the crystals has shaped our history for long enough? makes me think they watched a @ProJared video',Bulgaria,1306383851854483456
theRx_,b'RT @skateboardraga: - when halloween is 4 days away ??????????? https://t.co/eBmJCWOnxJ',Bulgaria,1306382621493006336
theRx_,b'RT @skateboardraga: - when halloween is 4 days away ??????????? https://t.co/eBmJCWOnxJ',Bulgaria,1306382621493006336
TheVladCostea,b'@tatianacoin @eric_lombrozo @ChancellorBrink @romanitup @countinbitcoin @ScrillaVentura @mir_btc Mine? I sure hope? https://t.co/C51SiOPYdj',Bulgaria,1306376423536558081
TheVladCostea,b'@countinbitcoin @eric_lombrozo @tatianacoin @ChancellorBrink @romanitup @ScrillaVentura @mir_btc Of course you can!',Bulgaria,1306375923462213635
skateboardraga,b'* most of the time',Bulgaria,1306361439876198409
skateboardraga,b'sometimes i feel like never drawing again :)',Bulgaria,1306361405583634432
TheVladCostea,"b""@AdventureDr I mean, I know a few video game collectors and they'd get that one in a heartbeat if they found the right deal.""",Bulgaria,1306358760571645955
w3llllllll,b'turn me to stone if I look back',Bulgaria,1306354036162080769
TheVladCostea,b'@MultiBitcoiner @udiWertheimer What if I?m ambidextrous?',Bulgaria,1306352600816799747
TheVladCostea,b'@theshivpat A new gaming console will entertain you for at least 7 years.',Bulgaria,1306348646166933505
TheVladCostea,b'@AdventureDr For real?',Bulgaria,1306348532366966785
Potatochild14,b'RT @samuslerz: FEEL HIS PASSPORT. #hlvrai https://t.co/egvhj5n2HZ',Bulgaria,1306345311087087616
TheVladCostea,b'You have $570 and want to have fun. You buy:',Bulgaria,1306334474536456201
Popescu55985436,b'The Last Generation   The Rider on the 4th Horse and Food Shortages https://t.co/O7n4FSSv8y via @YouTube',Bulgaria,1306330819338928131
EmmaNunnington,b'RT @MulberryCorfu: In other news...thrilled to receive a signed copy of #TheIsolationChronicles by @SuePrinceArtist  A beautiful book: funn?',Bulgaria,1306330074338201601
Popescu55985436,"b'ONLY BLOOD TO DRINK , I WILL MAKE ALL THE WATERS BLOOD, REPENT, REPENT, ... https://t.co/QXQQl9qp3g via @YouTube'",Bulgaria,1306328987778592769
SuePrinceArtist,b'RT @MulberryCorfu: In other news...thrilled to receive a signed copy of #TheIsolationChronicles by @SuePrinceArtist  A beautiful book: funn?',Bulgaria,1306328810544128001
LaSailorGoon,b'3 months before sex Joan ?',Bulgaria,1306327392965865472
stophkun,b'Final Fantasy XVI looks like perfection.',Bulgaria,1306326547771592704
mrasnika,b'@Abe_Angele This cheese is like a diamond - beautiful and small :)',Bulgaria,1306321988827271168
thedolphin13,"b'I know, @Tinder ! Stop pressuring me! https://t.co/PgqclNAneW'",Bulgaria,1306316124951375875
TheVladCostea,b'@capoczino Does CTDL need a soundtrack?',Bulgaria,1306304805225275394
stophkun,b'got the professor to say Persona 5 https://t.co/5tWk3o5DUL',Bulgaria,1306303104409890817
OperaComRuse,b'There is also no reason why David Murray is not in jail for tax evasion and fraud https://t.co/VrelUxviut',Bulgaria,1306302589592571906
OperaComRuse,"b'300,000 a week to grow his hair https://t.co/GJUnpMjoz9'",Bulgaria,1306301361169084418
OperaComRuse,"b'RT @OperaComRuse: Should have asked head and shoulders, great player 2 years ago, but played fucking no football for 2 years https://t.co/x?'",Bulgaria,1306301174090469379
OperaComRuse,"b'Should have asked head and shoulders, great player 2 years ago, but played fucking no football for 2 years https://t.co/xslnAFYo3J'",Bulgaria,1306301047011508224
OperaComRuse,"b""Except Syria and Afghanistan, dabbling a bit in Libya and Ukraine, south America,  Africa nation's, but otherwise ok https://t.co/ex4L0swBhD""",Bulgaria,1306300102609375233
LaSailorGoon,"b""Cheat on ya bitch, I'm worth it""",Bulgaria,1306290663558975489
OperaComRuse,"b'If the SNP prosecute Murray and Masterson, then we really can be free, if they do not, and appoint Scottish lords a? https://t.co/tQuofh9EuS'",Bulgaria,1306290051098316803
OperaComRuse,b'Is there a Scottish legal system ? Why is David Murray a free man ? He swindled a billion from Gavin at the bank of? https://t.co/RwcQe8Xcnj',Bulgaria,1306282648961249281
OperaComRuse,"b""A hungry child in Glasgow does not give a fuck about what's happening in Chile https://t.co/hNxVfUeL8L""",Bulgaria,1306281524996771840
OperaComRuse,"b'I am in Ukraine, there are poor and Hungry people here also, but there should be no child or family in the UK witho? https://t.co/qvCsbjhwx6'",Bulgaria,1306280996371865601
OperaComRuse,"b'That reminds me, I am visiting Lviv this weekend https://t.co/fja4JzJeS4'",Bulgaria,1306276791657652224
OperaComRuse,b'You should also https://t.co/HA39idEV0l',Bulgaria,1306275677986000897
OperaComRuse,b'Money bought alexander de pfeffel and he wag his tail for 1 pound @BorisJohnson https://t.co/i42p0Huizj',Bulgaria,1306274474036285441
OperaComRuse,b'How scared are they ? https://t.co/6pjzx0pO28',Bulgaria,1306273582239166464
OperaComRuse,b'No he is just a lying bastard that is giving billions of tax payers money away to his friends https://t.co/XGPjBF0vkW',Bulgaria,1306272185783398400
OperaComRuse,b'And corrupted https://t.co/4toWO2E3sG',Bulgaria,1306270640580833284
LaSailorGoon,b'blessings on blessings on blessings',Bulgaria,1306264628243173383
LaSailorGoon,b'Met a lady who from Columbus and went to Eastmoor. ??? at my new auto shop!',Bulgaria,1306260118837907456
AnunnakiBukkake,b'@thealexrossart I?ve got this puzzle on my wall. Love the #1 remake!',Bulgaria,1306258326477561860
dgeorgiev_bg,"b""Here's a pic of me being scared next to Koncheto traverse, Kutelo and Vihren in the distance.\n\nIt's always `travers? https://t.co/cgvLiAYQip""",Bulgaria,1306256422762618881
LaSailorGoon,b'swear my grandma is the funniest person in the world',Bulgaria,1306255456101429248
TheVladCostea,b'Update: gonna submit the tracks so this song can make its way in a future update of the game ? https://t.co/DOaiDWHJL4',Bulgaria,1306229102408601601
BTCTKVR,"b'RT @TheVladCostea: New Song: Bitcoin Bounce\n\nWhile playing Bitcoin Bounce by @jackeveritt &amp; @thndrgames, I realized that the game still doe?'",Bulgaria,1306228263879139328
skateboardraga,b'hungry :(',Bulgaria,1306227958026317825
prestonjbyrne,"b'RT @TheVladCostea: @prestonjbyrne So they can pretend they tried, but it?s their students? fault that they couldn?t stick to the plan. \n\nIt?'",Bulgaria,1306225369222123522
TheVladCostea,"b'@prestonjbyrne So they can pretend they tried, but it?s their students? fault that they couldn?t stick to the plan.? https://t.co/XHFq5hYPdy'",Bulgaria,1306225234912202753
mistrasparta,b'RT @MulberryCorfu: Buy local. https://t.co/eqg1elYnjB',Bulgaria,1306224063942135808
Pabiato,b'@KushiMurilo genial ?',Bulgaria,1306223395168808960
MulberryCorfu,"b'@MelanieHewitt61 Yes indeed, especially drizzled over real Greek yogurt and homemade granola!'",Bulgaria,1306210879382454283
ZeynWhite,"b'@goal Honest honest, would make a good PGA player ??'",Bulgaria,1306192543139364864
geertenmaria,b'RT @MulberryCorfu: Buy local. https://t.co/eqg1elYnjB',Bulgaria,1306183243427975168
DurrellSociety,b'RT @MulberryCorfu: Buy local. https://t.co/eqg1elYnjB',Bulgaria,1306182194646470656
Lifewalker_,b'RT @keem_abdou: Frame 1 or 2?? https://t.co/wqvegcfGWt',Bulgaria,1306152753060872193
thndrgames,"b'RT @TheVladCostea: New Song: Bitcoin Bounce\n\nWhile playing Bitcoin Bounce by @jackeveritt &amp; @thndrgames, I realized that the game still doe?'",Bulgaria,1306150390665277440
jackeveritt,"b'RT @TheVladCostea: New Song: Bitcoin Bounce\n\nWhile playing Bitcoin Bounce by @jackeveritt &amp; @thndrgames, I realized that the game still doe?'",Bulgaria,1306149780817678336
JeanRoc50419959,b'RT @MulberryCorfu: Buy local. https://t.co/eqg1elYnjB',Bulgaria,1306147229133135872
bitperse,"b'RT @TheVladCostea: Hey @jack, since you allowed #AppleEvent to have a special animation, can #Bitcoin also get one?'",Bulgaria,1306139420966424578
DaenerysM,"b""@ChrisEvans With this sense of humour and ability to laugh at yourself, I like you even more, if that's at all poss? https://t.co/WEQGTCZDIn""",Bulgaria,1306139066224840705
Missinformed11,b'RT @MulberryCorfu: Buy local. https://t.co/eqg1elYnjB',Bulgaria,1306136696887676933
solecitonay,b'RT @MulberryCorfu: Buy local. https://t.co/eqg1elYnjB',Bulgaria,1306136030148427776
MulberryCorfu,b'Buy local. https://t.co/eqg1elYnjB',Bulgaria,1306135874963468290
TirNaIomramh,"b""RT @DracTweets: What's a vampire's favorite beer?\nBlood Light.\n#VampireHumor""",Bulgaria,1306128075386650625
TheVladCostea,"b'If you like my music and want to support it, you can donate in the following ways:\n\nSend BTC to this address: 3ECMg? https://t.co/1i95UiWzOg'",Bulgaria,1306118323286020096
TheVladCostea,"b""If you don't know anything about Bitcoin Bounce, then you can read my review: https://t.co/4RhUdvaU1y""",Bulgaria,1306117736771223557
TheVladCostea,b'Download the song for free on Soundcloud: https://t.co/0VW4yyZ2sT',Bulgaria,1306117638049927168
TheVladCostea,"b'New Song: Bitcoin Bounce\n\nWhile playing Bitcoin Bounce by @jackeveritt &amp; @thndrgames, I realized that the game stil? https://t.co/v7kCRDGh6v'",Bulgaria,1306117523704868864
DGo_64,b'@ReinaScully Thank you.',Bulgaria,1306102219331301378
Sassy__Vampire,b'Here?s All Eyes on Me by Or3o\nhttps://t.co/Vxa9zNm1VC\n\n#AdriansPlaylist',Bulgaria,1306101545512116224
AnunnakiBukkake,b'@RiffTrax This is my ugly cat Bugly. We were trying to recreate a Kahlo piece for my son?s 4th grade art project. https://t.co/h6VOIrUHAE',Bulgaria,1306095001017999362
LaSailorGoon,b'King https://t.co/bAsv7340oj',Bulgaria,1306074188478926848
LaSailorGoon,b'damn clippers ?',Bulgaria,1306073964742144006
DGo_64,b'@ChrisRGun Get you some La Coste?a thats the real stuff.',Bulgaria,1306073150153728005
tepesprince,"b""RT @DracTweets: What's a vampire's favorite beer?\nBlood Light.\n#VampireHumor""",Bulgaria,1306058870469668867
TheVladCostea,"b""@ThatTomHall Hey Mr. Hall, do you have an e-mail address for inquiries? \n\nI'm one of the hosts of a Romanian video? https://t.co/rV8Ir1agRa""",Bulgaria,1306047681152847872
skateboardraga,b'@elizaxoxxxo @RobbBanks when black people say nigga stay out of their business that?s all ?',Bulgaria,1306036942178594819
yelbiee,b'RT @tcupq: quality will prolly go to shit https://t.co/qwkxLyZZvq',Bulgaria,1306024219751325696
tcupq,b'@n5v UR MY BB??',Bulgaria,1306020255370752001
TheVladCostea,"b'@hodl_american What is this, Grand Theft Auto?'",Bulgaria,1306018951651090434
TheVladCostea,b'@TerryJones0001 One of the main symptoms of covid is shortness of breath. This also results in less oxygen in your? https://t.co/uynUO6UYEV',Bulgaria,1306018685472174081
NoshinOcean,b'RT @tcupq: quality will prolly go to shit https://t.co/qwkxLyZZvq',Bulgaria,1306016951387533317
name_rayne,"b""RT @DracTweets: What's a vampire's favorite beer?\nBlood Light.\n#VampireHumor""",Bulgaria,1306016803567603718
SharOverHere_,"b""RT @DracTweets: What's a vampire's favorite beer?\nBlood Light.\n#VampireHumor""",Bulgaria,1306016388990017536
tcupq,b'@WbkAlex @karillua don?t b jelly',Bulgaria,1306016237625864192
DracTweets,"b""What's a vampire's favorite beer?\nBlood Light.\n#VampireHumor""",Bulgaria,1306016109079023616
naughtyforwha,b'I?m not toxic I?m just not finna let you play with me.',Bulgaria,1306731644993245184
Yuli_MUFC,b'Even LeBron James knows how bad the Glazers are #MUFC https://t.co/00aWeOw7LE',Bulgaria,1306731049716768769
quadflipsquid,b'mallary has been claimed :)',Bulgaria,1306730773328912390
DanGrievous,"b'@SteeleWars I know that not all of the blame should be placed on Abrams, but he was and is proud of that cockamamie? https://t.co/yuOfc0hTx2'",Bulgaria,1306730305433280513
Phoenix_Point,"b'@MarcusTactics No update on our console releases, other than that they are still in development!'",Bulgaria,1306730291675815936
SofiaBreathe,"b'The air quality index in Sofia, Bulgaria as of 02:01 on 17/Sep/2020 is 49 ?g/m3.\nThis value is below the norm! Brea? https://t.co/wiTuaJq8ag'",Bulgaria,1306729994090147841
__QueenSlimee,b'I can make you feel like that nigga or a shrimp ? . You choose ??',Bulgaria,1306729964147036160
__QueenSlimee,b'My baby did it to me ?? https://t.co/RR5jD3rHiY',Bulgaria,1306729638224429056
goodnightnbieb,b'@scooterbraun @justinbieber you being useful &gt;',Bulgaria,1306729566409498624
DanGrievous,"b'@RowanStrang @SteeleWars Thankfully, Mr. Lucas did not build up such a mystery in his older ""Star Wars"" movies. 3PO? https://t.co/eb6CpcUa21'",Bulgaria,1306728842581684224
therealchelle98,b'RT @iheartttori: mood???',Bulgaria,1306728200089862145
iheartttori,b'mood??? https://t.co/RERGbA1055',Bulgaria,1306727582436556801
KnkMuvaaaa,b'RT @iheartttori: hello !!',Bulgaria,1306727511934398464
iheartttori,b'hello !! https://t.co/LDFZvnwktg',Bulgaria,1306727437099728896
kurranski,b'RT @ElizaaCom: Have a blessed hail Mary full of grace awesome feast day of the Assumption of the Blessed Virgin Mary ? https://t.co/MrV83Qq?',Bulgaria,1306726496917168139
tuaime_Martine,"b'my life as it is right now, weed, cuddling, my nephew recognizing me by voice, new money, being left tf alone https://t.co/Tro7ySO6UZ'",Bulgaria,1306726406500515840
NunanCBA,b'RT @anna__bo: @treblezine this one https://t.co/bYUR9nemup',Bulgaria,1306726339395940353
naughtyforwha,b'I?m addicted to looking at myself',Bulgaria,1306726257564901376
ju,b'Usher - His Mistakes #ATLHIPHOP\nhttps://t.co/zSYqWDGYGX',Bulgaria,1306725660707237889
leoniexkn,b'?I know you? nah you know who I am around you sharrap',Bulgaria,1306725574774345729
layth1997,b'RT @RAFLIMONGI: boobs',Bulgaria,1306725450128011272
tuaime_Martine,"b""ME time where i don't have to see/speak to anyone https://t.co/ntcUsqmBaP""",Bulgaria,1306725333740158977
tyfromthe219,b'@fentymimz HOW MUCH YOU WANT FOR THE P5?',Bulgaria,1306725057184575489
TheZajic,b'@ViktoriiaUAH @TheZajic \nFollowing',Bulgaria,1306724790665789445
mtaylor90028,b'RT @FreeManReporter: Video of the man kicking the car. Also contains audio of the car getting hit. https://t.co/suXQNgYinE',Bulgaria,1306724570049769472
TheZajic,"b""@Daughte65179153 That's so nice, Thank you. God knows, in his timing and if it's his will he will provide me with a Bride on Earth.""",Bulgaria,1306724358099013632
cryptocaiko,b'@Privatechad_ gonna walk that path with ya! GL :)',Bulgaria,1306724018834165761
iheartttori,b'Even the ppl I don?t know. https://t.co/ZglICRFlht',Bulgaria,1306723519397539842
TheZajic,b'@Daughte65179153 48 years and counting ??',Bulgaria,1306723036498817024
RealEcko2,"b'RT @FluffyPon: Thank you, @ShinodaGE now I have this comic ^^ https://t.co/GRCyEpxKtN'",Bulgaria,1306722904638459906
Costigan100,b'@tbeck2323 I hope so and I put $25 to win $150 fingers crossed',Bulgaria,1306722444980424705
TheZajic,b'@EricaKious Followed',Bulgaria,1306722370921488384
Costigan100,b'@tbeck2323 I did bengals money line and over on a parlay',Bulgaria,1306722144949350401
LeFactorem,b'live at https://t.co/aUu0EAw5ys',Bulgaria,1306722043749167108
emmatpwk,b'who votes no on emma?s polls??? let?s talk.',Bulgaria,1306721903722352641
HermosaJoya_,b'RT @DaaDaaENT: I only got love for whoever got Loyalty for me??',Bulgaria,1306720781519519745
mozz_mtg,"b""@MTG_Arena It's bedtime anyways ... :)""",Bulgaria,1306720418393448450
nikisaev,"b'@officialmcafee Happy birthday! Not many of your kind still alive, be healthy! Cheers'",Bulgaria,1306718652952182786
DaaDaaENT,b'I only got love for whoever got Loyalty for me??',Bulgaria,1306718222645854209
k1ttytraphouse,b'@hen_ryb just saying ?????',Bulgaria,1306718025815437314
NikolaiMirkoff,b'@ladygaga Make video for Enigma ?????',Bulgaria,1306717824916877313
NikolaiMirkoff,b'@ladygaga Make video for Enigma ???',Bulgaria,1306717735146094593
RAFLIMONGI,b'boobs',Bulgaria,1306717228570685446
BrentonGeiger,b'@HashTagHooper go where your homies go i?d say',Bulgaria,1306716344755380224
ItsmkOkay,"b'RT @whoissilk: You can have WAP be a throat goat , cook , clean &amp; make your own money and STILL get cheated on. ?'",Bulgaria,1306716245371351042
EllieIlieva,b'RT @Phoenix_Point: Need an introduction to the world of #PhoenixPoint? @MattyRasker takes us on a live tour of the gameplay on our newly la?',Bulgaria,1306715565445312512
Its6angman,b'@_knaquin yessirrr ?',Bulgaria,1306715495958278146
kd_wdatgas,b'@officialtau No cap the first 2 years was amazing',Bulgaria,1306715457299394560
meccathai,b'ona date kinda nervous???',Bulgaria,1306715226579103746
SalidaSol,"b'We ask so much that we can\'t hear the answers of destiny. Let\'s shut up and let it say what it wants.\n\n""a voice dem? https://t.co/CqJyrZYa1v'",Bulgaria,1306714330281508869
ludmil,"b""#Twitter and #Jack in #CCP's pocket.\n#CCPVirus #COVID19 #repealsec230 https://t.co/G9lKjejA1w""",Bulgaria,1306713977494401025
vsmoothbanana,b'@ib817817 @nomadissomad @Undead_Pumpkin @neekolul i can just say ?haha ur a virgin? and win any argument. it?s bare? https://t.co/ajsb2ADanR',Bulgaria,1306713648677748741
TheSofiaGlobe,"b'Covid-19 in Bulgaria: 10 new deaths, 4404 active?cases https://t.co/KShLQqRAau'",Bulgaria,1306712144516395009
atanas_gadjev,b'@CrissySpeaks79 Plot twist: The hand is too small not the fruit.',Bulgaria,1306712090732888064
Woofer901,"b""@RocketLeague @NintendoAmerica That's cool and all but why do I have to link my Epic account when I bought it on St? https://t.co/8OS9ZLGrLp""",Bulgaria,1306711806631702530
KeepDreaming199,"b""@wsox23 @ThePianoMan2255 @Moonlightchiara @JenniferJJacobs seen so many folks like that today. I'm still a student? https://t.co/E0RFeGgVQy""",Bulgaria,1306711359216910337
ludmil,"b'@CharitySade If they steal stuff, they probably do.'",Bulgaria,1306711041615826947
iiuutm,b'the smallest things takeup the most space in your heart',Bulgaria,1306710924825370626
naughtyforwha,b'Drinking a smoothie out of a blender',Bulgaria,1306710665684422656
himynameisdarie,b'@juliamazzucato Ugh I guessed right before reading the note.. do I still get point for Slyrherin?',Bulgaria,1306710484197007360
KeepDreaming199,"b'@MoralReasoning @ThePianoMan2255 @Moonlightchiara @JenniferJJacobs reminded me of christian ex friends of mine, pos? https://t.co/ggxOR1OaxI'",Bulgaria,1306710339954896900
naughtyforwha,b'@DGTALEmpress LMFAO NA these niggas is the must',Bulgaria,1306710202121555969
Vezuvius666,b'@LizBitcoin BTC freebitco%in/?r=1148006 (Change % with .)',Bulgaria,1306709818711965697
naughtyforwha,b'You?d be a lucky ass nigga if my mean ass like ya',Bulgaria,1306709816409165825
Jocelynatplay,b'RT @k1ttytraphouse: mfs be like ?hacked? nah you?re either horny asf or gay',Bulgaria,1306708941456375810
FantvmVibes,"b""@BailoBeatz @GRIME_FEST @VirtuososEnt Can i email you my songs and ID's so I can be in a future ep king? :)""",Bulgaria,1306708088926470151
gxxxxxxxxd,"b""You're not hard to get\nyou're hard to want ???""",Bulgaria,1306707942348075009
KeepDreaming199,"b'@Candace_Bar @Frank__Massaro we don\'t teach ""homosexual supremacy"" love. we\'re just people that exist'",Bulgaria,1306707823406059521
xSavitar,b'RT @bobbyiliev_: The @bladeuikit by @driesvints is a collection of components that you could use in your #Laravel Blade views!\n\nIn this pos?',Bulgaria,1306707733056573440
KeepDreaming199,"b""@Katieliz30401 @Goldenkimlip @lovinq_lxzzy @Frank__Massaro it'd be great for you to actually learn and listen to lg? https://t.co/piaehtNqiV""",Bulgaria,1306707523244879879
php_synopsis,b'RT @bobbyiliev_: The @bladeuikit by @driesvints is a collection of components that you could use in your #Laravel Blade views!\n\nIn this pos?',Bulgaria,1306707264716386304
KeepDreaming199,"b""@Ceeceefive @Frank__Massaro It is the truth ma'am but we have a history behind that rainbow flag. It shows kids tha? https://t.co/j8eAvgHUwx""",Bulgaria,1306706892622831622
portalpaws,b'RT @sparkieXD: forgot 2 post this but icon i made for @sweetcherryblud !! ?? https://t.co/VAlmI4Hz3i',Bulgaria,1306706875329720320
TelerikFiddler,b'What can #Fiddler Everywhere do for you that Fiddler Classic can?t? Get the in-depth analysis here:? https://t.co/IfFZWhMPuF',Bulgaria,1306706575655084032
ludmil,b'Nice! #CancelNetflix https://t.co/XY1ptKfXUb',Bulgaria,1306706422332354562
KeepDreaming199,"b""@TheDonVincenzo @KiIIva_ @BjornsonDannes1 @Frank__Massaro that's just a religious perspective you all have some typ? https://t.co/EhBvKEg0QA""",Bulgaria,1306706306489876481
Vezuvius666,b'@KJerratt yee yee :)',Bulgaria,1306705431046361089
lyssamaxiscute,b'@KelsieAlexus It?s the fact that she?s comfortable doing that around somebody?s man',Bulgaria,1306705350096191490
Niheiros,b'RT @Phoenix_Point: Tactical squad battles? ??\nGlobetrotting and exploring? ??\nMutated crabs with guns out for blood??? ???\n\n#PhoenixPoint Y?',Bulgaria,1306704749794914304
BGEroticZone,b'@chadwhitexxx Heya.I am biggest fan of yours from Bulgaria and soon i will join your OnlyFans.Should i message there for an autograph?',Bulgaria,1306704622489350146
lyssamaxiscute,b'@ruthkalkidan A standard that should be met. I need my space and I?ll get aggravated if you?re smothering me.',Bulgaria,1306704371862974465
detskeporno,b'RT @ich_bin_lisak: Loot dropped When you kill me https://t.co/3iHsFBL9Da',Bulgaria,1306704350702641159
Sdotcashh,b'I might start stealin arms ima risk taker',Bulgaria,1306704167814279168
emmatpwk,b'GOD IS A WOMAN https://t.co/Fau0LkOn60',Bulgaria,1306704166757244930
rosariuki,b'@uzidio have you noticed the characters are all the exact same with hairstyles swapped around and different colours...',Bulgaria,1306703898372173825
KeepDreaming199,b'@snellmail1 @Frank__Massaro that doesn;t look like an elementary room. Those kids know what those flags are. Social media does alot',Bulgaria,1306703643060690945
Dontorrino,"b'RT @SalidaSol: You have spread your wings, \nI don\'t see seven colors,\nso white is your soul.\n#haiku\n\n""Peacock,\nwhen you want to flirt\nopen?'",Bulgaria,1306703469051604994
chillinvillainn,b'RT @k1ttytraphouse: mfs be like ?hacked? nah you?re either horny asf or gay',Bulgaria,1306703444271665152
gxxxxxxxxd,b'I wanna study smthg too',Bulgaria,1306703402043400194
KeepDreaming199,"b'@JudyGillette @Frank__Massaro lgbt is for a safe space , useful for kids'",Bulgaria,1306703266005356544
KeepDreaming199,"b""@Frank__Massaro though im not against it. Blm starts up such a loud conversation.I'm down for it being spoken about? https://t.co/bzwwcaUS0V""",Bulgaria,1306703139119263745
3LsPBM_Tank,b'Might have to bench nick chubb tonight  lol #nflfantasy',Bulgaria,1306702933103271936
eqinity,b'RT @RosenKazlachev: Finished my modular buildings project in #Houdini. Preview in #UnrealEngine and textured with #SubstanceDesigner \nhttps?',Bulgaria,1306702735526461440
vsmoothbanana,b'@nomadissomad @ib817817 @Undead_Pumpkin @neekolul is this your white knight version of trying to ?shit on me online? https://t.co/Zl4wD8hUN1',Bulgaria,1306702591577993218
BigBick101,b'RT @k1ttytraphouse: mfs be like ?hacked? nah you?re either horny asf or gay',Bulgaria,1306702194679443463
k1ttytraphouse,b'mfs be like ?hacked? nah you?re either horny asf or gay',Bulgaria,1306702165059145728
SalidaSol,"b'You have spread your wings, \nI don\'t see seven colors,\nso white is your soul.\n#haiku\n\n""Peacock,\nwhen you want to fl? https://t.co/1uc7X3SiFG'",Bulgaria,1306701703820070914
Ar3d24s2,b'RT @fabianpsen: What would you do if you saw this in the middle of the night? ?\n\n? by?davanshatry?\n\n#aesthetic \n\n@theelectroscape @PhantomT?',Bulgaria,1306700960329347072
RangePup,b'RT @Phoenix_Point: Tactical squad battles? ??\nGlobetrotting and exploring? ??\nMutated crabs with guns out for blood??? ???\n\n#PhoenixPoint Y?',Bulgaria,1306700922106589185
azzour,b'@soregashij same https://t.co/rW8vMvMVNn',Bulgaria,1306700711049277447
jimininimochi,b'RT @liasvideos: What do you love about #Lia https://t.co/XED7PCKt7O',Bulgaria,1306731802439176192
rockswtar,b'@rudehour old... kkkkk',Bulgaria,1306730776323592199
janolleuor,b'RT @liasvideos: What do you love about #Lia https://t.co/XED7PCKt7O',Bulgaria,1306729041291079681
SDSNYouth,b'RT @FedoroffVlad: Feels great to have contributed to ?#COVID19 Rapid Response Solutions for #Cities? report where my work as a @localpathwa?',Bulgaria,1306728620770111491
redhoodamon,b'someone pls teach me how to make a carrd',Bulgaria,1306726844725628928
Andy3150Max,b'RT @ToBeMiro: Doing a Question &amp; Answer with fans! Come join\n\nhttps://t.co/No0fXxdJyM',Bulgaria,1306726756947173376
ToByrd81,b'RT @ToBeMiro: Second Red Card for no reason to secure the miserable W. https://t.co/sFYnlBsTEU',Bulgaria,1306724024765087747
Rocky3163,"b'RT @ToBeMiro: Thank you All, Rusev out!'",Bulgaria,1306723262752346112
VENETA_fm,b'https://t.co/6O4Y3sOAXJ\nthe real #tbt',Bulgaria,1306722471744241665
AlaiyedhMarwan,b'RT @ToBeMiro: Doing a Question &amp; Answer with fans! Come join\n\nhttps://t.co/No0fXxdJyM',Bulgaria,1306721209577615365
AewLite,b'RT @ToBeMiro: Doing a Question &amp; Answer with fans! Come join\n\nhttps://t.co/No0fXxdJyM',Bulgaria,1306719921980821505
purpledumplingg,b'RT @liasvideos: What do you love about #Lia https://t.co/XED7PCKt7O',Bulgaria,1306718673868976128
Twiiterati,b'RT @ToBeMiro: Second Red Card for no reason to secure the miserable W.',Bulgaria,1306716477886783488
pumpkinpea7,b'RT @liasvideos: What do you love about #Lia https://t.co/XED7PCKt7O',Bulgaria,1306715730642051073
redhoodamon,b'@sludgefactorys thank you!! ??',Bulgaria,1306715613277155330
Valerie33089648,b'RT @ToBeMiro: Doing a Question &amp; Answer with fans! Come join\n\nhttps://t.co/No0fXxdJyM',Bulgaria,1306709040026673152
Gubrach,b'RT @ToBeMiro: Second Red Card for no reason to secure the miserable W.',Bulgaria,1306708815585390594
Valerie33089648,b'RT @ToBeMiro: Second Red Card for no reason to secure the miserable W.',Bulgaria,1306708466216570880
Orisdrew,b'RT @ToBeMiro: Second Red Card for no reason to secure the miserable W. https://t.co/sFYnlBsTEU',Bulgaria,1306708367839309829
georgelides,b'RT @ToBeMiro: Second Red Card for no reason to secure the miserable W.',Bulgaria,1306708202260754438
redhoodamon,b'i?m in love with saturday?s child! ???? https://t.co/DXi49ey94F',Bulgaria,1306707249759506432
ItsBobbyThunder,b'RT @ToBeMiro: Doing a Question &amp; Answer with fans! Come join\n\nhttps://t.co/No0fXxdJyM',Bulgaria,1306704686808956937
jakedelgiudice3,b'RT @ToBeMiro: Second Red Card for no reason to secure the miserable W.',Bulgaria,1306703483261812736
GoonerRado_pld,"b'@Larrissimo The best league in the world is subjective depending on what style of football you like (English , Span? https://t.co/UVjgwUefrw'",Bulgaria,1306702949377355781
octcakes,b'RT @liasvideos: What do you love about #Lia https://t.co/XED7PCKt7O',Bulgaria,1306702491917066240
EplusOnce,b'RT @liasvideos: What do you love about #Lia https://t.co/XED7PCKt7O',Bulgaria,1306699980510433280
notstra1ghts,b'@Zer0_IsCoolio maybe?',Bulgaria,1306698117501288448
souljahsingh,b'RT @ToBeMiro: My all time Fave Shirt.  https://t.co/6z47Q25SwT https://t.co/dPuqcRIrz7',Bulgaria,1306697603032199169
thecountryboy04,b'RT @ToBeMiro: Doing a Question &amp; Answer with fans! Come join\n\nhttps://t.co/No0fXxdJyM',Bulgaria,1306694842257350656
a_byndeva1,b'@StiliyanaL Same',Bulgaria,1306692936386707457
ordas_jr,b'RT @ToBeMiro: Doing a Question &amp; Answer with fans! Come join\n\nhttps://t.co/No0fXxdJyM',Bulgaria,1306691427074813954
thecountryboy04,b'RT @ToBeMiro: Second Red Card for no reason to secure the miserable W.',Bulgaria,1306691400369451008
ordas_jr,b'RT @ToBeMiro: Second Red Card for no reason to secure the miserable W.',Bulgaria,1306691154403037184
notstra1ghts,b'@BoldHeston @AndrewsFive thank you bold queen',Bulgaria,1306690810218455052
ilysmtihm,b'RT @ToBeMiro: Second Red Card for no reason to secure the miserable W.',Bulgaria,1306690687765626881
NickSarfaty500,b'RT @ToBeMiro: Doing a Question &amp; Answer with fans! Come join\n\nhttps://t.co/No0fXxdJyM',Bulgaria,1306690510942330881
WWESamuelRuiz,b'RT @ToBeMiro: Doing a Question &amp; Answer with fans! Come join\n\nhttps://t.co/No0fXxdJyM',Bulgaria,1306689922594676741
JadenNe32504247,b'RT @ToBeMiro: Second Red Card for no reason to secure the miserable W.',Bulgaria,1306688497042903041
ThomFGrogan,b'RT @ToBeMiro: Doing a Question &amp; Answer with fans! Come join\n\nhttps://t.co/No0fXxdJyM',Bulgaria,1306688174895370241
05_04_02,b'RT @liasvideos: What do you love about #Lia https://t.co/XED7PCKt7O',Bulgaria,1306688025225764890
AhmEDUCATED,b'RT @ToBeMiro: Second Red Card for no reason to secure the miserable W.',Bulgaria,1306687971039604736
notstra1ghts,b'@MeowFNBR noo plz',Bulgaria,1306687630411804672
knightrocker87,b'RT @ToBeMiro: Doing a Question &amp; Answer with fans! Come join\n\nhttps://t.co/No0fXxdJyM',Bulgaria,1306685849191374848
notstra1ghts,b'@iTalkFlareles gn mate\nyou sure a savage',Bulgaria,1306685814651396106
sendjertefik,b'@bizzlebaddi @justinbieber holy tonight',Bulgaria,1306685344373497858
Romedawwwg,b'RT @ToBeMiro: Doing a Question &amp; Answer with fans! Come join\n\nhttps://t.co/No0fXxdJyM',Bulgaria,1306685282364919809
MintamenaPie,b'RT @ToBeMiro: Doing a Question &amp; Answer with fans! Come join\n\nhttps://t.co/No0fXxdJyM',Bulgaria,1306685163708002305
rendowgird,b'RT @ToBeMiro: Doing a Question &amp; Answer with fans! Come join\n\nhttps://t.co/No0fXxdJyM',Bulgaria,1306684840524361730
kylesprescott,b'RT @ToBeMiro: Doing a Question &amp; Answer with fans! Come join\n\nhttps://t.co/No0fXxdJyM',Bulgaria,1306684621166346242
GroovyAsh88,b'RT @ToBeMiro: Doing a Question &amp; Answer with fans! Come join\n\nhttps://t.co/No0fXxdJyM',Bulgaria,1306684477331189761
DayDreamThis,b'RT @ToBeMiro: Doing a Question &amp; Answer with fans! Come join\n\nhttps://t.co/No0fXxdJyM',Bulgaria,1306684082454179840
AEWrestling,b'RT @ToBeMiro: Doing a Question &amp; Answer with fans! Come join\n\nhttps://t.co/No0fXxdJyM',Bulgaria,1306683896575266817
ToBeMiro,b'Doing a Question &amp; Answer with fans! Come join\n\nhttps://t.co/No0fXxdJyM',Bulgaria,1306683865537236992
theway_prem,b'RT @ToBeMiro: Second Red Card for no reason to secure the miserable W.',Bulgaria,1306683613312741376
notstra1ghts,b'@AndrewsFive You!\nand @BoldHeston  ofc',Bulgaria,1306683487504797703
ryujinnero,b'RT @liasvideos: What do you love about #Lia https://t.co/XED7PCKt7O',Bulgaria,1306682794408640513
notstra1ghts,b'@AndrewsFive @BoldHeston @RaiIsCooIio @birb55 @Nico_Weako @christheshorty1 @ZenithFNBR @BoldTntina @ilya2000abbasi1? https://t.co/V8RItqlZkK',Bulgaria,1306681204142411778
ElleDimitrov,"b'WHO: Jimmy Kimmel\nWHAT: The Emmys\nWHEN: This Sunday, September 20th at 8e|5p\nWHERE: ABC https://t.co/PJtbJ4w7Iw'",Bulgaria,1306680495787462660
malikshepherd13,b'RT @ToBeMiro: Second Red Card for no reason to secure the miserable W. https://t.co/sFYnlBsTEU',Bulgaria,1306679085024894977
heechuusdubu,b'RT @liasvideos: What do you love about #Lia https://t.co/XED7PCKt7O',Bulgaria,1306677306606473219
Samaeled,b'RT @ToBeMiro: Second Red Card for no reason to secure the miserable W.',Bulgaria,1306676902271184896
Wolfie2050,b'RT @liasvideos: What do you love about #Lia https://t.co/XED7PCKt7O',Bulgaria,1306676070280843267
ChuuVes4Evaa,b'RT @liasvideos: What do you love about #Lia https://t.co/XED7PCKt7O',Bulgaria,1306676041793114116
namochaeryeji,b'RT @liasvideos: What do you love about #Lia https://t.co/XED7PCKt7O',Bulgaria,1306675838981636096
9rihanna7,b'RT @liasvideos: What do you love about #Lia https://t.co/XED7PCKt7O',Bulgaria,1306675633007849472
zeedaine,b'RT @liasvideos: What do you love about #Lia https://t.co/XED7PCKt7O',Bulgaria,1306675130551033856
harshatj,b'RT @ToBeMiro: Second Red Card for no reason to secure the miserable W.',Bulgaria,1306673613626585088
ZepDavid14,b'RT @ToBeMiro: Second Red Card for no reason to secure the miserable W.',Bulgaria,1306673244456415232
ITZY39527706,b'RT @liasvideos: What do you love about #Lia https://t.co/XED7PCKt7O',Bulgaria,1306672644389912576
Varkos0203,"b'@MrFruitYT YEEEEESSSSSSSS, YES YES yes yes yes yes yes yes yes YEAAASSSSSSUUUUUII!!!,!,!!,'",Bulgaria,1306672104243425284
WWESamuelRuiz,b'RT @ToBeMiro: Second Red Card for no reason to secure the miserable W.',Bulgaria,1306672102444019714
Junaidkhatak_,b'RT @ToBeMiro: Second Red Card for no reason to secure the miserable W.',Bulgaria,1306671684674629634
mickmccarthy0,b'RT @ToBeMiro: Second Red Card for no reason to secure the miserable W. https://t.co/sFYnlBsTEU',Bulgaria,1306671180359905291
liveplayonyt,b'RT @ToBeMiro: Second Red Card for no reason to secure the miserable W.',Bulgaria,1306670954609815552
BabyfaceMick,b'RT @ToBeMiro: Second Red Card for no reason to secure the miserable W. https://t.co/sFYnlBsTEU',Bulgaria,1306670921235783680
Ricki198931,b'RT @ToBeMiro: Second Red Card for no reason to secure the miserable W.',Bulgaria,1306670715375169536
Kianshane666,b'RT @ToBeMiro: Second Red Card for no reason to secure the miserable W.',Bulgaria,1306670620520914956
940Riccardo,b'RT @ToBeMiro: Second Red Card for no reason to secure the miserable W. https://t.co/sFYnlBsTEU',Bulgaria,1306670595787173888
ubadaa14,b'RT @ToBeMiro: Second Red Card for no reason to secure the miserable W.',Bulgaria,1306670368166379521
pasto_388,b'RT @ToBeMiro: Second Red Card for no reason to secure the miserable W. https://t.co/sFYnlBsTEU',Bulgaria,1306670260129607684
BraydenNFFC,b'RT @ToBeMiro: Second Red Card for no reason to secure the miserable W. https://t.co/sFYnlBsTEU',Bulgaria,1306670256916758530
ToBeMiro,b'Second Red Card for no reason to secure the miserable W. https://t.co/sFYnlBsTEU',Bulgaria,1306670129359368192
sendjertefik,"b""#HOLY by justin bieber and chance the rapper isn't just a song, it?s a lifestyle, a reason to breathe, an escape fr? https://t.co/mTk42HOPvE""",Bulgaria,1306669209229950976
sendjertefik,b'lets goooooooooooooo #HOLY',Bulgaria,1306668982011924480
drawsforitzy,b'RT @liasvideos: What do you love about #Lia https://t.co/XED7PCKt7O',Bulgaria,1306666981387505664
notstra1ghts,b'@BoldFNLeaks @BoldTntina @AndrewsFive @RaiIsCooIio @MeowFNBR @birb55 @Nico_Weako @BoldHeston @SkyeAndBopFNRP fortnite',Bulgaria,1306663735835217921
jmnryu,b'RT @liasvideos: What do you love about #Lia https://t.co/XED7PCKt7O',Bulgaria,1306660115408445440
rayslablr,"b'@TUBBO4T wait,, it looks pretty ?'",Bulgaria,1306659947216875520
itzyracha,b'RT @liasvideos: What do you love about #Lia https://t.co/XED7PCKt7O',Bulgaria,1306659945165680640
drdivan55,b'Hot tub crime machine: Canada hit by bizarre daylight thefts | Canada | The Guardian https://t.co/3HXCBVKbba',Bulgaria,1306659877964722176
drdivan55,"b""I volunteered to be a human guinea pig for a Covid vaccine. Now I'm having second thoughts | Coronavirus outbreak |? https://t.co/VNzYOqGGAz""",Bulgaria,1306659633042513921
drdivan55,"b""Frank Gehry sees end to 'bombastic' monuments as Eisenhower tribute unveiled | Frank Gehry | The Guardian https://t.co/DD51ZIH8yv""",Bulgaria,1306659221044428801
drdivan55,b'Bill Barr reportedly suggested bringing sedition charges against protesters | William Barr | The Guardian https://t.co/OF82XOMJ6Y',Bulgaria,1306659033227694089
drdivan55,b'Revealed: Saudi Arabia may have enough uranium ore to produce nuclear fuel | Saudi Arabia | The Guardian https://t.co/bd44FGgr6n',Bulgaria,1306658715773415424
drdivan55,"b""Hurricane Sally: slow-moving storm kills one &amp; leaves 'historic' flooding across US Gulf coast | World news | The G? https://t.co/E0kkV8xLwR""",Bulgaria,1306658373488828422
drdivan55,"b""Taiwan calls for global coalition against China's aggression as US official flies in | Taiwan | The Guardian https://t.co/7gxrjq5xhU""",Bulgaria,1306658093200277505
drdivan55,"b'Paper maps, two-way radios: how firefighting tech is stuck in the past | California | The Guardian https://t.co/mhG7opq8Zs'",Bulgaria,1306657738387316739
drdivan55,b'Armed civilian roadblocks in Oregon town fuel fears over vigilantism | Oregon | The Guardian https://t.co/P3yzf61m5P',Bulgaria,1306657343015354369
drdivan55,"b'Firefighters battle on in Oregon, scouring ruins for the missing | Wildfires | The Guardian https://t.co/4A81pVvZaD'",Bulgaria,1306656870443122690
notstra1ghts,b'@ilya2000abbasi1 @ionlyusemidas i mean everyone is toxic even casuals',Bulgaria,1306656852084764681
akxba18,b'@vannahluraya The only downside for me was that sometimes I would get home and fall asleep immediately for a couple hours lool',Bulgaria,1306732047256285184
scytheofsariel,b'RT @KennekyDeky: Commission for @captain_hooters\nMy right hand is not Ok... just kidding...............\n\n#LeagueOfLegends #pyke #jhin https?',Bulgaria,1306731563674198018
kisseddream,"b""RT @KennekyDeky: I really liked the Jhin Kitty.\nFor personal use, please do not use (cause It's from a commission...) https://t.co/ljj8y0un?""",Bulgaria,1306730751485005824
akxba18,b'I had a big ass spider on me while I was driving today shit was soo cash money',Bulgaria,1306729644305969152
Flat__Ray,"b""RT @KennekyDeky: I really liked the Jhin Kitty.\nFor personal use, please do not use (cause It's from a commission...) https://t.co/ljj8y0un?""",Bulgaria,1306728505959383040
MRmarraine,b'RT @KennekyDeky: Commission for @captain_hooters\nMy right hand is not Ok... just kidding...............\n\n#LeagueOfLegends #pyke #jhin https?',Bulgaria,1306726861351784449
DreadDoug,b'@craigums CARS!',Bulgaria,1306726279878672388
ZethKeeper,b'Spider-Quinn -- colors.\nOriginal lines by @SpiderGuile.\n\n#crossover #marvelcomics #dccomics #spidergwen? https://t.co/ONwDJKCm89',Bulgaria,1306725358734110720
ax1965,"b""RT @ViktorLind19: Europe meets Africa. Let's stay separate? https://t.co/wwwNZIuOaY""",Bulgaria,1306724377623506945
andy__nc,b'RT @MajesticBerba: @DavidVujanic Rakija is better than red bull and you cant change our mind',Bulgaria,1306721041281159168
KennekyDeky,b'I got a random recommended shitpost video on YouTube of Transformers Prime and It make me want to rewatch the show? https://t.co/tAcydAfVw7',Bulgaria,1306714488427737088
KennekyDeky,"b""I love that shovel harpoon... It's even more noticeable when using W... Best skin, It has everything I love... Neve? https://t.co/dYhYHWpckQ""",Bulgaria,1306713574577000448
MajesticBerba,b'@DavidVujanic Rakija is better than red bull and you cant change our mind',Bulgaria,1306712721589760000
KennekyDeky,b'@MunClauds I payed for It so I can call him a condom!!!!!!!!!!',Bulgaria,1306709578751541248
dumbflowerboy,"b""RT @KennekyDeky: I really liked the Jhin Kitty.\nFor personal use, please do not use (cause It's from a commission...) https://t.co/ljj8y0un?""",Bulgaria,1306708228470865920
lunar_occult,b'RT @KennekyDeky: Commission for @captain_hooters\nMy right hand is not Ok... just kidding...............\n\n#LeagueOfLegends #pyke #jhin https?',Bulgaria,1306706914504593409
svisound,b'The light of #distortion #SpectroZoid https://t.co/cSpFXESM0V',Bulgaria,1306702644661149698
CryptidPaladin,b'RT @velinovart: Strength of Solidarity from #MTGZendikar \n\n#MTG #MTGART https://t.co/c7IPjhFqhW',Bulgaria,1306702303056064512
NateNarcieq,b'RT @KennekyDeky: Commission for @captain_hooters\nMy right hand is not Ok... just kidding...............\n\n#LeagueOfLegends #pyke #jhin https?',Bulgaria,1306700077294120962
BenjiButtz,"b""RT @KennekyDeky: I really liked the Jhin Kitty.\nFor personal use, please do not use (cause It's from a commission...) https://t.co/ljj8y0un?""",Bulgaria,1306689518372712449
Scruffinu,b'RT @KennekyDeky: Commission for @captain_hooters\nMy right hand is not Ok... just kidding...............\n\n#LeagueOfLegends #pyke #jhin https?',Bulgaria,1306688356588363793
KennekyDeky,b'Fucking finally can buy this bad boy\nThe waiting is OVER........................ https://t.co/C6fXJIvKhr',Bulgaria,1306686294647545857
Artistically__,"b""RT @KennekyDeky: I really liked the Jhin Kitty.\nFor personal use, please do not use (cause It's from a commission...) https://t.co/ljj8y0un?""",Bulgaria,1306684491415470080
KalcheffMilen,b'@cotrip_twi Delicious.',Bulgaria,1306682633720655879
TeemBle,"b""RT @KennekyDeky: I really liked the Jhin Kitty.\nFor personal use, please do not use (cause It's from a commission...) https://t.co/ljj8y0un?""",Bulgaria,1306682025211039748
BigMochiUwU,"b""RT @KennekyDeky: I really liked the Jhin Kitty.\nFor personal use, please do not use (cause It's from a commission...) https://t.co/ljj8y0un?""",Bulgaria,1306681371788816385
MajesticBerba,b'@momohusss13 @maximelopez Marley Ake masterclass ??',Bulgaria,1306678952233242628
astroghost,b'RT @KennekyDeky: Commission for @captain_hooters\nMy right hand is not Ok... just kidding...............\n\n#LeagueOfLegends #pyke #jhin https?',Bulgaria,1306678888098140160
kohnnor,"b""RT @KennekyDeky: I really liked the Jhin Kitty.\nFor personal use, please do not use (cause It's from a commission...) https://t.co/ljj8y0un?""",Bulgaria,1306676947750191105
MajesticBerba,b'@Syncopy__ @CursedFootball Lokomotiv means train in Bulgarian lol',Bulgaria,1306675737823449089
LyssateeTV,"b""RT @DreadDoug: I'll be live tonight at 9pm est shoutcasting randoms in @PlaySpellbreak!\n\nCome hang out!\n\nI'm hoping we're better at shoutca?""",Bulgaria,1306674800497225732
DreadDoug,b'Oh and @craigums will be there.  I forgot to tag him because  narcissistism.',Bulgaria,1306673041259323396
HangryAsianBihh,"b""RT @KennekyDeky: I really liked the Jhin Kitty.\nFor personal use, please do not use (cause It's from a commission...) https://t.co/ljj8y0un?""",Bulgaria,1306672712958402560
DreadDoug,"b""I'll be live tonight at 9pm est shoutcasting randoms in @PlaySpellbreak!\n\nCome hang out!\n\nI'm hoping we're better a? https://t.co/BXaBjmzmac""",Bulgaria,1306672678007386113
isuzusane,"b""RT @KennekyDeky: I really liked the Jhin Kitty.\nFor personal use, please do not use (cause It's from a commission...) https://t.co/ljj8y0un?""",Bulgaria,1306672034076864512
aspectabound,b'RT @KennekyDeky: Commission for @captain_hooters\nMy right hand is not Ok... just kidding...............\n\n#LeagueOfLegends #pyke #jhin https?',Bulgaria,1306671283623677953
Go6kin,b'@CurveFinance Scammers ....',Bulgaria,1306671048981610502
3day_dmdr,b'RT @KennekyDeky: Commission for @captain_hooters\nMy right hand is not Ok... just kidding...............\n\n#LeagueOfLegends #pyke #jhin https?',Bulgaria,1306670655081865218
MajesticBerba,b'@blaz_fan @lfcsonny Clear faul against the Goalkeeper before th? pen\n2nd red was undeserved',Bulgaria,1306669101235023876
MajesticBerba,b'@DycheBall SHAMELESS',Bulgaria,1306663335379849216
dennydraws,b'So tired afterwork... I got strong urge to de-stress with some Teledji/Tulala arts - I crave for fluffy moments ...? https://t.co/9gY8J2yMZ2',Bulgaria,1306662764052611074
ZethKeeper,"b""HOOOLY SMOKES I live on 6th floor and somehow my cat went rogue on the OUTER side of the window. Thank goodness she's okay.""",Bulgaria,1306661605325901828
mikamikamiiiika,"b""RT @KennekyDeky: I really liked the Jhin Kitty.\nFor personal use, please do not use (cause It's from a commission...) https://t.co/ljj8y0un?""",Bulgaria,1306660733929873409
yamumuri,"b""RT @KennekyDeky: I really liked the Jhin Kitty.\nFor personal use, please do not use (cause It's from a commission...) https://t.co/ljj8y0un?""",Bulgaria,1306660680188207106
seashrimpburger,b'RT @KennekyDeky: Commission for @captain_hooters\nMy right hand is not Ok... just kidding...............\n\n#LeagueOfLegends #pyke #jhin https?',Bulgaria,1306660121834147841
MajesticBerba,b'@deadalready798 @lfcsonny Clear faul against the Goalkeeper before that hth\n2nd red was undeserved',Bulgaria,1306659564524367882
seashrimpburger,"b""RT @KennekyDeky: I really liked the Jhin Kitty.\nFor personal use, please do not use (cause It's from a commission...) https://t.co/ljj8y0un?""",Bulgaria,1306658628305289218
IshidaRyuse,"b""RT @KennekyDeky: I really liked the Jhin Kitty.\nFor personal use, please do not use (cause It's from a commission...) https://t.co/ljj8y0un?""",Bulgaria,1306657938291875840
charlot2b9s5,b'RT @KennekyDeky: Commission for @captain_hooters\nMy right hand is not Ok... just kidding...............\n\n#LeagueOfLegends #pyke #jhin https?',Bulgaria,1306656878596894720
orange_peely,"b""RT @KennekyDeky: I really liked the Jhin Kitty.\nFor personal use, please do not use (cause It's from a commission...) https://t.co/ljj8y0un?""",Bulgaria,1306655959402643456
akxba18,b'@vannahluraya Cuz you still have a whole day ahead of you it?s the best',Bulgaria,1306655851311104001
QuantumOfSolus,b'RT @KennekyDeky: Commission for @captain_hooters\nMy right hand is not Ok... just kidding...............\n\n#LeagueOfLegends #pyke #jhin https?',Bulgaria,1306655594057670657
dennydraws,b'@Onyrica Absolutely well earned like!! ?',Bulgaria,1306655507499954176
nighthawsk,"b""RT @KennekyDeky: I really liked the Jhin Kitty.\nFor personal use, please do not use (cause It's from a commission...) https://t.co/ljj8y0un?""",Bulgaria,1306655089965305858
iv3LA,"b""RT @KennekyDeky: I really liked the Jhin Kitty.\nFor personal use, please do not use (cause It's from a commission...) https://t.co/ljj8y0un?""",Bulgaria,1306654620886982657
Cr3ationStati0n,"b""RT @AceandShadow: Cayde has been Araeya's hero and mentor since her first rez and asking her to join him in the field made her year. Things?""",Bulgaria,1306654554155487233
MajesticBerba,b'@RWCompsV2 @MakhanyaBG_ Still better atmosphere than all Premier League clubs combined',Bulgaria,1306653795594711040
MajesticBerba,b'@lfcsonny Cant believe they celebrate a corrupt win against a 6 mil squad....',Bulgaria,1306653090322558977
scriptexbg,"b'@Only1Camp @Ulises5G @inezabonte @iam_sathwik @ravinwashere Yes you can, Rollup too.'",Bulgaria,1306652992347701250
MajesticBerba,b'@SpursOfficial Banter club with 0 trophies cant win against a 6 mil squad without the refs',Bulgaria,1306651299811860485
MajesticBerba,b'@Ianbeck23 @AndyRobsonTips 0 trophies in 20 years\nEnjoy Brexit',Bulgaria,1306650860500459522
MajesticBerba,b'@RadOfManchester Fuming....',Bulgaria,1306650229928873985
MajesticBerba,"b'@UtdAlii Honestly mate, are you dumb or?? Do we watch the same game? Get some help'",Bulgaria,1306649828512993285
MajesticBerba,b'@AndyRobsonTips 1 undeserved pen + 1 offside goal\n800+million squad against a team worth 6 milion\nUefa mafia....',Bulgaria,1306649530918744064
MajesticBerba,"b'@CFCTerence There was a clear faul against the Goalkeeper, yet the ref gave a pen to Spurs for a clear handball\nThe? https://t.co/KwlRVRUYNe'",Bulgaria,1306648861281320961
DDimitrov76,b'Winner https://t.co/CRqpJ2DNIh',Bulgaria,1306648503041613824
MajesticBerba,"b'@CFCTerence Unreal man, fuming......'",Bulgaria,1306648467729772547
ZethKeeper,b'@IlGlaz Poor Yularen. Is there some tea for dogs as well?',Bulgaria,1306647690613338112
MajesticBerba,b'@AndyRobsonTips Shocking ref',Bulgaria,1306647677497675777
ayu_just_fish,"b""RT @KennekyDeky: I really liked the Jhin Kitty.\nFor personal use, please do not use (cause It's from a commission...) https://t.co/ljj8y0un?""",Bulgaria,1306647615900008448
svetly12,b'@Gogi84097854 @PlayAdoptMe NFR Kitsune for the Sandwich ....LOL? https://t.co/K3WwfLVNm0',Bulgaria,1306647609243848704
ZethKeeper,b'@IlGlaz Sending https://t.co/t1pe3X2nyP',Bulgaria,1306647552498991104
Luu_De_Alucard,"b""RT @KennekyDeky: I really liked the Jhin Kitty.\nFor personal use, please do not use (cause It's from a commission...) https://t.co/ljj8y0un?""",Bulgaria,1306646782592589837
MajesticBerba,b'@TechnicalTake26 PLSSS DONT JINX IT IM ON MY KNEEES',Bulgaria,1306646673960116225
DeyanAdamov,b'@wantabiggerboat @Bartmag @NUFCblogcouk @MagpieGroupNUFC @toonarmy_com @ToonForChange @worflags @NUFCFansUtd? https://t.co/Y96DxA6JZM',Bulgaria,1306646634986700805
seki_kunitoshi,b'RT @KennekyDeky: Commission for @captain_hooters\nMy right hand is not Ok... just kidding...............\n\n#LeagueOfLegends #pyke #jhin https?',Bulgaria,1306644499062431744
moonser21,b'RT @KennekyDeky: Commission for @captain_hooters\nMy right hand is not Ok... just kidding...............\n\n#LeagueOfLegends #pyke #jhin https?',Bulgaria,1306644100654002178
orange_peely,b'RT @KennekyDeky: Commission for @captain_hooters\nMy right hand is not Ok... just kidding...............\n\n#LeagueOfLegends #pyke #jhin https?',Bulgaria,1306643609920380929
Clefaiiiry,b'RT @KennekyDeky: Commission for @captain_hooters\nMy right hand is not Ok... just kidding...............\n\n#LeagueOfLegends #pyke #jhin https?',Bulgaria,1306643402138750978
akxba18,b'@ZaidJilani @zackbeauchamp @dhnexon Dogshit for a brain^',Bulgaria,1306643027000061952
C_Malice,b'RT @KennekyDeky: Commission for @captain_hooters\nMy right hand is not Ok... just kidding...............\n\n#LeagueOfLegends #pyke #jhin https?',Bulgaria,1306637208670146561
dot_burn,b'RT @velinovart: Strength of Solidarity from #MTGZendikar \n\n#MTG #MTGART https://t.co/c7IPjhFqhW',Bulgaria,1306635801992683520
mjsiiva,b'RT @KennekyDeky: Commission for @captain_hooters\nMy right hand is not Ok... just kidding...............\n\n#LeagueOfLegends #pyke #jhin https?',Bulgaria,1306633772696252417
FilipFilipov1,b'@luxthos Void elf MM hunter',Bulgaria,1306631308240654336
dennydraws,"b""@BellPepperArt Grats on the milestone of followers! All well deserved! ^o^9\nIf you feel like drawing lalas ~ here's? https://t.co/e0aoYawm0Y""",Bulgaria,1306630961359093760
AceandShadow,"b""Cayde has been Araeya's hero and mentor since her first rez and asking her to join him in the field made her year.? https://t.co/ZrsJfKll01""",Bulgaria,1306629534456991744
DoingMyBest96,b'RT @KennekyDeky: Commission for @captain_hooters\nMy right hand is not Ok... just kidding...............\n\n#LeagueOfLegends #pyke #jhin https?',Bulgaria,1306628402208804869
DeyanAdamov,b'@NUFCblogcouk @wantabiggerboat @MagpieGroupNUFC @toonarmy_com @ToonForChange @worflags @NUFCFansUtd? https://t.co/WwPy5dJa7h',Bulgaria,1306627993352261632
breadcheese444,"b""RT @KennekyDeky: I really liked the Jhin Kitty.\nFor personal use, please do not use (cause It's from a commission...) https://t.co/ljj8y0un?""",Bulgaria,1306627029094273026
fuwwyleveldesi1,b'@VadermCat Itsss okay',Bulgaria,1306626457683333122
bloomingcarnage,b'RT @KennekyDeky: Commission for @captain_hooters\nMy right hand is not Ok... just kidding...............\n\n#LeagueOfLegends #pyke #jhin https?',Bulgaria,1306626211590950914
bloomingcarnage,"b""RT @KennekyDeky: I really liked the Jhin Kitty.\nFor personal use, please do not use (cause It's from a commission...) https://t.co/ljj8y0un?""",Bulgaria,1306626181408620548
Tamy_Yotukagua,b'RT @KennekyDeky: Commission for @captain_hooters\nMy right hand is not Ok... just kidding...............\n\n#LeagueOfLegends #pyke #jhin https?',Bulgaria,1306625357492244483
MajesticBerba,b'@JJThfc @SpursOfficial Its a 22k seater wym?',Bulgaria,1306624657685184512
Madheartz_,b'RT @KennekyDeky: Commission for @captain_hooters\nMy right hand is not Ok... just kidding...............\n\n#LeagueOfLegends #pyke #jhin https?',Bulgaria,1306624605113606149
Madheartz_,"b""RT @KennekyDeky: I really liked the Jhin Kitty.\nFor personal use, please do not use (cause It's from a commission...) https://t.co/ljj8y0un?""",Bulgaria,1306624580245569539
HuntressTami64,b'RT @KennekyDeky: Commission for @captain_hooters\nMy right hand is not Ok... just kidding...............\n\n#LeagueOfLegends #pyke #jhin https?',Bulgaria,1306622889316282373
manku4444,"b""RT @KennekyDeky: I really liked the Jhin Kitty.\nFor personal use, please do not use (cause It's from a commission...) https://t.co/ljj8y0un?""",Bulgaria,1306622871758725125
manku4444,b'RT @KennekyDeky: Commission for @captain_hooters\nMy right hand is not Ok... just kidding...............\n\n#LeagueOfLegends #pyke #jhin https?',Bulgaria,1306622772857040899
HuntressTami64,"b""RT @KennekyDeky: I really liked the Jhin Kitty.\nFor personal use, please do not use (cause It's from a commission...) https://t.co/ljj8y0un?""",Bulgaria,1306622391536234496
SerenityTegu,b'Checking out the new Beta Build.\n\nRemove the weekly lockout on Conduits.\n\nhttps://t.co/yXjVfIZUxe',Bulgaria,1306721331040395268
BadAzzWarrior,b'@CecilyDavidsonK @MauriceBenard @fangirl_810 @MaxGail @valentinifrank Thank you for this clip',Bulgaria,1306718173790711814
jeysenpai,b'Iam so sleepy',Bulgaria,1306717995872350208
BadAzzWarrior,"b""@fangirl_810 @MauriceBenard @MaxGail You're right I am ????""",Bulgaria,1306717655076929536
BadAzzWarrior,b'@jefflawson65 @Lucifer_GodsSon she hates them.',Bulgaria,1306714221674201090
Darkeyed19,b'@Franrekk Dibs on the coffee buttercream one!',Bulgaria,1306712244676448257
KolevaCvetelina,b'@iamlp Cool ?????',Bulgaria,1306693572343758865
Darkeyed19,b'@veryeviltomato A complete alternative to drawing is also an option. It always feels better to come back to somethi? https://t.co/P1nO48IExb',Bulgaria,1306689219448930306
Darkeyed19,"b'@veryeviltomato I was initially the same way, but have been trying to draw more recently'",Bulgaria,1306688473345204230
TaniaDimova1,"b'@JasonHayesB1 Seal team, Bravo team and of course Bravo1,this is from  me. https://t.co/XWi73nCm77'",Bulgaria,1306681687464697858
Lubaka03,"b""@SpotifyCares Even easier - connect to your car's bluetooth and press play on the head unit.\nSpotify starts automatically.\nThank me later.""",Bulgaria,1306681565880221698
BadAzzWarrior,b'@calijo77 @Talkshiticus @Bentcat1 @BLUE_W0LVERINE @lunaticopresid1 @crazygrandma66 @lorieburson Sorry I missed this? https://t.co/sM1zmDYqMu',Bulgaria,1306677799919419403
BadAzzWarrior,b'@BandB_CBS Love',Bulgaria,1306661616386273280
VictorKanakiev,b'Three Technologies To Accelerate Digital Transformation via @forbes https://t.co/xjPBQWx2sU',Bulgaria,1306647799979745281
manutdbs,b'@MarcFUTTrader My dream',Bulgaria,1306647198072016897
meroborou,"b""i'm still confident in the fact that straight to hell is one of the best comedies of all time? https://t.co/EgCBPDEGFr""",Bulgaria,1306646099243995138
PhilipGagne,b'RT @BadAzzWarrior: @StephenKing The Whole USA',Bulgaria,1306645820985479169
meroborou,b'@pancho_270 khrustalyov is based as fuck',Bulgaria,1306645277525278722
TaniaDimova1,"b'Shopska salad, Bulgarian banitsa, sausage, Bulgarian yellow cheese and Bulgarian brandy.\nGreetings from Bulgaria. https://t.co/OB8MTw8jbk'",Bulgaria,1306644876826730501
SeanB_Apollo,b'@coi_leray Sean Apollo - Blocked ?\n\nhttps://t.co/4s6H36Sipr',Bulgaria,1306639111244185601
BadAzzWarrior,b'@Lucifer_GodsSon I think they used it for Melanomas  statue in Slovenia',Bulgaria,1306636978281037824
RamJamRTR,"b""RT @BadAzzWarrior: @DemocracyInn Trump's Town Hall NVR could decide my vote ever. \n#VoteBlueToEndThisNightmare""",Bulgaria,1306633421830213635
BadAzzWarrior,"b""@ImpeachmentHour Took a Ken doll and put Trump's head on a doll. WTF is Wrong with these people.  When has he ever? https://t.co/8cCwTZADxp""",Bulgaria,1306629601343537152
TaniaDimova1,"b'RT @TaniaDimova1: The best, among the best, the Bravo team. Great job guys. I love you all. I look forward to our season. God bless you and?'",Bulgaria,1306626314305183744
viper4o93,"b'Ahoy, there mateys. Just went live. You can join me @ https://t.co/bYSUl6pv6c . @SupStreamers @TwitchReTweets? https://t.co/Fj5MkUET3O'",Bulgaria,1306623701149003777
VictorKanakiev,b'EMPATHY - BEST SPEECH OF ALL TIME By Simon Sinek | Inspiritory https://t.co/fEBI6oxVBK via @YouTube',Bulgaria,1306604757545611269
marpasionbeso,"b""You'd be wise to get objective about your goals and expectatio... More for Sagittarius https://t.co/2DJeeNM2GY""",Bulgaria,1306571469296525312
TaniaDimova1,"b'The best, among the best, the Bravo team. Great job guys. I love you all. I look forward to our season. God bless y? https://t.co/m7LIcQKSgS'",Bulgaria,1306557990703636482
vranida,"b'Dare to dream big when it comes to your career today, Capricor... More for Capricorn https://t.co/nZmvgU99No'",Bulgaria,1306556469731422208
VictorKanakiev,b'What a Serial Entrepreneur Learned From Spending Nearly $1M on Facebook Ads https://t.co/pRqXQftaO6 via @HubSpot',Bulgaria,1306550228967985154
VictorKanakiev,b'Visual Identities: More Than Just A Logo | Sagi Haviv | TEDxPenn https://t.co/eUX4n0X5k1 via @YouTube',Bulgaria,1306537005355077634
arsenalcho,b'@GFFN We have an amazing Bosnian that can fill the void @PSG_inside',Bulgaria,1306525297878208513
TaniaDimova1,b'@CBSHE @thegoodfight Awesome. https://t.co/N2avkSdbo0',Bulgaria,1306456910682624000
Lubaka03,"b'@InvisibleTeeth @spiritboxband @TIDAL @Maserati No, but for real. If u got a new enough alfa, try to find a salvage? https://t.co/aod3y618vQ'",Bulgaria,1306454574585307136
BadAzzWarrior,b'@realMJSharma @Dale_E_Hayes @JoeBiden @realDonaldTrump I love the whole plant . ????',Bulgaria,1306413245536886786
BadAzzWarrior,b'@realMJSharma @Dale_E_Hayes @JoeBiden @realDonaldTrump Edibles Jay ?????? https://t.co/fpnT5yPtqJ',Bulgaria,1306412467157860353
BadAzzWarrior,b'@BandB_CBS Loving #Sinn',Bulgaria,1306410589137371137
BadAzzWarrior,b'@WhoaShitsCrazyO Well of course yum',Bulgaria,1306383920506777602
BadAzzWarrior,"b""@DemocracyInn Trump's Town Hall NVR could decide my vote ever. \n#VoteBlueToEndThisNightmare""",Bulgaria,1306381936705839104
meroborou,b'@ze_eskimo Im thinking us',Bulgaria,1306371989263785985
BishoBasq,b'RT @meroborou: the establishment fears this https://t.co/jo2ooqVG2B',Bulgaria,1306367035350355969
BadAzzWarrior,"b""@_DumptyTrumpty_ Still in pain but you know we're both warriors ?  girl sucks hand locks up ?? but I'm here ??? How you today Sweets ?""",Bulgaria,1306359930136539136
BadAzzWarrior,b'@takahike460 Sorry ???',Bulgaria,1306359355902767104
meroborou,b'the establishment fears this https://t.co/jo2ooqVG2B',Bulgaria,1306359151623372801
BadAzzWarrior,"b""@kimpetty64 @realMJSharma @theNICEgirlLesa Hey Kim ???? it is medicine . How's it going there ? Cooling off here finally.""",Bulgaria,1306359042055581696
BadAzzWarrior,b'@atdavidhoffman @RepsForBiden @VforVictory1 @ProjectLincoln @realDonaldTrump Me too',Bulgaria,1306337286024560641
BadAzzWarrior,"b""@jkibus It's true ??""",Bulgaria,1306336229122813953
BadAzzWarrior,b'@hierophantess ?????? same ???? https://t.co/8SV3NKeZuC',Bulgaria,1306335061554483201
MeLeBron1,b'@thebausffs true',Bulgaria,1306333496399532033
Wolverain1987,b'@ErienStrf The perspective is amazing! And I love her sketchy hair ?',Bulgaria,1306332416005599238
nhgrammyx5,b'RT @BadAzzWarrior: @jsloggans3 After Not doing business with those that post Political signs at their business . Next Step CALL and tell th?',Bulgaria,1306327953245122561
goro_p,b'EXCLUSIVE: Gareth Bale COMPLETES stunning move back to Tottenham https://t.co/QxJraw95uC via @MailSport',Bulgaria,1306324364074332161
TaniaDimova1,b'The irresistible Can Yaman returned.??????????? https://t.co/awiSj2w7Rx',Bulgaria,1306322474754334720
TaniaDimova1,b'Apple pie. I will not share the recipe.????????? https://t.co/OVGS1keSlz',Bulgaria,1306313308694368257
meroborou,"b""i'm not really into survival horror, but darkwood is fantastic""",Bulgaria,1306311174770884608
Darkeyed19,"b""@pigeonhat Still love the window one, mate! Great mood and awesome balance of colours! \n\nI'm currently working on s? https://t.co/JFymQr8Urt""",Bulgaria,1306309515655229440
SerenityTegu,"b'@grimmerino90 @Slootbag @Warcraft Good point, she will be eventually.'",Bulgaria,1306309197559205888
Darkeyed19,b'@lovelytoaster @real_extralite @Raavex1 @Fr0us @frosty_rabbid @cod31n3 @crizzpix @abluntlife1 @dendyushka @_Deadkat? https://t.co/3LMAfPR8Ch',Bulgaria,1306308546183811072
Shouchi9,b'RT @SerenityTegu: @Slootbag @Warcraft Your favorite character Azshara. https://t.co/x4Xjmz9toH',Bulgaria,1306305316636811264
Stephan_Gee,b'Just posted a photo @ Hidden Beach Bar https://t.co/UVFEGmO5mb',Bulgaria,1306302953230344193
BadAzzWarrior,b'@Back_dafucup Same',Bulgaria,1306301374037139457
BadAzzWarrior,b'@rgalante @judyahill61 @valentinifrank @GeneralHospital Grr I hate That Renee',Bulgaria,1306301067198685188
BadAzzWarrior,b'@wesj03591800 @jsloggans3 Stupid I NVR said I lost my Businesses I Sold them when I had a stroke 5 yrs ago \nI do wh? https://t.co/ITQZ4FGjPt',Bulgaria,1306299238331158529
SerenityTegu,b'@Barsonik21 Wowhead as always.',Bulgaria,1306296386871275520
CallangaJc,b'I miss you and im sorry for what I feel... ?',Bulgaria,1306296048604688384
arsenalcho,b'@olamilly_ @Friasimo @DeLxgt_ @GFFN The report says offer of beyond 40M.',Bulgaria,1306296003813928961
SerenityTegu,b'@Slootbag @Warcraft Your favorite character Azshara. https://t.co/x4Xjmz9toH',Bulgaria,1306295691426312193
BadAzzWarrior,b'@_DumptyTrumpty_ Morning Sweet Lady ????',Bulgaria,1306295561818120192
viper4o93,"b'Ahoy, there mateys. Just went live. You can join me @ https://t.co/bYSUl6pv6c . @SupStreamers @TwitchReTweets? https://t.co/EzKpqXYyMf'",Bulgaria,1306261795590606849
meroborou,b'mr bungle is just spongebob music',Bulgaria,1306253622183964673
Lubaka03,b'@InvisibleTeeth @spiritboxband @TIDAL @Maserati Just use android auto/carplay bruf',Bulgaria,1306249292953288709
BadAzzWarrior,b'@japastu I love it',Bulgaria,1306247863555497985
Darkeyed19,"b""@BathThief Ain't that the truth!""",Bulgaria,1306245896489885697
BadAzzWarrior,b'@BriansNewHeart @tgarciaart Hey Ariana ??????',Bulgaria,1306245601613541378
BadAzzWarrior,b'@tgarciaart @BriansNewHeart It was worth it Ty ???????????',Bulgaria,1306245458642325504
BadAzzWarrior,b'@duffyd221 @RealAuthorMGB @Jesse_King_359 @jsloggans3 I agree',Bulgaria,1306245120308715523
BadAzzWarrior,"b'@RealAuthorMGB @jsloggans3 ?? oh Michael don\'t worry doubt you have a business I would want to ""shop "" in . Where I? https://t.co/LGLpAlwuNv'",Bulgaria,1306244952758853637
BadAzzWarrior,b'@Tanyalovescats @jsloggans3 Exactly Tanya ? I do not and NVR will support a man that Hates People of a darker skin? https://t.co/mxifcW290U',Bulgaria,1306244058172608513
BadAzzWarrior,b'@tgarciaart @BriansNewHeart You look beautiful babe ???',Bulgaria,1306243181001019393
BadAzzWarrior,"b""@tgarciaart @BriansNewHeart Love to you my Friend , you're right too Sweets .  ????????""",Bulgaria,1306242578266951680
Wolverain1987,"b""@JiskeyJasket Oh that's such a unique idea! I have never seen them offered before. Lol sadly I don't have glasses ?""",Bulgaria,1306233376542797824
Wolverain1987,b'@JiskeyJasket Haha I hope xD wanna try all kind of different ones and a loooot of glitter and sparkles ??',Bulgaria,1306229294490890242
VictorKanakiev,b'5 Customer Success Best Practices [Infographic] https://t.co/i11qgmDBUs',Bulgaria,1306227380533579780
VictorKanakiev,b'EY reports global revenues of US$37.2b in 2020 https://t.co/7xEMG97sYa',Bulgaria,1306227089637609472
Wolverain1987,"b""@JiskeyJasket That's great! Gonna do mine soon too^^ let us know how they turned out""",Bulgaria,1306224800130568195
marpasionbeso,"b""Take advantage of your ruling planet, Jupiter's, benevolent in... More for Sagittarius https://t.co/2DJeeNM2GY""",Bulgaria,1306209084891303936
vranida,b'The faculties of your higher mind are wide open today. Because... More for Capricorn https://t.co/nZmvgU99No',Bulgaria,1306194083732287489
arsenalcho,b'@delayingtactics @elspanishgooner Good for you but I?m not talking about the money here. The player clearly wants M? https://t.co/MNQdM5huNV',Bulgaria,1306180465137770496
ShannonCol1201,b'RT @BadAzzWarrior: @rgalante I like Olivia.',Bulgaria,1306177265043230722
LindaVenuto3,b'RT @BadAzzWarrior: @dindin6 @Jet1Jack @PetraMcCarron2 @PlumptyTrumpty @Fix8d2020 @Persiflage77 @FURiousDEFENDER @oXxRowanxXo @FlowerAndIris?',Bulgaria,1306172861850234880
arsenalcho,b'@delayingtactics @elspanishgooner I agree with the first part but about the 30 mln 2 year loan ... the buy back cla? https://t.co/sv62DTtxHb',Bulgaria,1306154279548395520
arsenalcho,b'@elspanishgooner Don?t think these are the kind of deals Man Utd want to make. The deals for Spurs are happening be? https://t.co/mjd9rf6y61',Bulgaria,1306153868686917634
RecloySo,"b""RT @Wolverain1987: @MusketsGoBoom Thanks for the tag @pigeonhat\n\nI'm Wolve and I do mostly pixel art. I do char design, fanart, nsfw etc.?""",Bulgaria,1306143559435706369
MusketsGoBoom,"b""RT @Wolverain1987: @MusketsGoBoom Thanks for the tag @pigeonhat\n\nI'm Wolve and I do mostly pixel art. I do char design, fanart, nsfw etc.?""",Bulgaria,1306141242523172866
GDAutoArt,"b""RT @Wolverain1987: @MusketsGoBoom Thanks for the tag @pigeonhat\n\nI'm Wolve and I do mostly pixel art. I do char design, fanart, nsfw etc.?""",Bulgaria,1306137000601321473
Wolverain1987,"b""@MusketsGoBoom Thanks for the tag @pigeonhat\n\nI'm Wolve and I do mostly pixel art. I do char design, fanart, nsfw e? https://t.co/SD10hNNl2f""",Bulgaria,1306136973065809927
AuthorMonika,b'UNESCO listed old town of Nessebar is like going back in time. So beautiful it is breathtaking. https://t.co/LT5Dpg4huj',Bulgaria,1306133069850648583
SerenityTegu,"b""@SGermi Gotta test it but doubtful it's good enough to fix the downtime.""",Bulgaria,1306128114351837186
VictorKanakiev,b'3 Powerful Marketing Leadership Strategies via @Entrepreneur  https://t.co/LP5x09vJ9l',Bulgaria,1306122311335137281
AuthorMonika,b'Magical Nessebar. I am in loove #bulgaria https://t.co/dkN7eJbKqC',Bulgaria,1306108635265859585
BTCTKVR,"b""RT @TheVladCostea: @Marcus_Browne Check out @BTCTKVR podcast. Season 4 will help you learn more about securing your coins, I've interviewed?""",Bulgaria,1306728805998956545
TheVladCostea,"b'@vicariousdrama Nah, it?s just his best album... and he does rap about falling in love with a pornstar in the song ?Hell of a Life? ?'",Bulgaria,1306725404850499585
TheVladCostea,b'@vicariousdrama Check out his album ?My Beautiful Dark Twisted Fantasy?. I don?t think he ever topped it.',Bulgaria,1306722472058859520
VenkatNagaswamy,"b""RT @dgeorgiev_bg: Hey peeps, I'm looking for a new role on a project utilising functional programming to build software. Retweets are much?""",Bulgaria,1306718772057710592
bitcoinmc3,"b""RT @TheVladCostea: I couldn't care less about the institutional adoption of Bitcoin. It's mostly dumb money that comes in moments when the?""",Bulgaria,1306715980152872961
TimerOlde,"b""RT @TheVladCostea: I couldn't care less about the institutional adoption of Bitcoin. It's mostly dumb money that comes in moments when the?""",Bulgaria,1306710228545622019
DraculinaHeart,b'RT @DracTweets: I am an anti-masker. It makes my task of destroying humanity so much easier. #COVID19',Bulgaria,1306708075047530497
DracTweets,b'I am an anti-masker. It makes my task of destroying humanity so much easier. #COVID19',Bulgaria,1306707543788486657
TheVladCostea,"b""I couldn't care less about the institutional adoption of Bitcoin. It's mostly dumb money that comes in moments when? https://t.co/4jevMTzmer""",Bulgaria,1306706005804421120
braqhampton,b'RT @skateboardraga: its time ?? https://t.co/NyvWaJ93Ms',Bulgaria,1306700669039017986
andrei_eclynoh,b'@NilsAhrDE OP8 Pro.....',Bulgaria,1306689924230508544
andrei_eclynoh,b'@TheGalox_ @jimmyispromo boring design https://t.co/1l3N8sH1Cq',Bulgaria,1306689013600980992
ZeynWhite,b'@milwaukeeopium Cry me a river',Bulgaria,1306683803688218627
rayavarbanova,b'RT @vesiiiiiii: ?Nice joke bro now I?m insecure? \n                            The story of my life',Bulgaria,1306683340704055304
vesiiiiiii,b'You did this for what?',Bulgaria,1306682475951910912
vesiiiiiii,b'?Nice joke bro now I?m insecure? \n                            The story of my life',Bulgaria,1306680737958113280
GicaFrate,b'@JoeBrunoWSOC9 What happens if someone gets a hold of one of the ballots and sends it in fraudulently? How would th? https://t.co/HT0pv6jPu0',Bulgaria,1306668700838264833
cocoapuppyuwu,b'Dreaming of being her;; https://t.co/fqQD7GqPcM',Bulgaria,1306664934642798593
AnunnakiBukkake,b'@CashApp $hittypork',Bulgaria,1306660704641003520
Mizzymeech,b'RT @skateboardraga: its time ?? https://t.co/NyvWaJ93Ms',Bulgaria,1306658810711302145
illingsworth,b'RT @skateboardraga: its time ?? https://t.co/NyvWaJ93Ms',Bulgaria,1306657372807495694
angelbabyl0u,b'RT @skateboardraga: its time ?? https://t.co/NyvWaJ93Ms',Bulgaria,1306655239651487744
venusmusik,b'RT @skateboardraga: its time ?? https://t.co/NyvWaJ93Ms',Bulgaria,1306655184173572097
LaSailorGoon,b'Look Back At It?!?!? https://t.co/rzMhn0sqee',Bulgaria,1306651282631991296
TheVladCostea,b'Just beat my old high score in Bitcoin Bounce by @thndrgames. What?s your score? https://t.co/qnptPuYSQL',Bulgaria,1306647669083983874
TheVladCostea,"b'@BitcoinOldGuy I don?t like Joe Rogan?s style either, he too often breathes in his microphone and makes annoying so? https://t.co/WAGvYAtBx0'",Bulgaria,1306646413468729345
sunwoodmal,b'RT @skateboardraga: its time ?? https://t.co/NyvWaJ93Ms',Bulgaria,1306644210129530880
lujan1324,b'RT @skateboardraga: - when halloween is 4 days away ??????????? https://t.co/eBmJCWOnxJ',Bulgaria,1306642828328448000
skateboardraga,b'@_YeahthatsQ innovative',Bulgaria,1306641597518557185
notthatkhalid,b'RT @skateboardraga: i am a prophet https://t.co/8BJzOldT6s',Bulgaria,1306638899347730432
OperaComRuse,b'Really looking forward to the story of the serial killers of the tory UK government follow up https://t.co/qXjRiI8aQ4',Bulgaria,1306637847668174848
notthatkhalid,b'RT @skateboardraga: its time ?? https://t.co/NyvWaJ93Ms',Bulgaria,1306637033490636801
dgeorgiev_bg,"b'@BobyMicroby @cocreature @digitalassetcom Indeed I am, thanks Bobby :)'",Bulgaria,1306632250738475009
OperaComRuse,b'@Sarkanyapu  Robbie can you help ? See below ! https://t.co/sDk7XhbsMV',Bulgaria,1306632000791629831
OperaComRuse,"b'An uninspiring game, but three points in the bag https://t.co/1eLj0WVUyy via @Celts_f_t_South'",Bulgaria,1306629877148323841
fkbl1,b'@P_Lazaridis Gini AND Thiago ?',Bulgaria,1306625556834902016
skateboardraga,b'i am a prophet https://t.co/8BJzOldT6s',Bulgaria,1306619093542469633
itslilgambino,b'RT @skateboardraga: its time ?? https://t.co/NyvWaJ93Ms',Bulgaria,1306617829173714948
TheVladCostea,b'@Adelgary @devilninja777 @vakeraj It?s funny that here in Romania I found pretty much everything except for Ringfit? https://t.co/2iWkpJxusZ',Bulgaria,1306613621905068032
skateboardraga,b'@ncatdining @theylovetaya2 @rgwill_ y?all worried bout the wrong thing get this man his portions ????',Bulgaria,1306612396497285121
skateboardraga,b'@IMissStevenFaug my hair makes me unrecognizable',Bulgaria,1306611929134305282
ellyotmarqs,b'RT @skateboardraga: its time ?? https://t.co/NyvWaJ93Ms',Bulgaria,1306611091439521792
skateboardraga,b'@thenerdbab3 IM SO EXCITED https://t.co/u4cG9kor8D',Bulgaria,1306609502750478336
skateboardraga,b'@IMissStevenFaug YES THAT WAS ME LMAAOOO',Bulgaria,1306609358592241664
Zalmoxis15,"b'RT @TheVladCostea: 5/ Greece, Bulgaria, and the former Yugoslavian countries all have mosques. In its historical territories (Wallachia &amp; M?'",Bulgaria,1306608700539498496
Zalmoxis15,"b'RT @TheVladCostea: 3/ Just an example: in 1714, Wallachian ruler Constantin Br?ncoveanu was captured by sultan Ahmed III, and he was asked?'",Bulgaria,1306608488035037187
cocoabuttuhh,b'RT @skateboardraga: its time ?? https://t.co/NyvWaJ93Ms',Bulgaria,1306607490197581825
dgeorgiev_bg,"b'@DisneyStreaming @disneyplus @hulu @Verizon Hey, are you currently hiring applicants working remotely in the European Union?'",Bulgaria,1306606464438595585
ChrisYouho,b'RT @skateboardraga: i look ruff',Bulgaria,1306605220118646785
skateboardraga,b'i look ruff',Bulgaria,1306605128540213250
skateboardraga,b'its time ?? https://t.co/NyvWaJ93Ms',Bulgaria,1306605046487044096
IvayloIvanoff,b'Synthesia: Generate professional-looking AI videos from text in minutes https://t.co/8mUujNa6ZQ via @__tosh #AI https://t.co/6FbCPXGxzl',Bulgaria,1306600574113153024
radfordka,"b'RT @MulberryCorfu: Get lost, on Corfu https://t.co/04L6Anl7fx'",Bulgaria,1306593324120170496
amarapatel,"b""RT @dgeorgiev_bg: Hey peeps, I'm looking for a new role on a project utilising functional programming to build software. Retweets are much?""",Bulgaria,1306586353174343680
xscreamoex,b'Get  BGN 33.04 !\nYour bonus is waiting to be activated.\nhttps://t.co/TivLJ608nP',Bulgaria,1306571563794391040
4_A_F,"b'RT @DracTweets: And you are again, my son. #Castlevania https://t.co/946zt95DSi'",Bulgaria,1306563799328198660
ana_captures,"b'RT @MulberryCorfu: Get lost, on Corfu https://t.co/04L6Anl7fx'",Bulgaria,1306555407830331393
BigAssMage,"b'?My day be so fine then boom, Trevor.? https://t.co/XWMzofts0H'",Bulgaria,1306554914378862594
JaxDeeDee,"b'RT @MulberryCorfu: Get lost, on Corfu https://t.co/04L6Anl7fx'",Bulgaria,1306551465196965890
DurrellSociety,"b'RT @MulberryCorfu: Get lost, on Corfu https://t.co/04L6Anl7fx'",Bulgaria,1306549161333006346
tcupq,b'@Furiously i?m DISGUSTED',Bulgaria,1306537015136014336
voivodavlad,b'Reject humanity\nReturn to monky https://t.co/XWZ56H0yVo',Bulgaria,1306531883455574016
tcupq,b'@Resxify i did they don?t know how to aim.',Bulgaria,1306524710235070465
tcupq,b'ASDKFJWKXISN KM NEVER PLAYING SUPPORT AGAIN I JUST PLACED SO LOW IM SO EMBARASSED',Bulgaria,1306523509921775617
tcupq,b'@qtpetuty ur sooo prettty',Bulgaria,1306516073219411969
vesiiiiiii,"b'Crying over a guy? Nahh , pick ur head up princess. Your tiara is failing.'",Bulgaria,1306513036367273984
Popescu55985436,b'Prophecy Update End Times News Headlines  - 9/16/20 https://t.co/jUVhL6jaWs via @YouTube    Alte semne si evenimente ale Apocalipsei!',Bulgaria,1306510669395701760
fyijim,b'RT @TheVladCostea: You have $570 and want to have fun. You buy:',Bulgaria,1306497740453679104
MulberryCorfu,"b'Get lost, on Corfu https://t.co/04L6Anl7fx'",Bulgaria,1306497352451194881
TheVladCostea,"b'@Adelgary @MultiBitcoiner His hand looks pretty strong, though.'",Bulgaria,1306487922368053249
TheVladCostea,b'@HodlSovereign You must have angered the socialist elites with that video about inviting billionaires.',Bulgaria,1306483585533255680
TheVladCostea,"b""@Marcus_Browne Check out @BTCTKVR podcast. Season 4 will help you learn more about securing your coins, I've interv? https://t.co/Y3yy1ycvzT""",Bulgaria,1306478960059002880
TheVladCostea,"b'@BergmanFollower Yeah, no thanks. Went out with one, she was even acting like a boy and lacked all of that grace an? https://t.co/cUkMmvekzO'",Bulgaria,1306478451042455552
BigAssMage,b'?Ngl Id marry the guy in red.?',Bulgaria,1306474256512028678
DGo_64,"b'@GerardoLegend Theres just nothing there, maybe a year after.'",Bulgaria,1306464616730562560
TheVladCostea,"b""@zoltanb But how do I know that I'll still be alive to have the fun that I'm postponing? And even if I do, will the? https://t.co/xfIiKQ1vap""",Bulgaria,1306463832970272769
DGo_64,b'Getting old and not caring is great because I could care less about preordering a PS5 or Series X. Happy playing a Burnout game from  2008 ?',Bulgaria,1306458560382017538
skateboardraga,b'@5iberia @YouSipFakePar cum cart delish ?',Bulgaria,1306444390366404608
LaSailorGoon,b'Murder House but Coven is my favorite. https://t.co/rdyD2wEAa5',Bulgaria,1306436273859686401
TheVladCostea,b'I just had the strange realization that I pick my girlfriends according to how much I like the sound of their voice? https://t.co/FJdg0Mt9Sw',Bulgaria,1306433933266087937
TheVladCostea,"b""@TheBTCGame I'm pretty much the same. Some people call it misophonia, I call it the decency of learning how to use? https://t.co/5QyNUW7j67""",Bulgaria,1306430252151984128
TheVladCostea,"b""@TheBTCGame I'm pretty much the same. Some people call it misophonia, I call it the decency of learning how to use? https://t.co/5QyNUW7j67""",Bulgaria,1306430252151984128
DGo_64,"b""Unpopular opinion:\n\nPS5s offerings at launch are barely better than Xbox's.\n\nStandalone DLC/Remasters/Call of Duty.? https://t.co/lTY358KSrM""",Bulgaria,1306426310059798528
AnunnakiBukkake,b'@E_I_T @mshellz88 come ON!',Bulgaria,1306423764624736256
AnunnakiBukkake,b'@sarahcpr @CobraKaiSeries WATCH JU-ON ORIGINS',Bulgaria,1306420874917146625
AsuraRaver,b'RT @BigAssMage: ?Can?t have shit here.? https://t.co/DtFjGFYfXn',Bulgaria,1306415241128030210
DGo_64,"b'@JoolsWatsham It seems like the goal of S is to get them to look(not run) almost as good as X, and it seems the wiz? https://t.co/lNZZtDOwQ7'",Bulgaria,1306409962726449157
aguygoesthere,b'good morning',Bulgaria,1306409081326850048
aguygoesthere,b'cuddles',Bulgaria,1306409038989520896
w3llllllll,b'she gon? show her true colors and i?m hurting to see',Bulgaria,1306403251932274689
TheVladCostea,"b""@ConstructnRates Tell me a cool story about buying Bitcoin and holding it for multiple years and I'll tell you a be? https://t.co/TVg5dLgoO1""",Bulgaria,1306391800031084549
TheVladCostea,"b""@ConstructnRates Eh, let's not take away the joy of feeling comfortable as a normie. There's some worthy learning i? https://t.co/sEXpHZSt1t""",Bulgaria,1306389391271776259
LaSailorGoon,b'bacon avocado grilled cheese busssss ?',Bulgaria,1306389142767579136
stophkun,b'FFXVI being about how ?the legacy of the crystals has shaped our history for long enough? makes me think they watched a @ProJared video',Bulgaria,1306383851854483456
theRx_,b'RT @skateboardraga: - when halloween is 4 days away ??????????? https://t.co/eBmJCWOnxJ',Bulgaria,1306382621493006336
TheVladCostea,b'@tatianacoin @eric_lombrozo @ChancellorBrink @romanitup @countinbitcoin @ScrillaVentura @mir_btc Mine? I sure hope? https://t.co/C51SiOPYdj',Bulgaria,1306376423536558081
TheVladCostea,b'@countinbitcoin @eric_lombrozo @tatianacoin @ChancellorBrink @romanitup @ScrillaVentura @mir_btc Of course you can!',Bulgaria,1306375923462213635
skateboardraga,b'* most of the time',Bulgaria,1306361439876198409
skateboardraga,b'sometimes i feel like never drawing again :)',Bulgaria,1306361405583634432
TheVladCostea,"b""@AdventureDr I mean, I know a few video game collectors and they'd get that one in a heartbeat if they found the right deal.""",Bulgaria,1306358760571645955
w3llllllll,b'turn me to stone if I look back',Bulgaria,1306354036162080769
TheVladCostea,b'@MultiBitcoiner @udiWertheimer What if I?m ambidextrous?',Bulgaria,1306352600816799747
TheVladCostea,b'@theshivpat A new gaming console will entertain you for at least 7 years.',Bulgaria,1306348646166933505
TheVladCostea,b'@AdventureDr For real?',Bulgaria,1306348532366966785
Potatochild14,b'RT @samuslerz: FEEL HIS PASSPORT. #hlvrai https://t.co/egvhj5n2HZ',Bulgaria,1306345311087087616
TheVladCostea,b'You have $570 and want to have fun. You buy:',Bulgaria,1306334474536456201
Popescu55985436,b'The Last Generation   The Rider on the 4th Horse and Food Shortages https://t.co/O7n4FSSv8y via @YouTube',Bulgaria,1306330819338928131
EmmaNunnington,b'RT @MulberryCorfu: In other news...thrilled to receive a signed copy of #TheIsolationChronicles by @SuePrinceArtist  A beautiful book: funn?',Bulgaria,1306330074338201601
Popescu55985436,"b'ONLY BLOOD TO DRINK , I WILL MAKE ALL THE WATERS BLOOD, REPENT, REPENT, ... https://t.co/QXQQl9qp3g via @YouTube'",Bulgaria,1306328987778592769
SuePrinceArtist,b'RT @MulberryCorfu: In other news...thrilled to receive a signed copy of #TheIsolationChronicles by @SuePrinceArtist  A beautiful book: funn?',Bulgaria,1306328810544128001
LaSailorGoon,b'3 months before sex Joan ?',Bulgaria,1306327392965865472
stophkun,b'Final Fantasy XVI looks like perfection.',Bulgaria,1306326547771592704
mrasnika,b'@Abe_Angele This cheese is like a diamond - beautiful and small :)',Bulgaria,1306321988827271168
thedolphin13,"b'I know, @Tinder ! Stop pressuring me! https://t.co/PgqclNAneW'",Bulgaria,1306316124951375875
TheVladCostea,b'@capoczino Does CTDL need a soundtrack?',Bulgaria,1306304805225275394
stophkun,b'got the professor to say Persona 5 https://t.co/5tWk3o5DUL',Bulgaria,1306303104409890817
OperaComRuse,"b'300,000 a week to grow his hair https://t.co/GJUnpMjoz9'",Bulgaria,1306301361169084418
OperaComRuse,"b'RT @OperaComRuse: Should have asked head and shoulders, great player 2 years ago, but played fucking no football for 2 years https://t.co/x?'",Bulgaria,1306301174090469379
OperaComRuse,"b'Should have asked head and shoulders, great player 2 years ago, but played fucking no football for 2 years https://t.co/xslnAFYo3J'",Bulgaria,1306301047011508224
OperaComRuse,"b""Except Syria and Afghanistan, dabbling a bit in Libya and Ukraine, south America,  Africa nation's, but otherwise ok https://t.co/ex4L0swBhD""",Bulgaria,1306300102609375233
LaSailorGoon,"b""Cheat on ya bitch, I'm worth it""",Bulgaria,1306290663558975489
OperaComRuse,"b'If the SNP prosecute Murray and Masterson, then we really can be free, if they do not, and appoint Scottish lords a? https://t.co/tQuofh9EuS'",Bulgaria,1306290051098316803
OperaComRuse,b'Is there a Scottish legal system ? Why is David Murray a free man ? He swindled a billion from Gavin at the bank of? https://t.co/RwcQe8Xcnj',Bulgaria,1306282648961249281
OperaComRuse,"b""A hungry child in Glasgow does not give a fuck about what's happening in Chile https://t.co/hNxVfUeL8L""",Bulgaria,1306281524996771840
OperaComRuse,"b'I am in Ukraine, there are poor and Hungry people here also, but there should be no child or family in the UK witho? https://t.co/qvCsbjhwx6'",Bulgaria,1306280996371865601
OperaComRuse,"b'That reminds me, I am visiting Lviv this weekend https://t.co/fja4JzJeS4'",Bulgaria,1306276791657652224
OperaComRuse,b'You should also https://t.co/HA39idEV0l',Bulgaria,1306275677986000897
OperaComRuse,b'Money bought alexander de pfeffel and he wag his tail for 1 pound @BorisJohnson https://t.co/i42p0Huizj',Bulgaria,1306274474036285441
OperaComRuse,b'How scared are they ? https://t.co/6pjzx0pO28',Bulgaria,1306273582239166464
OperaComRuse,b'No he is just a lying bastard that is giving billions of tax payers money away to his friends https://t.co/XGPjBF0vkW',Bulgaria,1306272185783398400
OperaComRuse,b'And corrupted https://t.co/4toWO2E3sG',Bulgaria,1306270640580833284
LaSailorGoon,b'blessings on blessings on blessings',Bulgaria,1306264628243173383
LaSailorGoon,b'Met a lady who from Columbus and went to Eastmoor. ??? at my new auto shop!',Bulgaria,1306260118837907456
AnunnakiBukkake,b'@thealexrossart I?ve got this puzzle on my wall. Love the #1 remake!',Bulgaria,1306258326477561860
dgeorgiev_bg,"b""Here's a pic of me being scared next to Koncheto traverse, Kutelo and Vihren in the distance.\n\nIt's always `travers? https://t.co/cgvLiAYQip""",Bulgaria,1306256422762618881
LaSailorGoon,b'swear my grandma is the funniest person in the world',Bulgaria,1306255456101429248
TheVladCostea,b'Update: gonna submit the tracks so this song can make its way in a future update of the game ? https://t.co/DOaiDWHJL4',Bulgaria,1306229102408601601
BTCTKVR,"b'RT @TheVladCostea: New Song: Bitcoin Bounce\n\nWhile playing Bitcoin Bounce by @jackeveritt &amp; @thndrgames, I realized that the game still doe?'",Bulgaria,1306228263879139328
skateboardraga,b'hungry :(',Bulgaria,1306227958026317825
prestonjbyrne,"b'RT @TheVladCostea: @prestonjbyrne So they can pretend they tried, but it?s their students? fault that they couldn?t stick to the plan. \n\nIt?'",Bulgaria,1306225369222123522
TheVladCostea,"b'@prestonjbyrne So they can pretend they tried, but it?s their students? fault that they couldn?t stick to the plan.? https://t.co/XHFq5hYPdy'",Bulgaria,1306225234912202753
mistrasparta,b'RT @MulberryCorfu: Buy local. https://t.co/eqg1elYnjB',Bulgaria,1306224063942135808
Pabiato,b'@KushiMurilo genial ?',Bulgaria,1306223395168808960
MulberryCorfu,"b'@MelanieHewitt61 Yes indeed, especially drizzled over real Greek yogurt and homemade granola!'",Bulgaria,1306210879382454283
ZeynWhite,"b'@goal Honest honest, would make a good PGA player ??'",Bulgaria,1306192543139364864
geertenmaria,b'RT @MulberryCorfu: Buy local. https://t.co/eqg1elYnjB',Bulgaria,1306183243427975168
DurrellSociety,b'RT @MulberryCorfu: Buy local. https://t.co/eqg1elYnjB',Bulgaria,1306182194646470656
Lifewalker_,b'RT @keem_abdou: Frame 1 or 2?? https://t.co/wqvegcfGWt',Bulgaria,1306152753060872193
thndrgames,"b'RT @TheVladCostea: New Song: Bitcoin Bounce\n\nWhile playing Bitcoin Bounce by @jackeveritt &amp; @thndrgames, I realized that the game still doe?'",Bulgaria,1306150390665277440
jackeveritt,"b'RT @TheVladCostea: New Song: Bitcoin Bounce\n\nWhile playing Bitcoin Bounce by @jackeveritt &amp; @thndrgames, I realized that the game still doe?'",Bulgaria,1306149780817678336
JeanRoc50419959,b'RT @MulberryCorfu: Buy local. https://t.co/eqg1elYnjB',Bulgaria,1306147229133135872
bitperse,"b'RT @TheVladCostea: Hey @jack, since you allowed #AppleEvent to have a special animation, can #Bitcoin also get one?'",Bulgaria,1306139420966424578
DaenerysM,"b""@ChrisEvans With this sense of humour and ability to laugh at yourself, I like you even more, if that's at all poss? https://t.co/WEQGTCZDIn""",Bulgaria,1306139066224840705
Missinformed11,b'RT @MulberryCorfu: Buy local. https://t.co/eqg1elYnjB',Bulgaria,1306136696887676933
solecitonay,b'RT @MulberryCorfu: Buy local. https://t.co/eqg1elYnjB',Bulgaria,1306136030148427776
MulberryCorfu,b'Buy local. https://t.co/eqg1elYnjB',Bulgaria,1306135874963468290
TirNaIomramh,"b""RT @DracTweets: What's a vampire's favorite beer?\nBlood Light.\n#VampireHumor""",Bulgaria,1306128075386650625
TheVladCostea,"b'If you like my music and want to support it, you can donate in the following ways:\n\nSend BTC to this address: 3ECMg? https://t.co/1i95UiWzOg'",Bulgaria,1306118323286020096
TheVladCostea,"b""If you don't know anything about Bitcoin Bounce, then you can read my review: https://t.co/4RhUdvaU1y""",Bulgaria,1306117736771223557
TheVladCostea,b'Download the song for free on Soundcloud: https://t.co/0VW4yyZ2sT',Bulgaria,1306117638049927168
TheVladCostea,"b'New Song: Bitcoin Bounce\n\nWhile playing Bitcoin Bounce by @jackeveritt &amp; @thndrgames, I realized that the game stil? https://t.co/v7kCRDGh6v'",Bulgaria,1306117523704868864
DGo_64,b'@ReinaScully Thank you.',Bulgaria,1306102219331301378
Sassy__Vampire,b'Here?s All Eyes on Me by Or3o\nhttps://t.co/Vxa9zNm1VC\n\n#AdriansPlaylist',Bulgaria,1306101545512116224
AnunnakiBukkake,b'@RiffTrax This is my ugly cat Bugly. We were trying to recreate a Kahlo piece for my son?s 4th grade art project. https://t.co/h6VOIrUHAE',Bulgaria,1306095001017999362
LaSailorGoon,b'King https://t.co/bAsv7340oj',Bulgaria,1306074188478926848
LaSailorGoon,b'damn clippers ?',Bulgaria,1306073964742144006
DGo_64,b'@ChrisRGun Get you some La Coste?a thats the real stuff.',Bulgaria,1306073150153728005
