user,text,country,id
ziyadalbakri1,b'it?s too dark here',Saudi Arabia,1306715649415225345
sunborn_,b'these devils are trying to hang on to what little they got by all means',Saudi Arabia,1306715614258569223
sunborn_,"b""@Yamiche These people stunk up the planet and now there trying to teach our children that they're good people? Gtfoh!""",Saudi Arabia,1306714765537017858
iALG122,b'@_WX0YZ Mood : https://t.co/c28kNrwdbH',Saudi Arabia,1306714333183959040
angellljana,b'Good night baby?s????',Saudi Arabia,1306714315987324940
Sayed_ayman21,b'@92llq Home',Saudi Arabia,1306713851472285696
sunborn_,"b'@BlackVoice4u Bro, this is a new world. \nA world where everything that is right, is wrong and everything that is wrong is right.'",Saudi Arabia,1306713222028894208
za_1419z,b'I am lucky?????????. https://t.co/5ARop2CNsF',Saudi Arabia,1306712980210569216
4xcil1,b'@i7_rl Happy birthday reema?????',Saudi Arabia,1306712736513118209
mubex20,"b'RT @Aynan_Abdul: Be The same \nPrivately, Publically, and Personally?'",Saudi Arabia,1306712524570664961
khaleefson5,"b'RT @Aynan_Abdul: Be The same \nPrivately, Publically, and Personally?'",Saudi Arabia,1306712492366868481
AbuMohammad1406,"b""@BlacKapital @TIinExile ?? WARNING :\n\n? If you want me to find you stuff from the #Bible,\nthen don't forget that 2? https://t.co/F0W6hABHfo""",Saudi Arabia,1306711845005385728
7quli,"b'sometimes you just gotta stay quiet, no matter how you feel.'",Saudi Arabia,1306711744522448899
mnvrn_,b'Best day ever with my lovely friends????????????????????????18/SEP',Saudi Arabia,1306711681389727748
iamferaskhalifa,b'Tell me pretty lies',Saudi Arabia,1306711568554627074
vilaandrealili1,b'RT @MrWaqasAkram: I will keep you safe within the chambers of my heart together you (Tayyaba Waqas) &amp; me writhing an unforgettable love sto?',Saudi Arabia,1306709860403290114
lyoshx1,b'@xMoonoloo24x THIS IS MY GURLLL????????',Saudi Arabia,1306709771429515270
l_Lola_7,b'We all gonna die anyway https://t.co/2iQxS8WpPa',Saudi Arabia,1306709757047328769
lyoshx1,b'@ImaneDounia1 Aww i am fine sweetie:(( i am so happy that you are back again:((((\n i even screamed when i saw ur tt:((( love u',Saudi Arabia,1306709023752941569
exaza12,b'@jliijl4 Same wallah',Saudi Arabia,1306708794823540738
FASTUDIOS2,"b'RT @Aynan_Abdul: Be The same \nPrivately, Publically, and Personally?'",Saudi Arabia,1306708526778155008
MyoOoMH1,b'Manner in Islam is selflessness. It means to love for others what you love for yourself and considering their happi? https://t.co/QelDTJgPk6',Saudi Arabia,1306708272909635586
ldd2407,b'RT @MrWaqasAkram: Happy birthday! I hope all your birthday wishes and dreams come true.??\n#HBD_Ashoo \n#????_????? \n@YSA__O https://t.co/Y77?',Saudi Arabia,1306708184883761152
ldd2407,b'RT @MrWaqasAkram: May the joy that you have spread in the past come back to you on this day. Wishing you a very happy birthday??\n#HBD_Ashoo?',Saudi Arabia,1306708171751337986
ldd2407,"b'RT @MrWaqasAkram: As I sing happy birthday to you, it is you that puts the song in my heart and the music in my life. Happy Birthday my Beu?'",Saudi Arabia,1306708159034265606
ldd2407,b'RT @MrWaqasAkram: Blow your candles out and make a beautiful wish. I  will do everything to make your birthday wishes come true. Happy Birt?',Saudi Arabia,1306708143146229763
ldd2407,b'RT @MrWaqasAkram: I will keep you safe within the chambers of my heart together you (Tayyaba Waqas) &amp; me writhing an unforgettable love sto?',Saudi Arabia,1306708120635346944
joy3wm,b'Why would you',Saudi Arabia,1306707670179684359
TBGTNT,b'RT @MrWaqasAkram: I will keep you safe within the chambers of my heart together you (Tayyaba Waqas) &amp; me writhing an unforgettable love sto?',Saudi Arabia,1306707330629857280
TBGTNT,b'RT @MrWaqasAkram: Blow your candles out and make a beautiful wish. I  will do everything to make your birthday wishes come true. Happy Birt?',Saudi Arabia,1306707274518466562
TBGTNT,"b'RT @MrWaqasAkram: As I sing happy birthday to you, it is you that puts the song in my heart and the music in my life. Happy Birthday my Beu?'",Saudi Arabia,1306707252271894528
TBGTNT,b'RT @MrWaqasAkram: May the joy that you have spread in the past come back to you on this day. Wishing you a very happy birthday??\n#HBD_Ashoo?',Saudi Arabia,1306707229874311170
sunborn_,b'@acheatingvegan Stop it!! ?',Saudi Arabia,1306706890714427400
sunborn_,b'@BlackVoice4u White is recessive Black is dominant. \nWe all got a little of this and that in our DNA but black overrides all of it ? ?',Saudi Arabia,1306706731301588992
lyoshx1,b'@ImaneDounia1 How are u?????',Saudi Arabia,1306706335451447299
ihadmo,b'Happy day. Happy mood https://t.co/b0Ad3l13vg',Saudi Arabia,1306706304224952323
lyoshx1,b'@sugareymir I don?t understand very well too?',Saudi Arabia,1306706252974755840
Yildiz881,b'Ain?t nobody gon love you like I love you',Saudi Arabia,1306706081658400768
xxwm15,"b'@On_Your_Knees_1 @PlayingDevilish @Daydreamer8991 @Sucesspictures @Darksidevid So after all these facts,\nI wonder w? https://t.co/vOWlKXprdK'",Saudi Arabia,1306705725972979712
rahafalharbii9,"b'""When the hour and minute hand align, the world holds its breath for second at zero O\'clock""\n- 00:24'",Saudi Arabia,1306705661640822787
SilvasRandy,b'RT @sunborn_: Peace to all the righteous people of the earth ?.',Saudi Arabia,1306704813313404931
Adofstone,b'RT @adeezaman: Thank You For Your Brave And Fearless Leadership. I Hope That You Have A Day of Joy And Rest On Your Birthday.\n@AltafHussain?',Saudi Arabia,1306704299213426693
osmvh,b'G O O D    N I G H T ??? https://t.co/G1ZCyz4qij',Saudi Arabia,1306704257991704577
_fab99,"b""How to describe something that doesn't exist????? https://t.co/p7Og3SuQAX""",Saudi Arabia,1306703955397935104
drugfulv,"b'Take the worst situation, make a worse situation.'",Saudi Arabia,1306703788279988225
revali__,"b'RT @B2Hz2: @revali__ We are born of the cringe.  \nMade men by the cringe.  \nUndone by the cringe. \nFear, the old cringe. https://t.co/cuCik?'",Saudi Arabia,1306703523111895044
i3xull,b'@7uiiic_ Happy birthday my best???',Saudi Arabia,1306703157955887105
lyoshx1,b'@AslanbeyAzize We waiting for you???',Saudi Arabia,1306703136254504961
ayman_M74,"b""I'm at Joppie fries in Medina, Al Madinah https://t.co/S7HeapkrhB""",Saudi Arabia,1306703005123842048
lyoshx1,b'@ImaneDounia1 shhheeee iiiisssss bbbaaaaaccckkkkkkkk??????????????????',Saudi Arabia,1306702979081416707
_xoNinaox_,b'@nolan_north @retroreplayshow Are you gonna play uncharted 4?',Saudi Arabia,1306702885971988492
B2Hz2,"b'@revali__ We are born of the cringe.  \nMade men by the cringe.  \nUndone by the cringe. \nFear, the old cringe. https://t.co/cuCikmTCKA'",Saudi Arabia,1306702830556897287
S0na7_,b'Happy birthday love of my life?...@russturkstany',Saudi Arabia,1306702483448893443
khunbi_,"b'RT @Aynan_Abdul: Be The same \nPrivately, Publically, and Personally?'",Saudi Arabia,1306702480915533825
FlawlessDel,b'@MKPCTV Happy birthday muhammad ?',Saudi Arabia,1306701626292436992
q6wti,b'@wiliqx Happy birthday.',Saudi Arabia,1306701616712687617
khalilbuhari_kb,"b'RT @Aynan_Abdul: Be The same \nPrivately, Publically, and Personally?'",Saudi Arabia,1306701213841358848
B2Hz2,b'@_94iu_ visceral attack go fwoosh ?',Saudi Arabia,1306701091657089024
sm780_,b'@vll7a Happy birthday ???',Saudi Arabia,1306700986023542784
NawaraHabash,b'Real love Real life',Saudi Arabia,1306700748152025092
DKimbrough13,b'@lindyli The best in awhile. Social Media is undefeated.',Saudi Arabia,1306700662760189953
zahrah_sindi,b'Bad luck ??? https://t.co/KWRNi6BksY',Saudi Arabia,1306699958578483202
Husam_40,b'@vxzk91 I miss you too ?',Saudi Arabia,1306699913301032960
i7_rl,b'It?s my hijri birthday???',Saudi Arabia,1306699694186393600
rrubax,b'When we first met I honestly had no idea you would be so important to me',Saudi Arabia,1306699538883903494
iAMTHEViXEN,b'RT @sunborn_: @iAMTHEViXEN It takes a certain kind of mind to understand.',Saudi Arabia,1306699143616888833
itezuz,b'@ans_507 @raief10 ? ?????? ??? ??? ????????? ??',Saudi Arabia,1306698925034876929
FaizahIbrahimMu,"b'RT @Aynan_Abdul: Be The same \nPrivately, Publically, and Personally?'",Saudi Arabia,1306697945895579648
el_uthmaan,"b'RT @Aynan_Abdul: Be The same \nPrivately, Publically, and Personally?'",Saudi Arabia,1306697826068508672
saherhassan,b'RT @batto_336: iPhone 6??? #???????_?????? https://t.co/fge2cdRvOg',Saudi Arabia,1306697454281252865
iuodx_,"b""- I will always love you, and I remind you and tell everyone that you're the most beautiful coincidence work??. https://t.co/B699skVqUC""",Saudi Arabia,1306696403385712640
ram_n3,b'@f6umx1 ram_n3',Saudi Arabia,1306696378358345731
AdinaRatoti,"b'RT @MrWaqasAkram: As I sing happy birthday to you, it is you that puts the song in my heart and the music in my life. Happy Birthday my Beu?'",Saudi Arabia,1306696376525500417
B2Hz2,b'@ArisTrophy I don?t get it but it looks wise https://t.co/2QOYTReMMz',Saudi Arabia,1306696035675365381
migoabdo3,b'RT @hossam_mohammad: The professor ??????\n\n#??????_????_??????? https://t.co/kx4HrSW1Wu',Saudi Arabia,1306695834432610307
therealhayatu,"b'RT @Aynan_Abdul: Be The same \nPrivately, Publically, and Personally?'",Saudi Arabia,1306695705457766401
IYahya_8,b'i hate overthinking and over feeling.',Saudi Arabia,1306695636067155973
maimun_aa,"b'RT @Aynan_Abdul: Be The same \nPrivately, Publically, and Personally?'",Saudi Arabia,1306695476692090881
emdeeeez,b'RT @alameen1413: Palestine is my case\n\n#??????_????? https://t.co/xJviM8alei',Saudi Arabia,1306695465111638017
refalmufti1,b'@samarqandiA My queeeeen ?????? https://t.co/InWlYhtgxB',Saudi Arabia,1306695441745170432
fatimaco_,b'Everyone liking this loves me',Saudi Arabia,1306695123040956416
IAMJamena,b'RT @sunborn_: @IAMJamena Lineage of beauty!',Saudi Arabia,1306694684400594946
Yassermit1,"b""I'm at 18 Gram in Medina, Al Madinah https://t.co/8sM2NnTYyo""",Saudi Arabia,1306694173484109825
subsmsjej,b'@rr_vxv @Arabic_Erotica Like',Saudi Arabia,1306694124733636608
Ameenullah__,"b'RT @Aynan_Abdul: Be The same \nPrivately, Publically, and Personally?'",Saudi Arabia,1306693436217663490
17_aaam,"b'Surely to your Lord is your return. [ Al-Alaq,8 ] https://t.co/WyWnlOo9ml'",Saudi Arabia,1306693316285730816
subsmsjej,b'@Queens_Anna_Mia Embrace = because we enjoy it and love it \n..... if we didn?t enjoyed it  or loved what the point? https://t.co/oZXQEThTqe',Saudi Arabia,1306693150942126080
indoinsa,b'@eh_cmoi @aishegul neyse',Saudi Arabia,1306692995912290304
_muhdsagir,"b'RT @Aynan_Abdul: Be The same \nPrivately, Publically, and Personally?'",Saudi Arabia,1306692972285693952
indoinsa,b'@aishegul @eh_cmoi amin ?',Saudi Arabia,1306692933870145537
Hustleuthman,"b'RT @Aynan_Abdul: Be The same \nPrivately, Publically, and Personally?'",Saudi Arabia,1306692915746557960
Famous_Anfield,"b'RT @Aynan_Abdul: Be The same \nPrivately, Publically, and Personally?'",Saudi Arabia,1306692616034152448
__Chindo,"b'RT @Aynan_Abdul: Be The same \nPrivately, Publically, and Personally?'",Saudi Arabia,1306692527949582338
ThisIsMrEvans,"b'RT @Aynan_Abdul: Be The same \nPrivately, Publically, and Personally?'",Saudi Arabia,1306692511210049537
Auwerlmusa,"b'RT @Aynan_Abdul: Be The same \nPrivately, Publically, and Personally?'",Saudi Arabia,1306692437780451329
thetoluoflagos,"b'RT @Aynan_Abdul: Be The same \nPrivately, Publically, and Personally?'",Saudi Arabia,1306692408827088897
Alcheemist_,"b'RT @Aynan_Abdul: Be The same \nPrivately, Publically, and Personally?'",Saudi Arabia,1306692343723184128
AuwwerlS,"b'RT @Aynan_Abdul: Be The same \nPrivately, Publically, and Personally?'",Saudi Arabia,1306692299301310464
___yummii,"b'RT @Aynan_Abdul: Be The same \nPrivately, Publically, and Personally?'",Saudi Arabia,1306692270377271297
___yummii,"b'RT @Aynan_Abdul: Be The same \nPrivately, Publically, and Personally?'",Saudi Arabia,1306692270377271297
hauwa_farouk,"b'RT @Aynan_Abdul: Be The same \nPrivately, Publically, and Personally?'",Saudi Arabia,1306692242741112833
Uncle_savage00,"b'RT @Aynan_Abdul: Be The same \nPrivately, Publically, and Personally?'",Saudi Arabia,1306692210755239937
jamo_bello,"b'RT @Aynan_Abdul: Be The same \nPrivately, Publically, and Personally?'",Saudi Arabia,1306692195592867845
Princemudi_,"b'RT @Aynan_Abdul: Be The same \nPrivately, Publically, and Personally?'",Saudi Arabia,1306692187464388609
mareeyerhh,"b'RT @Aynan_Abdul: Be The same \nPrivately, Publically, and Personally?'",Saudi Arabia,1306692166710947840
Hauwa_hl,"b'RT @Aynan_Abdul: Be The same \nPrivately, Publically, and Personally?'",Saudi Arabia,1306691835885223936
zainab_alkalee,"b'RT @Aynan_Abdul: Be The same \nPrivately, Publically, and Personally?'",Saudi Arabia,1306691483022569472
Mr__Kaaleeem,"b'RT @Aynan_Abdul: Be The same \nPrivately, Publically, and Personally?'",Saudi Arabia,1306691392606003200
IAMJamena,b'RT @sunborn_: @IAMJamena Thank you for sharing generations beauty!',Saudi Arabia,1306691381214224400
IAMJamena,b'RT @sunborn_: @IAMJamena Beautiful indeed!',Saudi Arabia,1306691275081555970
subsmsjej,b'@Queens_Anna_Mia Embrace it when we serving females  \nand with no risk of exposure  ...\nAnd if you mentioned servin? https://t.co/fC6E2Ppwcw',Saudi Arabia,1306691257784246274
Farisjoh,b'7 years of failure after failure with their ?clear headed? approach and they call the people who love the club hyst? https://t.co/xLE35MucZG',Saudi Arabia,1306690236357976072
AABako3,"b'RT @Aynan_Abdul: Be The same \nPrivately, Publically, and Personally?'",Saudi Arabia,1306690048235053064
KolawoleAzeez06,"b""RT @Aynan_Abdul: I'm online for no reason.\n\nAnd you?""",Saudi Arabia,1306690045840162818
Kim__Leee,"b'RT @Aynan_Abdul: Be The same \nPrivately, Publically, and Personally?'",Saudi Arabia,1306689676254814214
___Muhd,"b'RT @Aynan_Abdul: Be The same \nPrivately, Publically, and Personally?'",Saudi Arabia,1306689672203116549
Mayyrrooo,"b'RT @Aynan_Abdul: Be The same \nPrivately, Publically, and Personally?'",Saudi Arabia,1306689595795480579
Zara_beeruwa,"b'RT @Aynan_Abdul: Be The same \nPrivately, Publically, and Personally?'",Saudi Arabia,1306689534583808005
ralakalar,b'RT @lyoshx1: I am so excited when she know him:(but who is the first one ? ?',Saudi Arabia,1306689529449979908
khairahssn,"b'RT @Aynan_Abdul: Be The same \nPrivately, Publically, and Personally?'",Saudi Arabia,1306689464174026765
mubaraksumar02,"b'RT @Aynan_Abdul: Be The same \nPrivately, Publically, and Personally?'",Saudi Arabia,1306689348893577217
Harunzaynerb,"b'RT @Aynan_Abdul: Be The same \nPrivately, Publically, and Personally?'",Saudi Arabia,1306689303536377862
SalihuSameer,"b'RT @Aynan_Abdul: Be The same \nPrivately, Publically, and Personally?'",Saudi Arabia,1306689273874259968
manuelkaay,"b'RT @Aynan_Abdul: Be The same \nPrivately, Publically, and Personally?'",Saudi Arabia,1306689172053336065
_YusufMS,"b'RT @Aynan_Abdul: Be The same \nPrivately, Publically, and Personally?'",Saudi Arabia,1306689164142878733
mqrck__ugs,"b'RT @Aynan_Abdul: Be The same \nPrivately, Publically, and Personally?'",Saudi Arabia,1306689162855231488
AbdulkadirA18,"b'RT @Aynan_Abdul: Be The same \nPrivately, Publically, and Personally?'",Saudi Arabia,1306689126486417419
Berberngeeder,"b'RT @Aynan_Abdul: Be The same \nPrivately, Publically, and Personally?'",Saudi Arabia,1306689085877243904
bappaalmu,"b'RT @Aynan_Abdul: Be The same \nPrivately, Publically, and Personally?'",Saudi Arabia,1306689064809177105
_Sumiey,"b'RT @Aynan_Abdul: Be The same \nPrivately, Publically, and Personally?'",Saudi Arabia,1306689060254220289
AB15_S,b'Nobody thinks what I think?',Saudi Arabia,1306689028356481033
nerhnerhmaryam,"b'RT @Aynan_Abdul: Be The same \nPrivately, Publically, and Personally?'",Saudi Arabia,1306689022258016257
finamukoda17,"b'RT @Aynan_Abdul: Be The same \nPrivately, Publically, and Personally?'",Saudi Arabia,1306688994571362317
Gawu_M,"b'RT @Aynan_Abdul: Be The same \nPrivately, Publically, and Personally?'",Saudi Arabia,1306688959796391937
asmau____,"b'RT @Aynan_Abdul: Be The same \nPrivately, Publically, and Personally?'",Saudi Arabia,1306688914577657857
Aisami_,"b'RT @Aynan_Abdul: Be The same \nPrivately, Publically, and Personally?'",Saudi Arabia,1306688894801453074
AysherMahmud1,"b'RT @Aynan_Abdul: Be The same \nPrivately, Publically, and Personally?'",Saudi Arabia,1306688872961789953
Attuh_,"b'RT @Aynan_Abdul: Be The same \nPrivately, Publically, and Personally?'",Saudi Arabia,1306688867047796737
M1OKE,"b'@thawadiz i want aan ipad for my BD too , dont forget that xD'",Saudi Arabia,1306688733106839559
lifeisajokx,b'RT @sunborn_: Peace to all the righteous people of the earth ?.',Saudi Arabia,1306688698856210433
HanaifTurki,"b'@Ghada_g1996 Thanks my sweetheart , I love u to ???'",Saudi Arabia,1306688622809227276
elzamalkawymo,b'RT @hossam_mohammad: The professor ??????\n\n#??????_????_??????? https://t.co/kx4HrSW1Wu',Saudi Arabia,1306687235547369477
lilhatoon,b'@lulu5ii Damnnnn?????',Saudi Arabia,1306687230891765762
eebraahima,"b'RT @Aynan_Abdul: Be The same \nPrivately, Publically, and Personally?'",Saudi Arabia,1306687174864244736
rxxav,b'love ?? 11:10 https://t.co/dQDzuZJ3fo',Saudi Arabia,1306687047084711951
i_shahadms,b'Trueee ?? https://t.co/MkhwLqRvSy',Saudi Arabia,1306686913408118790
subsmsjej,b'@Queens_Anna_Mia I think the result well be different if u specified BF and men',Saudi Arabia,1306685843784990728
sunborn_,b'@momacrosby Beautiful name!!',Saudi Arabia,1306685173988294657
lyoshx1,b'I am so excited when she know him:(but who is the first one ? ? https://t.co/h7N2QnAULQ',Saudi Arabia,1306685016907354112
sunborn_,b'@momacrosby My bad. ?',Saudi Arabia,1306684737038290944
xxwm15,"b""@ghadaoueiss @globalfreemedia Please don't play the victim""",Saudi Arabia,1306684735519940608
ThabitMuhammad,"b'RT @Aynan_Abdul: Be The same \nPrivately, Publically, and Personally?'",Saudi Arabia,1306684336276676615
1574Tarek,b'RT @hossam_mohammad: The professor ??????\n\n#??????_????_??????? https://t.co/kx4HrSW1Wu',Saudi Arabia,1306684309366022144
AbuMohammad1406,"b'@BlacKapital @TIinExile ?? Are u tryina say that #Jesus used to command mankind with barbaric laws during the ""Old? https://t.co/cxuBXHFPRH'",Saudi Arabia,1306684171331530753
MssDanfulani,"b'RT @Aynan_Abdul: Be The same \nPrivately, Publically, and Personally?'",Saudi Arabia,1306683689238233092
__mohammad____,"b'RT @Aynan_Abdul: Be The same \nPrivately, Publically, and Personally?'",Saudi Arabia,1306683514327269383
Ahmad54283788,b'RT @hossam_mohammad: The professor ??????\n\n#??????_????_??????? https://t.co/kx4HrSW1Wu',Saudi Arabia,1306683467074338816
Hkyahya_,b'Mood ?? https://t.co/EoZxj7ndCj',Saudi Arabia,1306683394588278785
telshenawy94,b'RT @hossam_mohammad: The professor ??????\n\n#??????_????_??????? https://t.co/kx4HrSW1Wu',Saudi Arabia,1306682804990771207
FahadLawal11,"b'RT @Aynan_Abdul: Be The same \nPrivately, Publically, and Personally?'",Saudi Arabia,1306681836031049729
khaled_zamalek,b'RT @hossam_mohammad: The godfather ????\n#??????_????_??????? https://t.co/ODPVdFtgNY',Saudi Arabia,1306681634993967106
1sx25,"b""i can't have a decent weekend. https://t.co/Rx6kbDGUC8""",Saudi Arabia,1306681260862042112
sunborn_,b'@momacrosby Homie gettin that cardio in!!',Saudi Arabia,1306680582630453249
Inamullah_khan7,b'@Aslam_Raza786 @SKAlimi123 @gdmisbahi @AHMADRAZAKHANM5 @RazviSadrealam @IlyasKh91795891 @HidayatQadiri? https://t.co/mqAQTrbytT',Saudi Arabia,1306680549289984001
shadeen_alali,b'I touch on you more and more every time',Saudi Arabia,1306680372206346240
llayanr,b'Mood https://t.co/TYF89MtRaM',Saudi Arabia,1306680146498326528
khaled_zamalek,b'RT @hossam_mohammad: The professor ??????\n\n#??????_????_??????? https://t.co/kx4HrSW1Wu',Saudi Arabia,1306679926729461760
rreemh4,"b""And if I could I'd get you the moon and give it to you.""",Saudi Arabia,1306678951419564034
AhmedRa97579987,b'RT @hossam_mohammad: The professor ??????\n\n#??????_????_??????? https://t.co/kx4HrSW1Wu',Saudi Arabia,1306678937813168131
AdedoyinReuben,"b'RT @Aynan_Abdul: Be The same \nPrivately, Publically, and Personally?'",Saudi Arabia,1306678471381454849
pmxerii,b'Happiness sometimes comes in the form of someone who loves you',Saudi Arabia,1306678428452769792
PrimeMeenoz,"b'RT @Aynan_Abdul: Be The same \nPrivately, Publically, and Personally?'",Saudi Arabia,1306678193433214978
_kiiarahh,"b'RT @Aynan_Abdul: Be The same \nPrivately, Publically, and Personally?'",Saudi Arabia,1306678170037497857
abdull_chikaire,"b'RT @Aynan_Abdul: Be The same \nPrivately, Publically, and Personally?'",Saudi Arabia,1306677939283668992
EssamBenBetti,b'@irlyhateithere In my culture we call her Aunt',Saudi Arabia,1306677388366020610
AbdulfatahAdnan,"b'RT @Aynan_Abdul: Be The same \nPrivately, Publically, and Personally?'",Saudi Arabia,1306677140272951296
Ibraheem_Mukt,"b'RT @Aynan_Abdul: Be The same \nPrivately, Publically, and Personally?'",Saudi Arabia,1306677120396034056
offcial_mukhtar,"b'RT @Aynan_Abdul: Be The same \nPrivately, Publically, and Personally?'",Saudi Arabia,1306677113576206336
majidhabash1,b'Mood??? https://t.co/Kotd6neF88',Saudi Arabia,1306677107989319685
AAlmohandis,"b'Outstanding tourmaline with Lepidolite from Paprok Mine, Nuristan Province, Afghanistan\nCredit: Hazrat Gems mining? https://t.co/iCur9iLWfZ'",Saudi Arabia,1306677083612024832
k00lJaay,"b'RT @Aynan_Abdul: Be The same \nPrivately, Publically, and Personally?'",Saudi Arabia,1306677025898291203
Avdoul__M,"b'RT @Aynan_Abdul: Be The same \nPrivately, Publically, and Personally?'",Saudi Arabia,1306676994030161921
mustyrahl,"b'RT @Aynan_Abdul: Be The same \nPrivately, Publically, and Personally?'",Saudi Arabia,1306676970185523202
Radalr_1,b'i wanna mute my mind.',Saudi Arabia,1306676934647189507
AzeezYolajo,"b'RT @Aynan_Abdul: Be The same \nPrivately, Publically, and Personally?'",Saudi Arabia,1306676865030148098
its_Badamasi,"b'RT @Aynan_Abdul: Be The same \nPrivately, Publically, and Personally?'",Saudi Arabia,1306676832243249161
Mistakobz,"b'RT @Aynan_Abdul: Be The same \nPrivately, Publically, and Personally?'",Saudi Arabia,1306676830657826816
manlike_moh,"b'RT @Aynan_Abdul: Be The same \nPrivately, Publically, and Personally?'",Saudi Arabia,1306676824693510144
elkareemeey,"b'RT @Aynan_Abdul: Be The same \nPrivately, Publically, and Personally?'",Saudi Arabia,1306676809409482752
3ple__a,"b'RT @Aynan_Abdul: Be The same \nPrivately, Publically, and Personally?'",Saudi Arabia,1306676770217881601
AymAbdulrahman,"b'RT @Aynan_Abdul: Be The same \nPrivately, Publically, and Personally?'",Saudi Arabia,1306676768280059904
maxajee,"b'RT @Aynan_Abdul: Be The same \nPrivately, Publically, and Personally?'",Saudi Arabia,1306676758364721152
bnyussuf,"b'RT @Aynan_Abdul: Be The same \nPrivately, Publically, and Personally?'",Saudi Arabia,1306676720355938307
muja_bosss,"b'RT @Aynan_Abdul: Be The same \nPrivately, Publically, and Personally?'",Saudi Arabia,1306676709563994118
tteri_za,"b'RT @Aynan_Abdul: Be The same \nPrivately, Publically, and Personally?'",Saudi Arabia,1306676698952409092
remzel__,"b'RT @Aynan_Abdul: Be The same \nPrivately, Publically, and Personally?'",Saudi Arabia,1306676694187679744
_bobo_yii_sha,"b'RT @Aynan_Abdul: Be The same \nPrivately, Publically, and Personally?'",Saudi Arabia,1306676688961638400
nawaf_danagege_,"b'RT @Aynan_Abdul: Be The same \nPrivately, Publically, and Personally?'",Saudi Arabia,1306676675212709888
Sir_Lehman_Atk,"b'RT @Aynan_Abdul: Be The same \nPrivately, Publically, and Personally?'",Saudi Arabia,1306676658129252353
