user,text,country,id
SesayYafino,b'@julzelba @LurkyMe2 @Charmin29607940 ENGAGED!??',Sierra Leone,1306714933007208448
SesayYafino,b'@Bamtek7 Lol what does this even mean??',Sierra Leone,1306714133379919872
PastorShodankeh,"b'.Luke 12:47. I reject the spirit of laziness and stubbornness in your life, I pray you will not go against the will? https://t.co/yD0JTJhXZh'",Sierra Leone,1306713846384660480
OBaimba,b'@dsengeh @MOBSSE_SL This is incredible.\nBest wishes to all awaiting pupils.',Sierra Leone,1306712382132097026
OBaimba,b'@YasmineSherif1 @EduCannotWait @GermanyDiplo @SigridKaag @dagiulstein @StatePRM Absolutely agreed',Sierra Leone,1306712150338154497
Lemjnr,b'Do your thang before your thang do you!!!',Sierra Leone,1306711043100508165
Eduard37858212,"b""There? no feeling like finishing a book, and I'm proud of this one. In A Promise Land, I tried to provide an honest? https://t.co/JvyK4dxUNf""",Sierra Leone,1306708304069038087
Abubaka86215577,"b""Please don't. https://t.co/MFeu0agEcy""",Sierra Leone,1306707733157208064
Harshb_31,"b'RT @India_Maharaj: Now Akali dal , I feel Next will be JDU after Elections. \n\n2 -3 years later\n\nShivsena re joining NDA  or NCP Joining NDA?'",Sierra Leone,1306707028887232512
artyobryan,b'@chaostheory281 @wishart88 @JaalaPulford The Birthday Party playing Storey Hall RMIT in mid-80s and watching wailin? https://t.co/n0SftzzMAf',Sierra Leone,1306706383048499201
SesayYafino,b'@gloomyzee @MinaBilkis be guided',Sierra Leone,1306705374377107457
SesayYafino,b'@JuehJa Not exactly',Sierra Leone,1306705108776947712
RBhat7,b'RT @India_Maharaj: Center Level Times now\nState Level Mirror Now',Sierra Leone,1306703608759549952
SesayYafino,b'@papigeneee Tf is that?',Sierra Leone,1306703196551864320
SesayYafino,b'@Miatta16 Miatta what happened towards the enddddd',Sierra Leone,1306703088431046658
zeylc,b'@Nafisa_oxo @Black_Supahero You test it and let me know. My pickiness with food won?t allow me to commit treason like that.',Sierra Leone,1306702957501702144
OliGenevie,"b""Come join my Squad, Let us face off against the world's best MOBA players together!\nhttps://t.co/v1xTvgGlgo https://t.co/hDG9VSwFsb""",Sierra Leone,1306702849590661120
OliGenevie,"b""Come join my Squad, Let us face off against the world's best MOBA players together!\nhttps://t.co/v1xTvgGlgo https://t.co/TeVff2QWGA""",Sierra Leone,1306702755067842561
namny__,b'my boi &amp; my gorl https://t.co/nJbyfX8ske',Sierra Leone,1306700600902471680
SesayYafino,b'Go wash your damn hands before touching my coochie you detty pig?',Sierra Leone,1306699991285669888
SesayYafino,b'@baiibureh You want to attract curses dont you?',Sierra Leone,1306699071655157760
akotosinatoymo,b'Always hays ??',Sierra Leone,1306698499405144065
id_mayorh,b'@EdetOmonigho @goal Follow Back?',Sierra Leone,1306697627124355072
zeylc,b'@Nafisa_oxo You?re right. They?re making sour and fufu for me tomorrow ???',Sierra Leone,1306697558534881284
zeylc,b'@Nafisa_oxo See how @Black_Supahero has scrambled my brain. I really thought this said cassava leaves and pasta ????',Sierra Leone,1306697427022491649
id_mayorh,"b""@OlufemiEnoch @PeewitPro @FunmiKolz You've seen the light!""",Sierra Leone,1306696442581483520
id_mayorh,b'@Wizebaba Which kain tin be dat?! ?',Sierra Leone,1306695936446472193
id_mayorh,b'@meeezzzyy Add me in your prayers',Sierra Leone,1306695814060834826
still__lone,b'@Miatta16 But someone just gave me a meaning for my name and I really fuck with it\nIt?s from google tho I think',Sierra Leone,1306695172147810304
OtunbaAdejnr,b'RT @TAssorted: My will God judge @ManUtd board\n#EdWoodwardOut #GlazersOut \n\nAwon olofo adojutini gbogbo',Sierra Leone,1306692691401596931
SesayYafino,b'@badghalsharz Baby isssh ?',Sierra Leone,1306692258780139522
inTEMIdate,b'@BintuMansaray9 Real wild play wallet dat ?',Sierra Leone,1306692089309212672
still__lone,b'@Marco_Krm @ManUnitedZone_ @garbosj @TransferPodcast Den nr get wan shame???',Sierra Leone,1306691876716793856
zeylc,b'Ok I?m going to the supermarket tomorrow',Sierra Leone,1306691270795038720
zeylc,b'Alfredo is disgusting.\n\nThere?s also a tendency to overcook the pasta as well?',Sierra Leone,1306689173760479233
zeylc,b'This might be the longest I?ve gone without pasta ???.\n\n(I don?t like how they make it here x)',Sierra Leone,1306688987629789202
issahousewive,b'RT @issahousewive: i love when people compliment my taste in music ???',Sierra Leone,1306688816867090449
issahousewive,b'RT @issahousewive: i wake up in different cities ??????',Sierra Leone,1306688724747591697
SesayYafino,b'@Augu1117 Drop link',Sierra Leone,1306688240477446145
ramenfxxk,b'@mejiguki mmmmmhhhhh baby',Sierra Leone,1306687778441162752
caramelpadilla,b'RT @thatsbamby: g00dnight pipol',Sierra Leone,1306685300505100289
Sadashivapethee,"b'RT @India_Maharaj: Now Akali dal , I feel Next will be JDU after Elections. \n\n2 -3 years later\n\nShivsena re joining NDA  or NCP Joining NDA?'",Sierra Leone,1306684402605326336
cska757,b'Gee blow blow bo https://t.co/okO6zsOmBB',Sierra Leone,1306682794958114816
cska757,b'We way short na we sorry ???? https://t.co/ADLw16h7T8',Sierra Leone,1306682575235227649
still__lone,b'@bassieran @AlghaliAliyu Amazing ?\nI like',Sierra Leone,1306682404724121601
Risto_cratic,b'@FabulouxxC Thnx ?',Sierra Leone,1306680422198321157
Risto_cratic,b'@YuletideD Thnx boo?',Sierra Leone,1306680375222177792
still__lone,b'@bassieran Well not exactly\nMy name is derived my ?Aliyu? according to my old man\nSo if Aliyu get meaning then that?s the closest',Sierra Leone,1306678992007766016
dewale23,b'RT @TAssorted: My will God judge @ManUtd board\n#EdWoodwardOut #GlazersOut \n\nAwon olofo adojutini gbogbo',Sierra Leone,1306678132339101699
erinleithx,b'@psythoticc Stop it I?d miss u',Sierra Leone,1306677735339823105
biggy_orobo,b'RT @TAssorted: My will God judge @ManUtd board\n#EdWoodwardOut #GlazersOut \n\nAwon olofo adojutini gbogbo',Sierra Leone,1306677674425937923
Risto_cratic,"b""It's the skin for me? https://t.co/TBAoF9tFv1""",Sierra Leone,1306677076867649539
erinleithx,b'@yaryarwinks Yours??',Sierra Leone,1306676770335272960
erinleithx,b'@AyeYuhWhat u have some explaining to do',Sierra Leone,1306676596766539776
id_mayorh,b'@adethayorr @chubiei @zataarra I think say you dey look for man wey go handle you?\n\nMachala dey for you ?',Sierra Leone,1306675936629329924
zeylc,b'The lack of planning and maintenance in this country ?',Sierra Leone,1306675475000053760
id_mayorh,"b'@austinengalwa @RichardJnr15 @holardamolar @AsiwajuLerry ""I don lie for you before??""'",Sierra Leone,1306675149119328260
dontune_,b'@badghalsharz Hell Yh! Gently ?',Sierra Leone,1306674721531080704
still__lone,b'@Kuan_Mai Naim make u dae live lek chief ehn',Sierra Leone,1306673854719447040
iamjaysroshan,b'@Jide_jhay Start KDB\nBench Thiago \nSell Kante ??????',Sierra Leone,1306673094367608832
SesayYafino,b'@MisterSampha Any kin dish',Sierra Leone,1306672453205274626
dontune_,b'@badghalsharz EDIBLE!',Sierra Leone,1306672185508007939
still__lone,b'@MisterSampha Anyway I pray we can handle it when the time comes',Sierra Leone,1306671737371799557
AlertCitizenry,b'RT @India_Maharaj: Center Level Times now\nState Level Mirror Now',Sierra Leone,1306669466525356033
shallowbliss,b'@idepoissonrouge Etsy***',Sierra Leone,1306668758757408774
EDDIE73747026,b'@natalie_19851 @VanessaEffect__ Just pulling ur legs dear',Sierra Leone,1306667758332108800
drizilik,b'SLRSA de harras driver dem for reflector but dem nor see the bridge\nThis land that we all love nor love us ???? https://t.co/Y39dmVKVab',Sierra Leone,1306664678060437505
iamjaysroshan,b'@FPLSecrets Mane',Sierra Leone,1306664486825275392
ack_feelings,b'RT @thatsbamby: g00dnight pipol',Sierra Leone,1306664185007202304
ositive,b'RT @India_Maharaj: Center Level Times now\nState Level Mirror Now https://t.co/fkT4gnRwbU',Sierra Leone,1306662603825922048
chppmnkk,b'RT @thatsbamby: g00dnight pipol',Sierra Leone,1306660716926111745
SesayYafino,b'@MinaBilkis @mkeryl Nope',Sierra Leone,1306659908192960512
SesayYafino,"b'@mkeryl Lies.  Keryl means ""I don\'t do talking stage, and leading people on is my hobby""'",Sierra Leone,1306659860885499912
cska757,b'bby dem....wetin una say?\n#SaloneTwitter https://t.co/GpNIAkx5mK',Sierra Leone,1306659679519600640
SesayYafino,"b""@Kuan_Mai I don't follow hun""",Sierra Leone,1306659114043482113
AvikMaha,"b'RT @India_Maharaj: Now Akali dal , I feel Next will be JDU after Elections. \n\n2 -3 years later\n\nShivsena re joining NDA  or NCP Joining NDA?'",Sierra Leone,1306658659372466176
SesayYafino,b'@MisterSampha Sharp guy!',Sierra Leone,1306658383756505092
iamjaysroshan,b'My team so far for Gameweek 2.\n#FPL #FPLCommunity https://t.co/UrmKNt85DA',Sierra Leone,1306658337954639872
SesayYafino,"b""No matter how short your name is, humans on crack will find a way to shorten it further. What is it with yall? \n\nI'm not on crack btw""",Sierra Leone,1306658186791981057
iamjaysroshan,b'@ifi_david Why not add KDB ?????',Sierra Leone,1306657266641375232
MarvillaThe,"b'RT @India_Maharaj: Now Akali dal , I feel Next will be JDU after Elections. \n\n2 -3 years later\n\nShivsena re joining NDA  or NCP Joining NDA?'",Sierra Leone,1306656230803304449
Joyous_Joiie,b'@BatulieWaritay Coincidence ohh?? r Dey watch d episode den r see dis ????',Sierra Leone,1306652633181171712
LakshyaAdvani,"b'RT @India_Maharaj: Now Akali dal , I feel Next will be JDU after Elections. \n\n2 -3 years later\n\nShivsena re joining NDA  or NCP Joining NDA?'",Sierra Leone,1306652464867717120
TAssorted,b'RT @TAssorted: My will God judge @ManUtd board\n#EdWoodwardOut #GlazersOut \n\nAwon olofo adojutini gbogbo',Sierra Leone,1306651932333879305
TAssorted,b'My will God judge @ManUtd board\n#EdWoodwardOut #GlazersOut \n\nAwon olofo adojutini gbogbo',Sierra Leone,1306651908317368323
fialkinikki14,b'RT @thatsbamby: g00dnight pipol',Sierra Leone,1306650160810713089
SesayYafino,"b'Anyway, you guys will sleep, wake up and go to work the next day in that traffic\n#SaloneTwitter'",Sierra Leone,1306649942379958272
limaa_zee,b'Abiodun(Yoruba) means- \n\n?Born in a festive time?\n\nWhat does you name mean? https://t.co/W17kTIgF5Z',Sierra Leone,1306648534901497856
id_mayorh,b'@thefutastudent @OfficialMrSeun You know this ?',Sierra Leone,1306648225798074369
id_mayorh,"b'@McLawvin @therealsam046 @pengmanmodel Man said ""Indomie Minutes"" https://t.co/Jejndes8yr'",Sierra Leone,1306647774155411459
ayseedurs,b'RT @thatsbamby: g00dnight pipol',Sierra Leone,1306647622073999362
JoTeegehManga,b'@BintuMansaray9 @sierraeyesalone @MEMLAW1 Old railway line too',Sierra Leone,1306647316313649154
cska757,b'There is no more noble occupation in the world than to assist another human being - to help someone succeed',Sierra Leone,1306647061643907073
id_mayorh,"b'@mhuyil @cuppymusic To make matters worse, Spurs have hijacked Reguilion, unfortunately ?'",Sierra Leone,1306646766280941570
SesayYafino,"b""@Kamanda_Koroma_ Where's this?""",Sierra Leone,1306646619828424706
SesayYafino,b'@plantainxmami He switched up asap?',Sierra Leone,1306646347982962690
SesayYafino,"b""@injiayehawah Who's Susan?""",Sierra Leone,1306646082265452544
SesayYafino,"b""@MsGreyCoker Alright dear I'll ?""",Sierra Leone,1306645937276755968
namny__,b'@_j_am ? Supporters me n u',Sierra Leone,1306645684372647937
namny__,b'@_j_am SALL ANNA',Sierra Leone,1306645143831810048
