user,text,country,id
ShirshenduRoy3,"b'@narendramodi Happy Birthday sir, may you live long and always be our PM. Wish you a very very happy Birthday sir.??'",Benin,1306412791553822722
IreneFieldsYT,b'Living https://t.co/6kIVUguDB6',Benin,1306343847870558210
bpsclown,b'@croqueta95 same',Benin,1306244547786297345
IreneFieldsYT,"b'Nada, se me ha ido el top AFK \nI love this game https://t.co/RtLNSCAhu1'",Benin,1306226418024624134
IreneFieldsYT,b'@jony1993cab Lets goooooo',Benin,1306223191073992704
NEFERTETA9,b'@dennauri_ WAKE ME UP WHEN SEPTEMBER ENDS https://t.co/wbsfXj23b8',Benin,1306218532489883648
bpsclown,b'@Yasmain_ sameeee',Benin,1306048195798200322
bpsclown,"b'@strayminhos legendary, breathtaking, extraordinary, epic, iconic https://t.co/5R85luaOWH'",Benin,1306047697162567680
NEFERTETA9,b'@hinfan Put your hands up in the airrr!!!',Benin,1306000442262990848
Sandip74015130,b'click on the link to view my channel on youtube!! https://t.co/WB9eatm7EH #Caricaturist #Sketches #TerryArtService? https://t.co/Jtt9B2ZEzL',Benin,1305937092120281088
bpsclown,b'stream folklore https://t.co/N9yZYflBro https://t.co/jX7QOXEZo4 https://t.co/c0WEOQljYH',Benin,1305876299181895681
RajRoy60310283,"b""@nusratchirps Mam ata Facebook a post korun apnar hatter's dar mukha jobab din..love you mam big fan of you and I a? https://t.co/hyvXOphJQ7""",Benin,1305771801616805888
RajRoy60310283,b'@nusratchirps I am proud of you mam  because I am your fan?',Benin,1305769958404751362
RajRoy60310283,b'@nusratchirps Love you mam??????',Benin,1305769745808011264
TeguHassanJ,b'On another note........?? @ Another Cloud https://t.co/2dgtrZqeKf',Benin,1305317329027424256
angysubmissive,b'Just a reminder that i have this song tattooed on my arm and I couldn?t be happier about it https://t.co/2TgjeFYe6X',Benin,1305242286796791809
angysubmissive,b'I wanna DUET W THEM',Benin,1305233291805687812
angysubmissive,b'I have a thing to doing background voices for the rap line',Benin,1305233246507225089
angysubmissive,b'FACTS https://t.co/hPgFTl7dJn',Benin,1305231903403003905
angysubmissive,b'UP IN THE CLUBS W MY HOMIES TRYNA HET A LIL V I \nKEEP IT DOWN ON THE LOWKEY',Benin,1305231340699291653
IreneFieldsYT,b'He ganao',Benin,1305211290072350722
dreamofjoonie,b'RT @angysubmissive: NO DISRESPECT FOR STARFISH BUT IF U WANT A FISH BE SELFISH',Benin,1305196290406481920
angysubmissive,b'NO DISRESPECT FOR STARFISH BUT IF U WANT A FISH BE SELFISH',Benin,1305195373921742848
angysubmissive,b'Tsiffie?? attention please \nBarkbark',Benin,1305192812653285381
tatelshara_,b'that?s mah baby?? https://t.co/mPDvXEB8Ip',Benin,1305192488693460992
angysubmissive,b'@ekoloko come back to Israel',Benin,1305190362269593602
angysubmissive,b'@tmoodforeva What am i to u',Benin,1305188864873697281
angysubmissive,b'@yeahitsbitten @haveasipbabe I SCREAMS CAUSE THIS IS MY BABY PUPPY IM BARKS BARKS RWASSE',Benin,1305183472886177798
angysubmissive,b'@yeahitsbitten Who dis',Benin,1305183150860120064
uwuyooni,b'RT @angysubmissive: This AU @uwuyooni of namgi https://t.co/s65lJ80z7W',Benin,1305178911974871043
angysubmissive,b'@yeahitsbitten Im such a simp for u its concerning',Benin,1305177697333768195
angysubmissive,b'@ALTRUISTlCVIO that?s on jumping on his cock after 3 seconds of knowing him',Benin,1305173838888611841
angysubmissive,"b'And for u sis, his sweet kisses were sweet because his mouth still tasted like my coochie.'",Benin,1305173207452979200
angysubmissive,b'This AU @uwuyooni of namgi https://t.co/s65lJ80z7W',Benin,1305154605228216320
angysubmissive,"b'Namjoon said huge arms and huge tiddies fellas, dude gotta wear a bra since he is THE BIGGEST BIG TIDDIE ANIME GIRL? https://t.co/a9QpU5vnRO'",Benin,1305148717847269376
angysubmissive,"b'@btstwerks @dreamofjoonie On that, namjoon deserves better.'",Benin,1305148263889137664
angysubmissive,b'@btstwerks @dreamofjoonie Honestly some armys litearly disrespect namjoon so much if it doesn?t have anything to do? https://t.co/2uAWbKTsFa',Benin,1305148202585391104
angysubmissive,b'Also the stuff our governments are doing DOESNT relate to the people living at both sided and y?all should fucking? https://t.co/kM2s33igYh',Benin,1305147752121274368
angysubmissive,b'Being antizionist and being antisemitism IS the same thing cause being an antizionist is ignoring the pain the jews? https://t.co/nkmA5StCOJ',Benin,1305147082366423047
angysubmissive,"b'@DRACOSHABlT thats why im leaving sis, you are the age of my mf little sister thinking u can actually talk shit abo? https://t.co/j8DYw84enh'",Benin,1305145058061152256
angysubmissive,"b'@DRACOSHABlT ofc you are, this is why u post such things, grow up and then we will discuss'",Benin,1305144188946837504
angysubmissive,b'@DRACOSHABlT And thats on being a jobless bitch.',Benin,1305143478041677824
angysubmissive,b'Only the avatar?? https://t.co/lCBDRcTLAF',Benin,1305131287305433088
angysubmissive,b'And betting on my actions when im just fucking tryna discover stuff about myself and saying that you know me better? https://t.co/SFvzbe9TpI',Benin,1305119873916375042
angysubmissive,b'You dont have any control on me start admitting it? i have fucking alot of flaws but the things i do are MY choice? https://t.co/EY7YG4xyQ4',Benin,1305119534685335552
angysubmissive,b'Honestly my friends always makes me feel so dumb and i wonder if in whatever group i will be in it will EVER change.',Benin,1305119043553296386
angysubmissive,b'@jewsmatter Im a simp',Benin,1305076837224251393
angysubmissive,b'OMG ME ME ME ME https://t.co/UCtXiu4EM6',Benin,1304946554009194497
_KarlieA,"b'RT @jveelasquez: One year later...\n\nTruly blessed to be with someone as loving, encouraging, and honest.\n \nits pretty neat https://t.co/2SD?'",Benin,1304938698367172608
kibmooo,"b'RT @jveelasquez: One year later...\n\nTruly blessed to be with someone as loving, encouraging, and honest.\n \nits pretty neat https://t.co/2SD?'",Benin,1304906026538463233
angysubmissive,b'@jewsmatter He is a mf hot dude',Benin,1304892154234494976
angysubmissive,b'Deadass icon https://t.co/5nhjkcAZvQ',Benin,1304861033845133314
angysubmissive,b'@yeahitsbitten your cute friend did not me?????',Benin,1304858658191421440
angysubmissive,b'Wow if this aint me https://t.co/QOW64ZUDoF',Benin,1304856179663921152
angysubmissive,b'OKAY PERFECT https://t.co/4q27SCcQ26',Benin,1304855874826113025
macyjean_,"b'RT @jveelasquez: One year later...\n\nTruly blessed to be with someone as loving, encouraging, and honest.\n \nits pretty neat https://t.co/2SD?'",Benin,1304837344307097603
angysubmissive,b'Im not a simp i only punch his ass',Benin,1304829606604701697
angysubmissive,b'Yall simp for my tsif we need to make gc for all of his simps',Benin,1304829544063475713
angysubmissive,b'Namjoon?s bdayyyyy?????????? https://t.co/qE08solwCo',Benin,1304825944650252289
angysubmissive,b'PERFECT https://t.co/JsYwtXK462',Benin,1304823310526619652
Creations310,"b'RT @jveelasquez: One year later...\n\nTruly blessed to be with someone as loving, encouraging, and honest.\n \nits pretty neat https://t.co/2SD?'",Benin,1304818225096654848
jveelasquez,"b'One year later...\n\nTruly blessed to be with someone as loving, encouraging, and honest.\n \nits pretty neat https://t.co/2SDxtU2PrW'",Benin,1304817593807757316
angysubmissive,b'On his bday but this shit wack af cause even tho he knows me it will never happen hahahahahha',Benin,1304703947580616704
angysubmissive,b'Its the fifth bday I celebrate w namjoon and honestly im always fucking struggling cause i love the dude sm and im? https://t.co/vSYg8fnTJi',Benin,1304703946041315331
angysubmissive,b'I SENT MIRI A VOICE AUDIO OF ME MOANING ?IM GONNA CUM? AFTER SHE SENT ME A VID OF NAMJOON IM?- iwas rlly high last night',Benin,1304703098200494080
angysubmissive,b'He is my man https://t.co/bhs27U2ZVK',Benin,1304701927108870144
angysubmissive,b'IM MIVING FOR THIS https://t.co/CQTfU8AXiK',Benin,1304669891824365573
angysubmissive,b'Jk i do',Benin,1304580574288523264
angysubmissive,b'Jk i dont',Benin,1304580543053533184
angysubmissive,b'I breathe in jealous',Benin,1304580482517041158
angysubmissive,b'@heejusimp @yeahitsbitten I?ve been waiting for this one',Benin,1304580414795911171
angysubmissive,"b'@yeahitsbitten @heejusimp WOOFWOOF, when are we doin the shigidigi'",Benin,1304579531060244482
angysubmissive,b'@yeahitsbitten A jin? U never introduced to me?',Benin,1304578945652850703
angysubmissive,b'My coochie wiLD  https://t.co/kKroJpfNG6',Benin,1304569314117406720
angysubmissive,b'@yeahitsbitten omega??????',Benin,1304566902698774529
angysubmissive,b'I got to the point where i moan in japanese for the Japanese friend of my friend.',Benin,1304562716779188230
angysubmissive,b'I will sacrifice my OWN life for pakistan',Benin,1304559314477162497
angysubmissive,b'I wanna be a pilot',Benin,1304559108541087748
angysubmissive,b'@yeahitsbitten @heejusimp Im low but not low enough to suck d sadly',Benin,1304558644646891520
angysubmissive,b'@heejusimp @yeahitsbitten Uh i love when they praise',Benin,1304557949940047872
angysubmissive,"b'@yeahitsbitten @heejusimp sis no, u deadass just never LET ME AND I NEED TO GET OFF MY FLIRTING SOMETIMES'",Benin,1304557725712625665
angysubmissive,b'@heejusimp @yeahitsbitten that?s spicy bb',Benin,1304557254805520384
angysubmissive,b'@yeahitsbitten @heejusimp No u just never let me flirt w u when im bored',Benin,1304557166213451776
angysubmissive,b'@heejusimp @yeahitsbitten Damn bby u are',Benin,1304556940610109441
angysubmissive,b'@yeahitsbitten @heejusimp Cause its cute move',Benin,1304556908607606791
angysubmissive,b'@yeahitsbitten @heejusimp I deadass laughed',Benin,1304556773920116736
angysubmissive,b'Can namjoon destroy my private part',Benin,1304556443534852099
angysubmissive,b'@yeahitsbitten U really are princess',Benin,1304556293697527816
angysubmissive,b'@yeahitsbitten It doesn?t look like his for shit never seen that pic',Benin,1304555825629929473
angysubmissive,b'@yeahitsbitten The other one',Benin,1304555606922137605
angysubmissive,b'@yeahitsbitten What kpop dude is it now',Benin,1304555504824442880
spdrie,b'I have decided to delete all of my past memories. new day new me',Benin,1304532806048059392
angysubmissive,b'@1990NAMJOON I giggled',Benin,1304530790219493376
angysubmissive,b'@yeahitsbitten U just said YOU ARE GETTING A BLOW JOB INSTEAD OF LOVIN ME',Benin,1304525546349637632
angysubmissive,b'Rap into my clit https://t.co/Enn5npyeC6',Benin,1304522781586001932
angysubmissive,b'@SUGAOOC No its cause im drunk',Benin,1304506216123596800
angysubmissive,b'@SUGAOOC Why did I laugh',Benin,1304504174592360449
angysubmissive,b'@yeahitsbitten Fattt juicy ass',Benin,1304500423802355717
angysubmissive,b'@yeahitsbitten He does',Benin,1304476797703159808
angysubmissive,b'MY LOVE https://t.co/Beb1OqkdMM',Benin,1304457809451458562
_niphemi_,b'RT @shank_comics: It?s time to make this decision public? https://t.co/IJj30nMWfY',Benin,1306732464048615425
amphemmie,b'6 people followed me and 2 people unfollowed me // automatically checked by https://t.co/y2MxuYFUqH',Benin,1306732463855751173
aloba_olumide,"b'@cuppymusic Baby cuppy, are you ready to give your teeth new balance!???\nSay no more my baby... I gat you with my t? https://t.co/83neteCu0G'",Benin,1306732462450659328
SandraAroh3,b'RT @DaniUloko: #DearErica I miss hearing you remix song with igbo accent ????? https://t.co/okJdgSpfAk',Benin,1306732462077349888
Aryor07,"b'@quanautos it?s 12am, which time you go ask for my address for the vehicle delivery, abeg no sly me oooo'",Benin,1306732461112455168
NaijaNews,b'Full Carabao Cup Fourth Round Confirmed?Fixtures https://t.co/Rdk8gjnMx1',Benin,1306732461104168971
Simz95_Magolide,b'RT @_nseobong: Manchester United fans have agreed personal terms and signed a contract with Depression for two years with an option to exte?',Benin,1306732459069976577
webmentry,b'Agriculture Web Templates - W3layouts #WebDesign via https://t.co/mWKA1a4WYj https://t.co/YZthMHmqsU',Benin,1306732458210193408
NtibiJoyUmoedem,b'RT @zinny_chukwu: Such trust ???',Benin,1306732458059202561
iam___bamidele,b'RT @iam_jamopyper: Right handle is @iam_jamopyper',Benin,1306732457748815873
Realivy01,b'RT @NSholaye: @BbnaijaAnalyst #LayGlobal \nIcons....We move\nHave you gotten your icon tees for campaign next week\nDM now or call 08020717830?',Benin,1306732457027342341
yemiTM442,b'Lord; your Grace - Fred Hammond',Benin,1306732456318468098
__Msmaryam,b'@PemiPo_Official what the hell? Who sent you?',Benin,1306732455827828736
ololadeoketunbi,b'RT @nathanielblow: You will not fall in Jesus? name. That mistake that will destroy the work and investments you have made over time will n?',Benin,1306732455542611970
mzibifaka,b'RT @OkekeMarvellou1: ?????I want him too\nBut queen T says she wants him\n#TachaMerchParty #XVIIIForTacha',Benin,1306732455353823234
ayyyyyyyon,"b'RT @PreciousCheee: Who wants Airpods ????\n\nQuote and RT this tweet and get no likes or RTs untill 10pm ,Winner gets a free copy Airpods del?'",Benin,1306732455169347589
prettieboibenii,"b'RT @bella_shmurda: I got a news that I was debuted number 9 on the category of @billboard  thank y?all, don?t stop supporting!! Keep stream?'",Benin,1306732454745604101
MoiponeNtobong3,b'RT @layo_aa: BamTeddy and Iykeresa will forever be the best decisions I made with watching Nigerian reality shows ??????\nI love them so muc?',Benin,1306732453982240768
aystickz,b'@shank_comics @omobolaj1 The transition from straight face to smiling always gets me ???',Benin,1306732453558710274
KanyeCephas,b'RT @Groyaj1: He?ll Probably never talk about it ??????Wizkid ???Try Dey brag sometimes ? https://t.co/I7wcM0Ijcu',Benin,1306732453554393090
Horlolade_7,"b""RT @Danisha_ri: That was how i wasn't allowed to sit on the high table beside Tacha ??? wicked people everywhere.\n\nUna good night, let go r?""",Benin,1306732453353189380
savagecooper6,b'RT @hrfuturemetrics: I had never been passionate and glued to #BBNaija like this year. Just because of Laycon. #LayconGlobal',Benin,1306732453277687809
_somadina_,b'RT @___kenti: Anybody that likes or RT this will suffer for 6000 years even in the grave sef.',Benin,1306732452581384193
oghene_ganreTM,"b'@patorankingfire @bamzyosho @Thomaspartey22 @Arsenal Mad o, so pato sef na arsenal fan ??\nSee wetin I see for abule'",Benin,1306732451931267072
__shubby_,b'@isellrnigeria I did it https://t.co/AoZc2FbKiD',Benin,1306732450945675264
Aitey_,"b""RT @babybeareyes: I've reported that Nigerian Government account as targeted harassment toward a particular race or ethnicity ???""",Benin,1306732450576556039
AkinolaTosinS,b'@kusssman These niggas wicked yo?????',Benin,1306732449469272069
_senitowobola_,b'@ayomikuntoye @TheTransferEx I think zaha is more likely than Partey',Benin,1306732449444093952
princePizzy5,b'@real_mercyeke @chrispoise1 @itsLaycon @BBNaija Thanks @real_mercyeke for the love ma',Benin,1306732449246912516
Adeoye57267846,b'@UcheofLagos @Dehkunle Na cake ?',Benin,1306732449087590403
bhangkhie,b'RT @Ha_yles: Watermelon would have been the best fruit if they didn?t have those frustrating seeds. ?',Benin,1306732448810762242
Zekielthegreat,b'RT @shank_comics: I don?t know why you guys love me but I am grateful. Frs. God bless everyone of you?????',Benin,1306732446382198788
LytePROMISE,b'RT @Lade_PUFFnSMOKE: @Gods_man9 Sorry dear @LytePROMISE retweeted without likes or comment 2 hours ago.',Benin,1306732445501460482
bella_shmurda,"b""RT @richiimann: @bella_shmurda bro walahi you good. You are blown forget. They don't know. Dangbana orisa mad vibes???""",Benin,1306732444364701696
NwanzeZubechi,b'RT @JohnsonOluo: #HusbanMan With my full beard!!! https://t.co/k5NTLMqdWl',Benin,1306732441613357075
Aishaaayo,b'RT @thegreatola: @Dehkunle How can you feel the made in Lagos vibe when you?re from Ilorin where they listen to only Haryana Ishola &amp; co. O?',Benin,1306732441093185536
kassiusman,b'@naijagayman ??. Why are you people like this na?',Benin,1306732440875081730
omobadeyinkah,"b'RT @omobadeyinkah: Are you looking for an ambitious, focus, confident, and good hearted , lovely personnel to brand your product with a goo?'",Benin,1306732440120107010
DavidOluba,"b""RT @Ayomide_Han: Wizkid Wizkid Wizkid????\n\nThat's the tweet!!!!\n\n#Nostress""",Benin,1306732438903754752
trayseekingz,"b""RT @smiliefemi: Good job DExploras and all who voted, we've done our best and we know God will do His part. God bless and replenish your po?""",Benin,1306732438849286145
OziPeace2,b'RT @ThisIsDotun: I?m following back every iCON that retweets this tweet and follows me.\n\n#LayGlobal',Benin,1306732438325022725
NeoNyx_,b'RT @chidisteph_: When you laughing in a voice note but realize you weren?t recording and now you have to fake that laughter',Benin,1306732438320607232
TheHennaGirl_ng,"b""@the_anike @HabeebahKareem @FaridaSaliu You're fine!\nNo cap""",Benin,1306732438304022531
RevOjebola,b'RT @AyooluwaOjebola: In this life overtaking is allowed',Benin,1306732437775552514
DivaBolly,b'RT @AdeosunZainabA1: Icons be calming down small small oo??\n\nNo 27 worldwide!!!!?? In 1 hour???\nAbeg we are global joor ????\n#LayGlobal\n#BB?',Benin,1306732437163171840
Itunuu_u,b'RT @FunmiKolz: When are we finally going to agree that Eba is trash and tastes like poverty???',Benin,1306732436588572673
sarek2801,"b'It is, what it is https://t.co/QzqSZd5H8l'",Benin,1306732436257210374
young_ade_,b'@SwedishRat Honestly ??',Benin,1306732434956918795
miszSyaiz_,b'RT @chidisteph_: When you laughing in a voice note but realize you weren?t recording and now you have to fake that laughter',Benin,1306732434860376064
Bayor_arts,b'RT @Olasco_1556: No Stress!!! https://t.co/4SF7TlllOv',Benin,1306732434738814977
ooluwaluyi,"b""@GFFN Why haven't you moved on from Ozil?""",Benin,1306732433769934851
Glory_prettychi,b'@Nobsdaslushhkid Very glearing',Benin,1306732433518321664
SandraCutiee,b'RT @Soundcity985FM: ? ?#kpa @emperormochi ?n #noCHillZOne w/ DJ @moticakes #staywoke  ? (link: https://t.co/wIuSOhNKlX) )',Benin,1306732432956305415
Only1kalle,"b""RT @babybeareyes: I've reported that Nigerian Government account as targeted harassment toward a particular race or ethnicity ???""",Benin,1306732432599777280
Dejifan,b'@bibilamour04 This message is not available in my region.',Benin,1306732431928709121
Idehh_,b'@tommyeddy1000 people are wicked o?',Benin,1306732430439649280
Marcus_Davd,"b""RT @ChumaNnoli: Today has taught us that:\n\nYou may be rich enough to enjoy vacation in HARARE\nBut that money can't buy you a FERRARI\nCos wh?""",Benin,1306732430259367936
BjayAce,"b'RT @ThisIsDotun: The biggest, strongest, most dedicated, and most loyal fanbase in the world.\n\n??&amp;?\n\n#LayGlobal #BBNaija https://t.co/Laem6?'",Benin,1306732428552212481
datladyhoney_,b'@Anuomo6 @instablog9ja ??did he notice????',Benin,1306732428468334592
ItsIfeoluwa,b'@goodness_ohakwe @isellrnigeria Scam ???',Benin,1306732428078338048
Beccaomowunmi1,b'@mbalie_shalom @DaniUloko I was drooling ??',Benin,1306732427851829253
hadeydayaaw,b'@AremuJorge @BashorunGa_ Talk am again. https://t.co/TV8oT0wpga',Benin,1306732427008774149
iam___bamidele,"b""RT @Soundcity985FM: #NP? 'If No Be You' - @iam_jamopyper ft @IamMayorKun\n\n#TheHomerun w. @alexontheradio_ \n\nhttps://t.co/qv712uwP68 \n#Traff?""",Benin,1306732426987790337
PaulPatrick_Pok,b'RT @ulxma: Nigeria is broke. They?re going to tax us to death. No concrete economic foresight or plan whatsoever. Just forcing us to fund o?',Benin,1306732426450927616
jaysville3,b'@ChargieKosowo Interesting ?',Benin,1306732425540767746
souafloribella,b'RT @uke_peter: Follow all likes and retweets ???',Benin,1306732425465167872
to9ight,b'@scarz99 @bizzleosikoya Congratulations sir.',Benin,1306732425305825281
ronkyco,b'@tolanibaj One and only periodt!!!',Benin,1306732425003896834
Olukotun04,b'@Temitopsie_ Shebi you don see Wetin you dey find ???????',Benin,1306732423217115141
theonlyLR,b'@ll_konig Join Arsenal',Benin,1306732421870739457
chimechs,"b""@elijah_mekan Baba werey. Shey u didn't read the caption ni. Engagement referred to here means no likes, comments or retweet. Shikena""",Benin,1306732421346361345
chukah16,b'@WizkidSource GOLD IN USA! Now!!!?',Benin,1306732420750888961
Romeo_pappi,b'@IamKellyJoe Durling ?',Benin,1306732418884341764
NwanzeZubechi,"b'RT @Joyallover: My Appreciation post today  is for everyone who supported , voted and believed in Dorathy . whatever happens on sunday she?'",Benin,1306732417978429441
Dahmilola_Adio,"b""@matta28x Hello Kings/Queens!\nI sell unadulterated Designer Perfume Oils. They're very much available, they come in? https://t.co/kM5t108mRY""",Benin,1306732416787247108
ohinoyibuhari,b'Las las we are all tired and cruising on cruise',Benin,1306732416086597632
titobecka,"b""People of God, you know how have been telling you all I need a new phone, ejoor help my life please don't like or r? https://t.co/BlXwRzVFFv""",Benin,1306732415969263617
MamaGZ8,"b'@Officialfelizzy This and her laying on the bed preventing prince from sleeping is all I see when I see her, no mat? https://t.co/MtqJeJA284'",Benin,1306732415822557184
Dennis_N_Amy,b'Amen in the name of Jesus\nI want oooo ? https://t.co/BsrerE7kzM',Benin,1306732415747010567
aderanti_iyfe,b'RT @_pelumilawal: Please can @olu_blaq or @nhikkyB @zaii_aziz @aderanti_iyfe @Foluwalopeee have this??',Benin,1306732413482135557
AdeomoA94934302,b'RT @ifewiththeglow: One and only queen of content??\n#TachaMerchParty #XVIIIForTacha @Symply_Tacha https://t.co/TDj3EDmnr7',Benin,1306732411179479040
fiscobaby_,b'Too sweet ??? @deejayneptune  @itsrunda_  #Bembe #bembe #MIL #greatness https://t.co/WRo3eI1ii0',Benin,1306732409954631680
Ahbiola,"b'RT @TheFavoredWoman: ""It is better to put our faith in ourselves and our trust in those who have earned it""\n\n- The Warrior Nun'",Benin,1306732409002565632
happiemados,b'@ArmelBoss1 @GrPhelix @GodswillTaiye Lol...she did it as payback becus Vee chose Laycon over her the previous evict? https://t.co/vpurjqZ85X',Benin,1306732408407035904
J_laurels,b'RT @TobiFolami: Mine is ?I will delete it soon?',Benin,1306732407802953729
prince_OTMH,b'@HotspotUnited At exactly 12.. So no re tweet or likes??',Benin,1306732407698214913
_biodunnn,b'Omo ?how many rts https://t.co/7nThvUdai0',Benin,1306732407513587715
TachaIsMyPaddi,"b'RT @Nelco3d: Ozo has literally won most of the task so far, however there are Still two crucial task left for him to win and Insha Allah, h?'",Benin,1306732404988506112
LSunflexy,b'RT @Symply_Nelly1: My king ??\n#NoStress https://t.co/DYg9w82Xse',Benin,1306732403688382470
Olaniyi_Wale26,"b'RT @CadewCatering: Pls, my lovely family.... I need ur help on this one now\nI need.....\n49Rt\n49likes\n\nPls,make una help me win this one ooo?'",Benin,1306732400936914944
MonaPMicah,b'RT @c__an__: Why are these people disgracing my girl under Joseph?s sisters tweet? Did she tell you she?s looking for husband or what? ?????',Benin,1306732400081358848
dip0o,b'RT @adeola_gbolaha: Nobody :- \n\nAbsolutely nobody:-\n\nMy brain :-',Benin,1306732399984873472
mancunialoper,b'@Ebuka 85mill go finish.... na human go remain na wtin dey ring for Ozo brain be that',Benin,1306732399586410505
GabrielMide,b'Happy birthday Mide??????@OlaKeanvic @LDurkioo @AdekemiGabriel https://t.co/6lkRhHcQNk',Benin,1306732399338950657
xclusivetimi,b'@eko_daddy @toyosielizabeth Wait What?!!! Why would you like beans to begin with?',Benin,1306732398084751360
Mcmelanin,b'RT @iam_tandyboy: Two beautiful song from wonderful people.\n\nRetweet for Wizkid #NoStress \nLike for Davido #FEM\n\nLegooo! https://t.co/v2WMm?',Benin,1306732397606690822
oresco_ok,b'I need Kim to hook me up https://t.co/RDGUiMwxEF',Benin,1306732396717510656
tobi_oa,b'@tolaniiee Imma still like though???',Benin,1306732396314849280
Timileyinmi,b'@RealDreylo Louder please',Benin,1306732395891175429
InteriorsBantus,b'@amuiludun @shawttynatt Happy birthday to her \nI love the Jersey',Benin,1306732395639517187
tope_horpload,b'@UCHEUGO Brodie oshey',Benin,1306732467005599745
yungfela_,b'RT @Ayomide_Han: Wizkid giving us Premium Happiness ???????\n\n?????? https://t.co/yuLtNpVXvs',Benin,1306732466741411842
Ayz,b'RT @AnthonyAzekwoh: Start to finish. \nLearn more about my process on https://t.co/lVgWKCRwQF https://t.co/zvYqv1JlQd',Benin,1306732465793503242
shank_comics,"b'Y?all share my comics, videos, promo tweets. Everything! I am grateful. For reals and I am not crying?????'",Benin,1306732465298366465
Sto_ner01,b'RT @shank_comics: I don?t know why you guys love me but I am grateful. Frs. God bless everyone of you?????',Benin,1306732465147514882
Akintomwa,b'@Oddy4real You again',Benin,1306732464811974658
SharonDuku,b'RT @layo_aa: See Bambam my fave ????? she came through for Iykeresa. I love you Bammy ?? @bammybestowed \n\n#KingIykeAt25 \n#WorldIykeDay http?',Benin,1306732464602099712
_niphemi_,b'RT @shank_comics: It?s time to make this decision public? https://t.co/IJj30nMWfY',Benin,1306732464048615425
amphemmie,b'6 people followed me and 2 people unfollowed me // automatically checked by https://t.co/y2MxuYFUqH',Benin,1306732463855751173
aloba_olumide,"b'@cuppymusic Baby cuppy, are you ready to give your teeth new balance!???\nSay no more my baby... I gat you with my t? https://t.co/83neteCu0G'",Benin,1306732462450659328
sir_nika2,b'@mr_opera_Sneh @petite_fisayomi Na that hunger go still kill you',Benin,1306732462094118912
SandraAroh3,b'RT @DaniUloko: #DearErica I miss hearing you remix song with igbo accent ????? https://t.co/okJdgSpfAk',Benin,1306732462077349888
Aryor07,"b'@quanautos it?s 12am, which time you go ask for my address for the vehicle delivery, abeg no sly me oooo'",Benin,1306732461112455168
NaijaNews,b'Full Carabao Cup Fourth Round Confirmed?Fixtures https://t.co/Rdk8gjnMx1',Benin,1306732461104168971
Simz95_Magolide,b'RT @_nseobong: Manchester United fans have agreed personal terms and signed a contract with Depression for two years with an option to exte?',Benin,1306732459069976577
webmentry,b'Agriculture Web Templates - W3layouts #WebDesign via https://t.co/mWKA1a4WYj https://t.co/YZthMHmqsU',Benin,1306732458210193408
NtibiJoyUmoedem,b'RT @zinny_chukwu: Such trust ???',Benin,1306732458059202561
iam___bamidele,b'RT @iam_jamopyper: Right handle is @iam_jamopyper',Benin,1306732457748815873
Realivy01,b'RT @NSholaye: @BbnaijaAnalyst #LayGlobal \nIcons....We move\nHave you gotten your icon tees for campaign next week\nDM now or call 08020717830?',Benin,1306732457027342341
yemiTM442,b'Lord; your Grace - Fred Hammond',Benin,1306732456318468098
__Msmaryam,b'@PemiPo_Official what the hell? Who sent you?',Benin,1306732455827828736
ololadeoketunbi,b'RT @nathanielblow: You will not fall in Jesus? name. That mistake that will destroy the work and investments you have made over time will n?',Benin,1306732455542611970
mzibifaka,b'RT @OkekeMarvellou1: ?????I want him too\nBut queen T says she wants him\n#TachaMerchParty #XVIIIForTacha',Benin,1306732455353823234
ayyyyyyyon,"b'RT @PreciousCheee: Who wants Airpods ????\n\nQuote and RT this tweet and get no likes or RTs untill 10pm ,Winner gets a free copy Airpods del?'",Benin,1306732455169347589
prettieboibenii,"b'RT @bella_shmurda: I got a news that I was debuted number 9 on the category of @billboard  thank y?all, don?t stop supporting!! Keep stream?'",Benin,1306732454745604101
MoiponeNtobong3,b'RT @layo_aa: BamTeddy and Iykeresa will forever be the best decisions I made with watching Nigerian reality shows ??????\nI love them so muc?',Benin,1306732453982240768
aystickz,b'@shank_comics @omobolaj1 The transition from straight face to smiling always gets me ???',Benin,1306732453558710274
KanyeCephas,b'RT @Groyaj1: He?ll Probably never talk about it ??????Wizkid ???Try Dey brag sometimes ? https://t.co/I7wcM0Ijcu',Benin,1306732453554393090
Horlolade_7,"b""RT @Danisha_ri: That was how i wasn't allowed to sit on the high table beside Tacha ??? wicked people everywhere.\n\nUna good night, let go r?""",Benin,1306732453353189380
savagecooper6,b'RT @hrfuturemetrics: I had never been passionate and glued to #BBNaija like this year. Just because of Laycon. #LayconGlobal',Benin,1306732453277687809
_somadina_,b'RT @___kenti: Anybody that likes or RT this will suffer for 6000 years even in the grave sef.',Benin,1306732452581384193
oghene_ganreTM,"b'@patorankingfire @bamzyosho @Thomaspartey22 @Arsenal Mad o, so pato sef na arsenal fan ??\nSee wetin I see for abule'",Benin,1306732451931267072
__shubby_,b'@isellrnigeria I did it https://t.co/AoZc2FbKiD',Benin,1306732450945675264
Aitey_,"b""RT @babybeareyes: I've reported that Nigerian Government account as targeted harassment toward a particular race or ethnicity ???""",Benin,1306732450576556039
AkinolaTosinS,b'@kusssman These niggas wicked yo?????',Benin,1306732449469272069
_senitowobola_,b'@ayomikuntoye @TheTransferEx I think zaha is more likely than Partey',Benin,1306732449444093952
princePizzy5,b'@real_mercyeke @chrispoise1 @itsLaycon @BBNaija Thanks @real_mercyeke for the love ma',Benin,1306732449246912516
Adeoye57267846,b'@UcheofLagos @Dehkunle Na cake ?',Benin,1306732449087590403
bhangkhie,b'RT @Ha_yles: Watermelon would have been the best fruit if they didn?t have those frustrating seeds. ?',Benin,1306732448810762242
Zekielthegreat,b'RT @shank_comics: I don?t know why you guys love me but I am grateful. Frs. God bless everyone of you?????',Benin,1306732446382198788
LytePROMISE,b'RT @Lade_PUFFnSMOKE: @Gods_man9 Sorry dear @LytePROMISE retweeted without likes or comment 2 hours ago.',Benin,1306732445501460482
bella_shmurda,"b""RT @richiimann: @bella_shmurda bro walahi you good. You are blown forget. They don't know. Dangbana orisa mad vibes???""",Benin,1306732444364701696
NwanzeZubechi,b'RT @JohnsonOluo: #HusbanMan With my full beard!!! https://t.co/k5NTLMqdWl',Benin,1306732441613357075
Aishaaayo,b'RT @thegreatola: @Dehkunle How can you feel the made in Lagos vibe when you?re from Ilorin where they listen to only Haryana Ishola &amp; co. O?',Benin,1306732441093185536
kassiusman,b'@naijagayman ??. Why are you people like this na?',Benin,1306732440875081730
omobadeyinkah,"b'RT @omobadeyinkah: Are you looking for an ambitious, focus, confident, and good hearted , lovely personnel to brand your product with a goo?'",Benin,1306732440120107010
DavidOluba,"b""RT @Ayomide_Han: Wizkid Wizkid Wizkid????\n\nThat's the tweet!!!!\n\n#Nostress""",Benin,1306732438903754752
trayseekingz,"b""RT @smiliefemi: Good job DExploras and all who voted, we've done our best and we know God will do His part. God bless and replenish your po?""",Benin,1306732438849286145
OziPeace2,b'RT @ThisIsDotun: I?m following back every iCON that retweets this tweet and follows me.\n\n#LayGlobal',Benin,1306732438325022725
NeoNyx_,b'RT @chidisteph_: When you laughing in a voice note but realize you weren?t recording and now you have to fake that laughter',Benin,1306732438320607232
TheHennaGirl_ng,"b""@the_anike @HabeebahKareem @FaridaSaliu You're fine!\nNo cap""",Benin,1306732438304022531
RevOjebola,b'RT @AyooluwaOjebola: In this life overtaking is allowed',Benin,1306732437775552514
DivaBolly,b'RT @AdeosunZainabA1: Icons be calming down small small oo??\n\nNo 27 worldwide!!!!?? In 1 hour???\nAbeg we are global joor ????\n#LayGlobal\n#BB?',Benin,1306732437163171840
Itunuu_u,b'RT @FunmiKolz: When are we finally going to agree that Eba is trash and tastes like poverty???',Benin,1306732436588572673
sarek2801,"b'It is, what it is https://t.co/QzqSZd5H8l'",Benin,1306732436257210374
young_ade_,b'@SwedishRat Honestly ??',Benin,1306732434956918795
miszSyaiz_,b'RT @chidisteph_: When you laughing in a voice note but realize you weren?t recording and now you have to fake that laughter',Benin,1306732434860376064
Bayor_arts,b'RT @Olasco_1556: No Stress!!! https://t.co/4SF7TlllOv',Benin,1306732434738814977
ooluwaluyi,"b""@GFFN Why haven't you moved on from Ozil?""",Benin,1306732433769934851
Glory_prettychi,b'@Nobsdaslushhkid Very glearing',Benin,1306732433518321664
SandraCutiee,b'RT @Soundcity985FM: ? ?#kpa @emperormochi ?n #noCHillZOne w/ DJ @moticakes #staywoke  ? (link: https://t.co/wIuSOhNKlX) )',Benin,1306732432956305415
Only1kalle,"b""RT @babybeareyes: I've reported that Nigerian Government account as targeted harassment toward a particular race or ethnicity ???""",Benin,1306732432599777280
Dejifan,b'@bibilamour04 This message is not available in my region.',Benin,1306732431928709121
Idehh_,b'@tommyeddy1000 people are wicked o?',Benin,1306732430439649280
Marcus_Davd,"b""RT @ChumaNnoli: Today has taught us that:\n\nYou may be rich enough to enjoy vacation in HARARE\nBut that money can't buy you a FERRARI\nCos wh?""",Benin,1306732430259367936
BjayAce,"b'RT @ThisIsDotun: The biggest, strongest, most dedicated, and most loyal fanbase in the world.\n\n??&amp;?\n\n#LayGlobal #BBNaija https://t.co/Laem6?'",Benin,1306732428552212481
datladyhoney_,b'@Anuomo6 @instablog9ja ??did he notice????',Benin,1306732428468334592
ItsIfeoluwa,b'@goodness_ohakwe @isellrnigeria Scam ???',Benin,1306732428078338048
Beccaomowunmi1,b'@mbalie_shalom @DaniUloko I was drooling ??',Benin,1306732427851829253
hadeydayaaw,b'@AremuJorge @BashorunGa_ Talk am again. https://t.co/TV8oT0wpga',Benin,1306732427008774149
iam___bamidele,"b""RT @Soundcity985FM: #NP? 'If No Be You' - @iam_jamopyper ft @IamMayorKun\n\n#TheHomerun w. @alexontheradio_ \n\nhttps://t.co/qv712uwP68 \n#Traff?""",Benin,1306732426987790337
PaulPatrick_Pok,b'RT @ulxma: Nigeria is broke. They?re going to tax us to death. No concrete economic foresight or plan whatsoever. Just forcing us to fund o?',Benin,1306732426450927616
jaysville3,b'@ChargieKosowo Interesting ?',Benin,1306732425540767746
souafloribella,b'RT @uke_peter: Follow all likes and retweets ???',Benin,1306732425465167872
to9ight,b'@scarz99 @bizzleosikoya Congratulations sir.',Benin,1306732425305825281
ronkyco,b'@tolanibaj One and only periodt!!!',Benin,1306732425003896834
Olukotun04,b'@Temitopsie_ Shebi you don see Wetin you dey find ???????',Benin,1306732423217115141
theonlyLR,b'@ll_konig Join Arsenal',Benin,1306732421870739457
chimechs,"b""@elijah_mekan Baba werey. Shey u didn't read the caption ni. Engagement referred to here means no likes, comments or retweet. Shikena""",Benin,1306732421346361345
chukah16,b'@WizkidSource GOLD IN USA! Now!!!?',Benin,1306732420750888961
Romeo_pappi,b'@IamKellyJoe Durling ?',Benin,1306732418884341764
NwanzeZubechi,"b'RT @Joyallover: My Appreciation post today  is for everyone who supported , voted and believed in Dorathy . whatever happens on sunday she?'",Benin,1306732417978429441
Dahmilola_Adio,"b""@matta28x Hello Kings/Queens!\nI sell unadulterated Designer Perfume Oils. They're very much available, they come in? https://t.co/kM5t108mRY""",Benin,1306732416787247108
ohinoyibuhari,b'Las las we are all tired and cruising on cruise',Benin,1306732416086597632
titobecka,"b""People of God, you know how have been telling you all I need a new phone, ejoor help my life please don't like or r? https://t.co/BlXwRzVFFv""",Benin,1306732415969263617
MamaGZ8,"b'@Officialfelizzy This and her laying on the bed preventing prince from sleeping is all I see when I see her, no mat? https://t.co/MtqJeJA284'",Benin,1306732415822557184
Dennis_N_Amy,b'Amen in the name of Jesus\nI want oooo ? https://t.co/BsrerE7kzM',Benin,1306732415747010567
aderanti_iyfe,b'RT @_pelumilawal: Please can @olu_blaq or @nhikkyB @zaii_aziz @aderanti_iyfe @Foluwalopeee have this??',Benin,1306732413482135557
AdeomoA94934302,b'RT @ifewiththeglow: One and only queen of content??\n#TachaMerchParty #XVIIIForTacha @Symply_Tacha https://t.co/TDj3EDmnr7',Benin,1306732411179479040
fiscobaby_,b'Too sweet ??? @deejayneptune  @itsrunda_  #Bembe #bembe #MIL #greatness https://t.co/WRo3eI1ii0',Benin,1306732409954631680
Ahbiola,"b'RT @TheFavoredWoman: ""It is better to put our faith in ourselves and our trust in those who have earned it""\n\n- The Warrior Nun'",Benin,1306732409002565632
happiemados,b'@ArmelBoss1 @GrPhelix @GodswillTaiye Lol...she did it as payback becus Vee chose Laycon over her the previous evict? https://t.co/vpurjqZ85X',Benin,1306732408407035904
J_laurels,b'RT @TobiFolami: Mine is ?I will delete it soon?',Benin,1306732407802953729
prince_OTMH,b'@HotspotUnited At exactly 12.. So no re tweet or likes??',Benin,1306732407698214913
_biodunnn,b'Omo ?how many rts https://t.co/7nThvUdai0',Benin,1306732407513587715
TachaIsMyPaddi,"b'RT @Nelco3d: Ozo has literally won most of the task so far, however there are Still two crucial task left for him to win and Insha Allah, h?'",Benin,1306732404988506112
LSunflexy,b'RT @Symply_Nelly1: My king ??\n#NoStress https://t.co/DYg9w82Xse',Benin,1306732403688382470
Olaniyi_Wale26,"b'RT @CadewCatering: Pls, my lovely family.... I need ur help on this one now\nI need.....\n49Rt\n49likes\n\nPls,make una help me win this one ooo?'",Benin,1306732400936914944
MonaPMicah,b'RT @c__an__: Why are these people disgracing my girl under Joseph?s sisters tweet? Did she tell you she?s looking for husband or what? ?????',Benin,1306732400081358848
dip0o,b'RT @adeola_gbolaha: Nobody :- \n\nAbsolutely nobody:-\n\nMy brain :-',Benin,1306732399984873472
RarriFG,b'@SnaggLorh Shit just sounds too good to be true?',Benin,1306728530252713984
adamkyottt,b'@irirdinaaaa happy birthdayyy !!!!!',Benin,1306728513152589826
RarriFG,b'@SnaggLorh U lying?',Benin,1306728293928820736
ItinoseVM,b'RT @nafengg: WE DO THIS THING BOYS BLESS UP ? https://t.co/oN9PKjk0AB',Benin,1306724806037921795
SmoKie_256,"b'RT @racistNEET: The purpose of the ban is to allow Samsung, Intel, Nokia and Qualcomm to catch up with their 5G technology, which is vastly?'",Benin,1306724197763297282
SmoKie_256,"b'RT @racistNEET: Reminder that the Huawei ban has nothing to do with ""espionage"" or ""security risk"" and is just based on the fact that Huawe?'",Benin,1306724184307970056
TimGDH,b'@UnitedWhofans @Twins Hmmm. Seems like the team coulda really used him and maybe he should keep his cool in a race for the division.',Benin,1306721681466167297
mIss_afro229,"b""@josaphatgemini Djamal m'a secourue ?""",Benin,1306721241424855043
aishatarela,b'Love you boo ??? https://t.co/QkHixzn0Lg',Benin,1306720968811982849
TimGDH,b'@UnitedWhofans @Twins Oh shit. Surely he wasn?t an asswipe and deserve it?',Benin,1306720648144838656
abeltilla,b'RT @nafengg: WE DO THIS THING BOYS BLESS UP ? https://t.co/oN9PKjk0AB',Benin,1306720231683952643
TimGDH,b'@Twins Why did they hit for Donaldson in the 7th??? He ok???????',Benin,1306720048866828289
ApithyMauriele,b'Chuic https://t.co/t38lKmBWjm',Benin,1306717885990080517
joachinkkp,b'@ZuzuMoli Indeed I totally agree with you. Sadly our politicians have tendencies to work against the people. But I?? https://t.co/IOICXJ1Ab7',Benin,1306716343614529542
racistNEET,b'@emocleo1 Also how can.he be wrong in at least 3 of the 4 videos',Benin,1306716119563206656
racistNEET,b'@emocleo1 Who dis',Benin,1306716034074902528
aishatarela,b'@bolaaaji Guy it is not that deep ???',Benin,1306714321477660672
blckracine,b'I?m not playing the same game...',Benin,1306713931046678530
TimGDH,"b'@TCRBrad Old Style is just on hand haha. I usually have old style, coors banquet, or Hamm?s on hand. Hipster I know'",Benin,1306713586849456128
JetSetWannabe,b'I aspire to have a variety/talk show like Miss Tilly.',Benin,1306713163472293896
iirafa97,"b'There won?t be an end,can?t forget the start \nWhen you?re far away,it?s like we?re not apart'",Benin,1306711436819865607
Anthonia044,b'Can your fave ever???\nPersonality ??\nDrip ??\nIQ ??\nTalent ??\nComposure ??\nDiscipline  ??\nWisdom ??\nE plenty abeg...? https://t.co/5bPvXclcVq',Benin,1306711298655350785
CLiNuCaL,b'RT @nafengg: WE DO THIS THING BOYS BLESS UP ? https://t.co/oN9PKjk0AB',Benin,1306710019669450753
soxmachine_josh,b'RT @TimGDH: With each clinching win the beverage will get better. @SoxMachine @soxmachine_josh @whitesox #thekidscanplay https://t.co/Io4Dg?',Benin,1306709281178353665
TimGDH,b'With each clinching win the beverage will get better. @SoxMachine @soxmachine_josh @whitesox #thekidscanplay https://t.co/Io4Dg8mnTb',Benin,1306709177092517889
TimGDH,b'@solemnoathbeer Im in Friday delivery zone. What time would be the earliest a driver would arrive?',Benin,1306707960966647810
blckracine,b'May be it wasn?t the right decision to make.',Benin,1306706693464764424
blckracine,b'Why am I be so lonely while i?m in a relationship ???',Benin,1306706404594548736
ImOnlyTM,"b""@noniimou I'm just tired ?""",Benin,1306705802573615110
803comp,b'RT @ImWavy2k: TOP GUARD IN THE STAGE https://t.co/N29K73lS9o',Benin,1306704035878240262
ImOnlyTM,"b'Na mumu full this government\nAnd you want the unbanked to do what?\nBVN, SIM reg, National ID, but we have to go and? https://t.co/SGpWVd441T'",Benin,1306703310922158081
RxVibes08,b'best date https://t.co/oQHNQFp47S',Benin,1306702793479254017
ceryal_,b'RT @nafengg: WE DO THIS THING BOYS BLESS UP ? https://t.co/oN9PKjk0AB',Benin,1306700406366453760
rockerapex,b'RT @nafengg: WE DO THIS THING BOYS BLESS UP ? https://t.co/oN9PKjk0AB',Benin,1306700233242533893
TimGDH,b'@SoxUnprotected His teammates were pretty pumped after he got tossed. Wonder how they feel now.',Benin,1306700159322120192
TimGDH,b'Big shoutout to josh Donaldson for being an asswipe. I hate the twins. #MinnesotaTwins',Benin,1306699847140085761
ImOnlyTM,b'Fine!\nCan the President kindly have a Q&amp;A session with Nigerians on this?\n@MBuhari https://t.co/RP4EUxXIkv',Benin,1306699705225797633
jaredhamilton22,b'RT @nafengg: WE DO THIS THING BOYS BLESS UP ? https://t.co/oN9PKjk0AB',Benin,1306698188137443328
hunterb404,b'RT @nafengg: WE DO THIS THING BOYS BLESS UP ? https://t.co/oN9PKjk0AB',Benin,1306697831789412352
nafengg,b'@nathansmokee like a month and half ago lmaooo',Benin,1306697384743718914
BOOSIXFIGURE,b'RT @nafengg: WE DO THIS THING BOYS BLESS UP ? https://t.co/oN9PKjk0AB',Benin,1306695995154202626
braMM_cs,b'RT @nafengg: WE DO THIS THING BOYS BLESS UP ? https://t.co/oN9PKjk0AB',Benin,1306694961069465602
nafengg,b'WE DO THIS THING BOYS BLESS UP ? https://t.co/oN9PKjk0AB',Benin,1306694866391326720
beninho_ahor,b'Smile More and you will live Longer ?????',Benin,1306694683784089609
joachinkkp,b'Goal ?? https://t.co/vyTKX73GU3',Benin,1306694052335812611
TimGDH,b'@SoxMach_pnoles Please place item in bagging area\n*removes item from bag in order to put it back in*\nItem removed f? https://t.co/iwFFq0MIc8',Benin,1306693117119262720
TimGDH,b'@solemnoathbeer What?s the earliest a delivery would arrive? And can I request a delivery after a certain time?',Benin,1306692729968168960
GlizzyXVII,b'@ItsTijea Prayers ? ??',Benin,1306690497872789506
racistNEET,"b""@KingKrotchy @RemakeMischief You're absolutely moronic for thinking it's made in a lab.""",Benin,1306689503134916614
naveednadeem91,b'Time for the Palestinian people to take the initiative https://t.co/uQrhxTbhLo',Benin,1306689091996704773
racistNEET,b'@mentlel_illness Incredible power',Benin,1306685719629438978
racistNEET,"b""@KingKrotchy @RemakeMischief Probably because it wasn't made in a lab and also the US and Russia have labs dedicated to viral warfare.""",Benin,1306685445988851713
King_Louis09,b'Not impressed with the players Bilic and Westbrom are signing',Benin,1306684367570427915
racistNEET,"b""@RoxxieMonoxide Don't change anyways""",Benin,1306683979312041984
racistNEET,"b'RT @racistNEET: Quote tweeting completely acceptable and normal girls with ""I can fix her"" to my legion of mudcrawling hobgoblins.'",Benin,1306683808352174083
beninho_ahor,b'Would you be my Friend ???? https://t.co/IotSO7jvOG',Benin,1306682833122066433
joachinkkp,b'I still can?t believe clippers blew a 3-1 lead ?????',Benin,1306682575751184384
OML_Swavey,b'Washing clothes and hanging em up the same day is soo much work',Benin,1306682196074340352
downcastaries,b'grade 4 blocks fertig geschaut quess what i cried like a baby',Benin,1306678967898968064
naveednadeem91,b'Its not his domain. Civilian Prime Minister lack authority in security matters. The responsibility lies on military? https://t.co/oZ5brZJ0Th',Benin,1306677448860467200
icecreamdenji,b'@_lillymartin You gon fall for him and he gon break your heart je a bad guyyyyyy',Benin,1306676420702240769
icecreamdenji,b'@_lillymartin don?t leave me for him please ? https://t.co/RONoj9YQGj',Benin,1306676034905858049
march_rios_,b'Any movie recommendation??',Benin,1306673514771087360
naveednadeem91,b'@Aaliyajaved Second summer phenomenon has been happening in Karachi over past few years. Its not a new thing.',Benin,1306671766744563713
joachinkkp,b'@iPrudenceB Mine not working neither',Benin,1306667992449781760
aishatarela,b'Love you boo?? https://t.co/9MXi0yT2kb',Benin,1306667772328529921
aishatarela,b'My wife is so pretty??????? https://t.co/670lNkPjKZ',Benin,1306667716510724097
DaRealDeeJay_,b'RT @ImWavy2k: TOP GUARD IN THE STAGE https://t.co/N29K73lS9o',Benin,1306666571104948224
CommieHamiHa,"b'RT @racistNEET: Reminder that the Huawei ban has nothing to do with ""espionage"" or ""security risk"" and is just based on the fact that Huawe?'",Benin,1306662584016236545
XZlatt,b'RT @ImWavy2k: TOP GUARD IN THE STAGE https://t.co/N29K73lS9o',Benin,1306661765967761410
aishatarela,"b""@bolaaaji You can't do anything ????""",Benin,1306661671545581573
RIPKlutch,b'RT @ImWavy2k: TOP GUARD IN THE STAGE https://t.co/N29K73lS9o',Benin,1306661420151517189
ImWavy2k,b'TOP GUARD IN THE STAGE https://t.co/N29K73lS9o',Benin,1306661354238029826
tanidelatorre,"b'RT @kshootskaysi: tani is sooo cute when she sleeps :,))'",Benin,1306661016256741377
shaqGbolahan,b'@daddyabach @2muchAkanni @Friskyblaq10 Nice ? one. You can stil be getting more hands against the final and then co? https://t.co/RTigRo1nKm',Benin,1306658844815364096
shaqGbolahan,b'@princeChrisUTD Man pls throw some vote for @itsLaycon check is bio. Thanks pls',Benin,1306658011184795652
shaqGbolahan,b'@daddyabach @2muchAkanni @Friskyblaq10 You guys group up and form alliance',Benin,1306657286874705920
varismaris,b'@begumdoran al knk https://t.co/66SaGFtHFE',Benin,1306656791212765188
m4pofthesouI,b'where?s the lie https://t.co/ugQUrdre7H',Benin,1306653269201215494
Graciella_ade,b'You sure? https://t.co/eWbfBl91q9',Benin,1306650451971133440
dummydvf,b'@VTR_comics @soupnotreal @_slamongflobo @Super_Namu this is very incorrect',Benin,1306648730007941121
RxVibes08,b'Covid 19 2.0\n2021 = 2020 2.0 https://t.co/NVQ9NFH01o',Benin,1306648620477939712
joachinkkp,b'I won?t be able to sleep. I?m have anxiety ? https://t.co/ekQuBdhYCl',Benin,1306648388386140162
King_Louis09,b'Two red cards???',Benin,1306647991030349827
King_Louis09,b'Haba why ref give them red',Benin,1306647846431711234
JetSetWannabe,"b""Y'all want a jacket?! I want a jacket! https://t.co/5J0oUroVIG""",Benin,1306646973315940353
JetSetWannabe,b'@NumskullDesigns I would like a large https://t.co/ad58tAlnZ2',Benin,1306646808467128320
King_Louis09,b'Mourinho struggling to beat Plovdiv ?????',Benin,1306645747295805443
racistNEET,b'@emocleo1 I literally had a life coach for 4 years is how',Benin,1306644827522686978
racistNEET,"b""@merrickdeville Yes mentioning charity work unless you're specifically asking for support is just using the charity as a personality prop.""",Benin,1306644707855020032
racistNEET,b'@merrickdeville I will never tweet about anything I do irl lol the feds are gonna have to try harder than that.',Benin,1306643503955562497
amarbangash,"b'RT @naveednadeem91: He is right. Trump government has been business friendly. Facebook, after all is a business. \n\nhttps://t.co/bvgpRlitrR'",Benin,1306641807355379712
Agbatordude,b'@balogunramon2 Problem be iPhone new version on a stead ?\n.\nEven the poor dey strive to buy.',Benin,1306641497887051776
naveednadeem91,"b'He is right. Trump government has been business friendly. Facebook, after all is a business. \n\nhttps://t.co/bvgpRlitrR'",Benin,1306640732099313664
aishatarela,b'@aaishaaa___ @zia_tiffah I swear???',Benin,1306639191288225794
varismaris,b'@mmukemmelike m baby',Benin,1306638733073145863
dummydvf,b'@Goldoflame @soupnotreal @_slamongflobo @Super_Namu most def they get inspired by other cultures and different things',Benin,1306638606551965697
dummydvf,"b""@soupnotreal @Goldoflame @_slamongflobo @Super_Namu it feels more authentic imo now i get what she's saying but if? https://t.co/TGHrHvMBh7""",Benin,1306638318457753603
dummydvf,b'@soupnotreal @Goldoflame @_slamongflobo @Super_Namu shii idk about yall but i guess u can say they japanese too me? https://t.co/fPDoetRjGg',Benin,1306637285056749568
dummydvf,b'@soupnotreal @_slamongflobo @Super_Namu oh lordy everybody gotta make everything about race i just wanna play the d? https://t.co/mZYMlfsJrl',Benin,1306636680405880834
TimGDH,b'@UnitedWhofans @Twins Hmmm. Seems like the team coulda really used him and maybe he should keep his cool in a race for the division.',Benin,1306721681466167297
mIss_afro229,"b""@josaphatgemini Djamal m'a secourue ?""",Benin,1306721241424855043
aishatarela,b'Love you boo ??? https://t.co/QkHixzn0Lg',Benin,1306720968811982849
TimGDH,b'@UnitedWhofans @Twins Oh shit. Surely he wasn?t an asswipe and deserve it?',Benin,1306720648144838656
TimGDH,b'@Twins Why did they hit for Donaldson in the 7th??? He ok???????',Benin,1306720048866828289
ApithyMauriele,b'Chuic https://t.co/t38lKmBWjm',Benin,1306717885990080517
joachinkkp,b'@ZuzuMoli Indeed I totally agree with you. Sadly our politicians have tendencies to work against the people. But I?? https://t.co/IOICXJ1Ab7',Benin,1306716343614529542
aishatarela,b'@bolaaaji Guy it is not that deep ???',Benin,1306714321477660672
blckracine,b'I?m not playing the same game...',Benin,1306713931046678530
TimGDH,"b'@TCRBrad Old Style is just on hand haha. I usually have old style, coors banquet, or Hamm?s on hand. Hipster I know'",Benin,1306713586849456128
Anthonia044,b'Can your fave ever???\nPersonality ??\nDrip ??\nIQ ??\nTalent ??\nComposure ??\nDiscipline  ??\nWisdom ??\nE plenty abeg...? https://t.co/5bPvXclcVq',Benin,1306711298655350785
opeyemibalo,b'@BlvckDotun @adannanwaokolo amen?',Benin,1306710269473816582
opeyemibalo,"b""@CupofCoffee_xo Somebody help me massage dis babe's legs. Pele dear""",Benin,1306709784633249792
soxmachine_josh,b'RT @TimGDH: With each clinching win the beverage will get better. @SoxMachine @soxmachine_josh @whitesox #thekidscanplay https://t.co/Io4Dg?',Benin,1306709281178353665
TimGDH,b'With each clinching win the beverage will get better. @SoxMachine @soxmachine_josh @whitesox #thekidscanplay https://t.co/Io4Dg8mnTb',Benin,1306709177092517889
TimGDH,b'@solemnoathbeer Im in Friday delivery zone. What time would be the earliest a driver would arrive?',Benin,1306707960966647810
blckracine,b'May be it wasn?t the right decision to make.',Benin,1306706693464764424
blckracine,b'Why am I be so lonely while i?m in a relationship ???',Benin,1306706404594548736
ImOnlyTM,"b""@noniimou I'm just tired ?""",Benin,1306705802573615110
ImOnlyTM,"b'Na mumu full this government\nAnd you want the unbanked to do what?\nBVN, SIM reg, National ID, but we have to go and? https://t.co/SGpWVd441T'",Benin,1306703310922158081
RxVibes08,b'best date https://t.co/oQHNQFp47S',Benin,1306702793479254017
TimGDH,b'@SoxUnprotected His teammates were pretty pumped after he got tossed. Wonder how they feel now.',Benin,1306700159322120192
TimGDH,b'Big shoutout to josh Donaldson for being an asswipe. I hate the twins. #MinnesotaTwins',Benin,1306699847140085761
ImOnlyTM,b'Fine!\nCan the President kindly have a Q&amp;A session with Nigerians on this?\n@MBuhari https://t.co/RP4EUxXIkv',Benin,1306699705225797633
beninho_ahor,b'Smile More and you will live Longer ?????',Benin,1306694683784089609
joachinkkp,b'Goal ?? https://t.co/vyTKX73GU3',Benin,1306694052335812611
TimGDH,b'@SoxMach_pnoles Please place item in bagging area\n*removes item from bag in order to put it back in*\nItem removed f? https://t.co/iwFFq0MIc8',Benin,1306693117119262720
TimGDH,b'@solemnoathbeer What?s the earliest a delivery would arrive? And can I request a delivery after a certain time?',Benin,1306692729968168960
opeyemibalo,b'@therawdeeya @TheEmmalez @JijiNigeria A laptop so badly',Benin,1306687051815886861
beninho_ahor,b'Would you be my Friend ???? https://t.co/IotSO7jvOG',Benin,1306682833122066433
joachinkkp,b'I still can?t believe clippers blew a 3-1 lead ?????',Benin,1306682575751184384
opeyemibalo,b'Lovely https://t.co/6SRipAvIn0',Benin,1306677603152076801
march_rios_,b'Any movie recommendation??',Benin,1306673514771087360
joachinkkp,b'@iPrudenceB Mine not working neither',Benin,1306667992449781760
aishatarela,b'Love you boo?? https://t.co/9MXi0yT2kb',Benin,1306667772328529921
aishatarela,b'My wife is so pretty??????? https://t.co/670lNkPjKZ',Benin,1306667716510724097
aishatarela,"b""@bolaaaji You can't do anything ????""",Benin,1306661671545581573
opeyemibalo,"b'@bukola_beckley madam, why you dey pour sand for my garri?'",Benin,1306661256259137538
shaqGbolahan,b'@daddyabach @2muchAkanni @Friskyblaq10 Nice ? one. You can stil be getting more hands against the final and then co? https://t.co/RTigRo1nKm',Benin,1306658844815364096
opeyemibalo,b'@nancy_treats I want',Benin,1306658658248523782
shaqGbolahan,b'@princeChrisUTD Man pls throw some vote for @itsLaycon check is bio. Thanks pls',Benin,1306658011184795652
shaqGbolahan,b'@daddyabach @2muchAkanni @Friskyblaq10 You guys group up and form alliance',Benin,1306657286874705920
Graciella_ade,b'You sure? https://t.co/eWbfBl91q9',Benin,1306650451971133440
RxVibes08,b'Covid 19 2.0\n2021 = 2020 2.0 https://t.co/NVQ9NFH01o',Benin,1306648620477939712
joachinkkp,b'I won?t be able to sleep. I?m have anxiety ? https://t.co/ekQuBdhYCl',Benin,1306648388386140162
Agbatordude,b'@balogunramon2 Problem be iPhone new version on a stead ?\n.\nEven the poor dey strive to buy.',Benin,1306641497887051776
aishatarela,b'@aaishaaa___ @zia_tiffah I swear???',Benin,1306639191288225794
aishatarela,"b""It's not that deep ??? https://t.co/4btOZjn1hd""",Benin,1306635895567790080
nurudioo123365,b'@BBNaija @IndomieNigeria Laycon ????',Benin,1306633363722252288
beninho_ahor,b'Praying Time ????\n\n#Allah_Our_Protector ??? https://t.co/SbrXn74PK8',Benin,1306625063186247684
LbkPrefere,b'@iamtiwani @Iamdad28 Comme jimpa barbe ok',Benin,1306610787633553408
Adamercy10,"b'@idomagirl Wow I love jim for this,????all these useless people that keeps trolling those better than them 100 times'",Benin,1306600853126561797
zelda_daqueen,b'@mickarrow_royal michant ?',Benin,1306593057299558403
beninho_ahor,b'Retweet my Tweet \n#CallMeOnThis\n+229 94 55 72 31 https://t.co/uQNiB7KXrp',Benin,1306590905021788161
venancesovigui1,b'@okobsamoht Jesus',Benin,1306589595002458112
Ogidi117,"b""@louisajlo @Futureio @pengmanmodel @osuolale_farouq @ebubeaku1 @CRYSTARC_DESIGN Hope Nigeria didn't borrow Money to design this??""",Benin,1306581611895558156
Ogidi117,"b""@NigeriaAt6ty Hope Nigeria didn't borrow money to design this???""",Benin,1306581258248609795
nurudioo123365,b'@izzlax ???he naver reach dat nah',Benin,1306580985241309186
DaRealSAndie,b'I just can?t get you out of my head ??',Benin,1306580399917862912
DaRealSAndie,b'It?s the entitlement for me ?',Benin,1306579652622811136
DaRealSAndie,b'@kimcosugarqueen I will ??',Benin,1306579287395495943
nurudioo123365,b'@Peruzzi Make I try my luck \nPeruzzi abeg send me money pls ??????\nHope it works ???',Benin,1306578392570101763
DaRealSAndie,"b'Sorry, who ?? https://t.co/bOlLMFXVl5'",Benin,1306577814083309568
shaqGbolahan,b'Complete the sentence: #BBLaycon most definitely deserves the? #BBNAwards #BBNaija',Benin,1306577534625230849
DaRealSAndie,b'Hmmm oke',Benin,1306575826494857218
DaRealSAndie,b'@Hoodzoul Ugh again',Benin,1306574829760454656
nurudioo123365,b'Lol @itsLaycon  just said he as 3k followers and 100k stream across all streaming platform ????\n U are millions sti? https://t.co/VhoIIaxdp8',Benin,1306569155861151746
sonofatrader2,b'@wizkidayo we are waiting ohhhh',Benin,1306547637101965312
AbbatyYaro,"b'As long as we no d matuary\nD blessn go loud,we go worry neibours.'",Benin,1306547291071950848
beninho_ahor,b'@EstherL38892845 Would u be Bf',Benin,1306513073788813312
beninho_ahor,b'For any command just tape +229 94 55 72 31 \n#GodisGreat ???? https://t.co/VnxaBvfeSg',Benin,1306509850382344192
dakotimilehin,b'@OluwaShaly @aireyys Exactly my point ?',Benin,1306505864807940096
aishatarela,b'@ToyosiGodwin Yeah right ?',Benin,1306483873824595968
aishatarela,b'@ToyosiGodwin I love your spirit but things keep getting too hard for some of us ???',Benin,1306483022540271616
sir__aboskeeey,"b""Congratulations dear, definitely I know it will touch them in hearts because they're still at home without knowing? https://t.co/Bqscg2RdAE""",Benin,1306417326418518017
TimGDH,b'@supergalaxy Did he know the answer?',Benin,1306408760563335168
nurudioo123365,b'@sexydjbabylynn Nt at at all just make sure much u  vote for Laycon',Benin,1306400134608105472
anegbodedestiny,b'A young boy success has been a major crime in ???',Benin,1306382251849113601
moudacisse,"b""@setoo9 Eto'o the KING""",Benin,1306376692416606208
alaga_tommy,b'If I hurt your feelings \n    I?m sorry I don?t apologize??????\n             I don?t give a fuckin damm about any so? https://t.co/bCllw8S7hR',Benin,1306370421286154241
joachinkkp,b'Wish I had a girlfriend to get me this ????? https://t.co/sd59T6cTun',Benin,1306368216269291520
yan2christ,b'Trump President!!!! https://t.co/X690ixqABm',Benin,1306360320533950464
ImOnlyTM,"b'Sir, @jidesanwoolu \nPlease tell me this explanation is a joke\n?????? https://t.co/5YVCe8LwbX'",Benin,1306344716418637826
eurysyl,b'@R___doria @gomedicalEtVous Boss Lady\nMes respects !',Benin,1306334901168492547
HerDokoui,"b""Great and inspiring news. This is the type of tweet we like to read. We're officially launching AWE in Benin on Oct? https://t.co/s47uBD3FPF""",Benin,1306327586948210688
aishatarela,b'@craezee_ @_littlehuman_ @zia_tiffah Same????',Benin,1306326353244024833
aishatarela,"b""Y'all i am getting married ?????? https://t.co/1BUamCYjpM""",Benin,1306317383787782146
aishatarela,b'Come and marry me????? https://t.co/VxUvO0elRM',Benin,1306316354560110593
aishatarela,"b""@_littlehuman_ @craezee_ @zia_tiffah What's the difference?? ???""",Benin,1306314019377156101
aishatarela,b'God please let me see 50k ???????????? https://t.co/A13vhqWjw5',Benin,1306311250159251457
aishatarela,b'@northiee2 If i have 50k right now then i will be so happy ????',Benin,1306311067753230339
aishatarela,b'@northiee2 @aaishaaa___ If our chats leak you will know how broke we are ??',Benin,1306310395771138052
aishatarela,"b""I am still try to save for a power bike and i don't have 0.1% of what i need ????? https://t.co/02N6wbhpXw""",Benin,1306310104187371521
aishatarela,"b""I am still try to save for a power bike and i don't have 0.1% of what i need ????? https://t.co/02N6wbhpXw""",Benin,1306310104187371521
aishatarela,b'@aaishaaa___  come and see ?????? https://t.co/vJOKXnzqDt',Benin,1306308942688026628
aishatarela,"b""God no go shame me ooo???? My account balance can't buy me anything i need right now?????? https://t.co/vJOKXnzqDt""",Benin,1306308792691437571
march_rios_,b'Thank you all but I?m muting this conversation?? https://t.co/CwcEFoBp3x',Benin,1306299771980861440
AbbatyYaro,"b'The say we are the future,but we got No Human right,No freedom oll of them Sarz killing Boiz #EndSarzNow'",Benin,1306279488649650176
Ficogenic1,b'@emmanuelsondeji @Goldeengheeft @_Oremax_ @TheOluwajuwonlo @AlamzyKhalifa Shit ?',Benin,1306277948257902593
Ficogenic1,b'@xtopheranioha @kukuyoku @TheOluwajuwonlo @noirblvck_ Bad energy pro max',Benin,1306277714580713473
Ficogenic1,b'@_itarex_ @TheOluwajuwonlo @kukuyoku @noirblvck_ Bad energy',Benin,1306277661233250304
bnito05,"b""@kensmkog @Benes09 Yeah she's back and we're very excited to welcome her. Miss you a lot dear @Benes09""",Benin,1306259981977743367
dj_akinz,b'Dj Akinz - Best Of @seyivibez &amp; @Zinoleesky\nhttps://t.co/k4gclwKYOF\n\niPhone Users Stream/Download? https://t.co/mSPXdQJFkm',Benin,1306234198693416960
baeninoise,b'0 en tout https://t.co/3FnLJMIlbf',Benin,1306226999854276609
RxVibes08,b'@pat_mael Dinguerie ??',Benin,1306223871402676224
AbbatyYaro,b'Daddy needs to adopt me pls Sis??? https://t.co/vGHnGF3LaH',Benin,1306195757016514561
DaRealSAndie,b'@Gedreven_ How do you unlike ? Gaat niet ?',Benin,1306186598942375941
HerDokoui,b'Thrilled to join @PlanWACA Regional Congress this morning to discuss youth activists implication and mechanisms to? https://t.co/Ehhe7BYgac',Benin,1306174556789506048
Ahissou__,b'Wtf ?! ARE YOU KIDDING ME ??? https://t.co/49LlR6kIGD',Benin,1306173423815716870
aishatarela,b'@Sway_Zaddy_D What is this?????',Benin,1306171753857773568
_Cdriiic,b'I DON?T COOK I DON?T CLEAN BUT LEMME TELL YOU MY RING IS OFF ?? https://t.co/0U5LA3v57r',Benin,1306165969618980871
periemmanuel,b'@ZenithBank 1... /using bodmas\nBracket first(2+2) =4\nOf = 2(4) = 8\nDivision  8?8= 1',Benin,1306163099662196738
DaRealSAndie,b'HBD TO THE ILLEST THEEEEEE THRILLEST OF THEM ALL @illlestaround \nAAAAHHAAAAA BABY GIRL MORE LIFE MORE BLESSINGS \n?????',Benin,1306146299226583040
NDAYISABAAssie4,"b""@ClaudeKarangwa Dog,cat,pig,and there some different animals that I can't eat.""",Benin,1306135813030326285
teepapi711,b'Can?t wait for Friday',Benin,1306128605550968832
NDAYISABAAssie4,b'@AdaEhiMoses A lot of people',Benin,1306127106200481793
tito_enock,b'@mhoungbo Until the death of the poor cat',Benin,1306123073788280832
NoukpoArsene,"b'#Day3??4??\n\nPure #CSS and #HTML 3D Eye Animation with radial gradients, transforms and perspective CSS properties.? https://t.co/igQLyZ5f5h'",Benin,1306122983203909632
moonliqhttt,b'@ushilover chile... https://t.co/1ezYBNViOS',Benin,1306090957855653893
moonliqhttt,b'@trashyPotato56 it?s working nowww! Thank god ??',Benin,1306090611469168640
FemiAkt,b'@KaderMartin @AgbFrida Thanks',Benin,1306023670603821056
AldoAdj1,b'God is a woman https://t.co/3qk9msMzkC',Benin,1306021290432770053
Ahissou__,b'@muddassirjourno Don Flo ?',Benin,1306020294650466305
PhilippeMlo2,b'@ManUtd sign @Sanchooo10  \n\n#GlazerOut #oleatthewheel https://t.co/yQZkVmNoAU',Benin,1306007180857020422
FemiAkt,b'Les 02 pieds tchou ?? https://t.co/sTNCiUI3Xd',Benin,1305988645527183361
marckpossou96,b'@ibrv_b @TTFF229 You know bro',Benin,1305985328998744071
nureto1010,b'@lukky_stores How much',Benin,1305979339490693120
smouizz,b'@zechillcotonou @josaphatgemini Done ??\n\n@urbzan ?',Benin,1305971705656086528
Damas319,"b""Let's follow each other \n Follow me and be followed back in a seconds ? % sure\nI promise to follow back\nIf u don't? https://t.co/eLzKaqvYBT""",Benin,1305966474008432643
AbbatyYaro,b'?This girls have no idea*smh',Benin,1305965818338070535
TometinNarcisse,b'Grosse interrogation.... https://t.co/VFB3uEkSJS',Benin,1305961527581835264
ritualbloodfire,"b'@mylkiwxy I only have Ceres in my 2H (in Aries)... I luv the #?s 7, 8, 4...'",Benin,1305960649017655303
DaRealSAndie,b'I made friends here in Benin ??\nThey treat me like I?m fam ??',Benin,1305957948632506369
DaRealSAndie,b'My babies deserve the world and imma give it to them ??',Benin,1305957615906828288
Sedec_Iceking,b'?volume https://t.co/yZJKjSvTTa',Benin,1305955766868869121
aishatarela,b'@V_in_ce_nt You wish???',Benin,1305949396148854786
FranckRomel,b'@IZIchange The best ?',Benin,1305947098081357824
aishatarela,b'@V_in_ce_nt I am calling you Ebuka henceforth ?????',Benin,1305935402696617986
kishi_faces,b'RT @haofullahi: Congratulations to my blood brother that is joining the largest bar in African(as barrister and solicitor of the supreme co?',Benin,1305930675661484035
NarutoZaGoat,b'Blue https://t.co/2kdUH4ckq6',Benin,1305929520038449152
NarutoZaGoat,b'Olive et Tom???? https://t.co/fetsJjfG7S',Benin,1305929475696349184
NarutoZaGoat,b'Tchrm https://t.co/iy2eASedHH',Benin,1305929047151648770
mama_faycal,b'Happy International Democracy day\n#Journ?e_internationale_de_la_Democratie\n#NIMD_B?nin \n#Wasexo\n@gouvbenin https://t.co/zLcWTPgB7c',Benin,1305927165930811397
mama_faycal,b'@Fes_Benin @FESnewsbrief @fesmediaAfrica @FESonline Happy Democracy day',Benin,1305920626834710528
Damas319,"b""Let's follow each other \n Follow me and be followed back in a seconds ? % sure\nI promise to follow back\nIf u don't? https://t.co/ocxlZSphPT""",Benin,1305915242145288192
ucheofodile,"b'Today, we are saying a huge thank you to everyone who works so hard to make the lives of our customers brighter! We? https://t.co/zqDFgEklaB'",Benin,1305914670843338753
FemiAkt,b'Goat ?? https://t.co/2jZ9U74213',Benin,1305912290265440259
__mimoe,b'@CacatianJo HAPPY BIRTHDAY!!!',Benin,1305899633671979010
__mimoe,b'HAPPY BIRTHDAY JO!!!!! STAY SAFE!! @CacatianJo love u?? https://t.co/m9KmK8zou4',Benin,1305899604848914444
FemiAkt,b'@queen_oluu I know you handle well the situation ??',Benin,1305898947957977090
RxVibes08,b'Dany Phantom https://t.co/ZiQltPPBTs',Benin,1305898476790784005
RxVibes08,b'Kif paddle https://t.co/tvmMNgFzMp',Benin,1305897966033686530
RxVibes08,b'Tom n jerry https://t.co/RcbCDZs9gr',Benin,1305897547895111683
RxVibes08,b'Wtf ! Tous des masterclass ??? South Park &gt;&gt; https://t.co/dRjhc9Zu6Q',Benin,1305897376788422658
RxVibes08,b'Dexter https://t.co/6roozt9lQG',Benin,1305895526718676995
didimpakdidim,b'@matchalaloe Shark eat eumm tomatoes',Benin,1305859953161273345
YannMervyn,"b'Dalton, teletubbies https://t.co/AaJtUVby2z'",Benin,1305858719402602496
YannMervyn,"b'KND, MARTIN MYSTERE, SCOOBIDOU https://t.co/mjp80cUqgR'",Benin,1305858652742483973
YannMervyn,b'Cartoon network ?? https://t.co/M9v6Hv5qsi',Benin,1305858301314445313
YannMervyn,b'Atomic betty ? https://t.co/sEMuB42lv4',Benin,1305857872581062657
YannMervyn,b'Inspecteur gadget https://t.co/x5qbmDOAjq',Benin,1305857779161276416
YannMervyn,b'Dexter https://t.co/qhgZNEHLZL',Benin,1305857172224516096
Damas319,"b'Gameweek1 I was not good, but I gonna try my possible best to be better in the week2 https://t.co/gF9BNWvKDd'",Benin,1305852988402081794
Adamercy10,b'@heisAde_ @EricaNlewedim Is like u smoked oshogbo weed before typing this rubbish o',Benin,1305852138988474369
AbbatyYaro,b'Wen I remmbr dem Geees @5th_April @BBLAU08 @KalSajo_ @M_eljalal ??right now https://t.co/KOD3jWMqZg',Benin,1305850589931339784
ShirshenduRoy3,"b'@narendramodi Happy Birthday sir, may you live long and always be our PM. Wish you a very very happy Birthday sir.??'",Benin,1306412791553822722
IreneFieldsYT,b'Living https://t.co/6kIVUguDB6',Benin,1306343847870558210
bpsclown,b'@croqueta95 same',Benin,1306244547786297345
IreneFieldsYT,"b'Nada, se me ha ido el top AFK \nI love this game https://t.co/RtLNSCAhu1'",Benin,1306226418024624134
IreneFieldsYT,b'@jony1993cab Lets goooooo',Benin,1306223191073992704
NEFERTETA9,b'@dennauri_ WAKE ME UP WHEN SEPTEMBER ENDS https://t.co/wbsfXj23b8',Benin,1306218532489883648
bpsclown,b'@Yasmain_ sameeee',Benin,1306048195798200322
bpsclown,"b'@strayminhos legendary, breathtaking, extraordinary, epic, iconic https://t.co/5R85luaOWH'",Benin,1306047697162567680
NEFERTETA9,b'@hinfan Put your hands up in the airrr!!!',Benin,1306000442262990848
Sandip74015130,b'click on the link to view my channel on youtube!! https://t.co/WB9eatm7EH #Caricaturist #Sketches #TerryArtService? https://t.co/Jtt9B2ZEzL',Benin,1305937092120281088
bpsclown,b'stream folklore https://t.co/N9yZYflBro https://t.co/jX7QOXEZo4 https://t.co/c0WEOQljYH',Benin,1305876299181895681
RajRoy60310283,"b""@nusratchirps Mam ata Facebook a post korun apnar hatter's dar mukha jobab din..love you mam big fan of you and I a? https://t.co/hyvXOphJQ7""",Benin,1305771801616805888
RajRoy60310283,b'@nusratchirps I am proud of you mam  because I am your fan?',Benin,1305769958404751362
RajRoy60310283,b'@nusratchirps Love you mam??????',Benin,1305769745808011264
TeguHassanJ,b'On another note........?? @ Another Cloud https://t.co/2dgtrZqeKf',Benin,1305317329027424256
angysubmissive,b'Just a reminder that i have this song tattooed on my arm and I couldn?t be happier about it https://t.co/2TgjeFYe6X',Benin,1305242286796791809
angysubmissive,b'I wanna DUET W THEM',Benin,1305233291805687812
angysubmissive,b'I have a thing to doing background voices for the rap line',Benin,1305233246507225089
angysubmissive,b'FACTS https://t.co/hPgFTl7dJn',Benin,1305231903403003905
angysubmissive,b'UP IN THE CLUBS W MY HOMIES TRYNA HET A LIL V I \nKEEP IT DOWN ON THE LOWKEY',Benin,1305231340699291653
IreneFieldsYT,b'He ganao',Benin,1305211290072350722
dreamofjoonie,b'RT @angysubmissive: NO DISRESPECT FOR STARFISH BUT IF U WANT A FISH BE SELFISH',Benin,1305196290406481920
angysubmissive,b'NO DISRESPECT FOR STARFISH BUT IF U WANT A FISH BE SELFISH',Benin,1305195373921742848
angysubmissive,b'Tsiffie?? attention please \nBarkbark',Benin,1305192812653285381
tatelshara_,b'that?s mah baby?? https://t.co/mPDvXEB8Ip',Benin,1305192488693460992
angysubmissive,b'@ekoloko come back to Israel',Benin,1305190362269593602
angysubmissive,b'@tmoodforeva What am i to u',Benin,1305188864873697281
angysubmissive,b'@yeahitsbitten @haveasipbabe I SCREAMS CAUSE THIS IS MY BABY PUPPY IM BARKS BARKS RWASSE',Benin,1305183472886177798
angysubmissive,b'@yeahitsbitten Who dis',Benin,1305183150860120064
uwuyooni,b'RT @angysubmissive: This AU @uwuyooni of namgi https://t.co/s65lJ80z7W',Benin,1305178911974871043
angysubmissive,b'@yeahitsbitten Im such a simp for u its concerning',Benin,1305177697333768195
angysubmissive,b'@ALTRUISTlCVIO that?s on jumping on his cock after 3 seconds of knowing him',Benin,1305173838888611841
angysubmissive,"b'And for u sis, his sweet kisses were sweet because his mouth still tasted like my coochie.'",Benin,1305173207452979200
angysubmissive,b'This AU @uwuyooni of namgi https://t.co/s65lJ80z7W',Benin,1305154605228216320
angysubmissive,"b'Namjoon said huge arms and huge tiddies fellas, dude gotta wear a bra since he is THE BIGGEST BIG TIDDIE ANIME GIRL? https://t.co/a9QpU5vnRO'",Benin,1305148717847269376
angysubmissive,"b'@btstwerks @dreamofjoonie On that, namjoon deserves better.'",Benin,1305148263889137664
angysubmissive,b'@btstwerks @dreamofjoonie Honestly some armys litearly disrespect namjoon so much if it doesn?t have anything to do? https://t.co/2uAWbKTsFa',Benin,1305148202585391104
angysubmissive,b'Also the stuff our governments are doing DOESNT relate to the people living at both sided and y?all should fucking? https://t.co/kM2s33igYh',Benin,1305147752121274368
angysubmissive,b'Being antizionist and being antisemitism IS the same thing cause being an antizionist is ignoring the pain the jews? https://t.co/nkmA5StCOJ',Benin,1305147082366423047
angysubmissive,"b'@DRACOSHABlT thats why im leaving sis, you are the age of my mf little sister thinking u can actually talk shit abo? https://t.co/j8DYw84enh'",Benin,1305145058061152256
angysubmissive,"b'@DRACOSHABlT ofc you are, this is why u post such things, grow up and then we will discuss'",Benin,1305144188946837504
angysubmissive,b'@DRACOSHABlT And thats on being a jobless bitch.',Benin,1305143478041677824
angysubmissive,b'Only the avatar?? https://t.co/lCBDRcTLAF',Benin,1305131287305433088
angysubmissive,b'And betting on my actions when im just fucking tryna discover stuff about myself and saying that you know me better? https://t.co/SFvzbe9TpI',Benin,1305119873916375042
angysubmissive,b'You dont have any control on me start admitting it? i have fucking alot of flaws but the things i do are MY choice? https://t.co/EY7YG4xyQ4',Benin,1305119534685335552
angysubmissive,b'Honestly my friends always makes me feel so dumb and i wonder if in whatever group i will be in it will EVER change.',Benin,1305119043553296386
angysubmissive,b'@jewsmatter Im a simp',Benin,1305076837224251393
angysubmissive,b'OMG ME ME ME ME https://t.co/UCtXiu4EM6',Benin,1304946554009194497
_KarlieA,"b'RT @jveelasquez: One year later...\n\nTruly blessed to be with someone as loving, encouraging, and honest.\n \nits pretty neat https://t.co/2SD?'",Benin,1304938698367172608
kibmooo,"b'RT @jveelasquez: One year later...\n\nTruly blessed to be with someone as loving, encouraging, and honest.\n \nits pretty neat https://t.co/2SD?'",Benin,1304906026538463233
angysubmissive,b'@jewsmatter He is a mf hot dude',Benin,1304892154234494976
angysubmissive,b'Deadass icon https://t.co/5nhjkcAZvQ',Benin,1304861033845133314
angysubmissive,b'@yeahitsbitten your cute friend did not me?????',Benin,1304858658191421440
angysubmissive,b'Wow if this aint me https://t.co/QOW64ZUDoF',Benin,1304856179663921152
angysubmissive,b'OKAY PERFECT https://t.co/4q27SCcQ26',Benin,1304855874826113025
macyjean_,"b'RT @jveelasquez: One year later...\n\nTruly blessed to be with someone as loving, encouraging, and honest.\n \nits pretty neat https://t.co/2SD?'",Benin,1304837344307097603
angysubmissive,b'Im not a simp i only punch his ass',Benin,1304829606604701697
angysubmissive,b'Yall simp for my tsif we need to make gc for all of his simps',Benin,1304829544063475713
angysubmissive,b'Namjoon?s bdayyyyy?????????? https://t.co/qE08solwCo',Benin,1304825944650252289
angysubmissive,b'PERFECT https://t.co/JsYwtXK462',Benin,1304823310526619652
Creations310,"b'RT @jveelasquez: One year later...\n\nTruly blessed to be with someone as loving, encouraging, and honest.\n \nits pretty neat https://t.co/2SD?'",Benin,1304818225096654848
jveelasquez,"b'One year later...\n\nTruly blessed to be with someone as loving, encouraging, and honest.\n \nits pretty neat https://t.co/2SDxtU2PrW'",Benin,1304817593807757316
angysubmissive,b'On his bday but this shit wack af cause even tho he knows me it will never happen hahahahahha',Benin,1304703947580616704
angysubmissive,b'Its the fifth bday I celebrate w namjoon and honestly im always fucking struggling cause i love the dude sm and im? https://t.co/vSYg8fnTJi',Benin,1304703946041315331
angysubmissive,b'I SENT MIRI A VOICE AUDIO OF ME MOANING ?IM GONNA CUM? AFTER SHE SENT ME A VID OF NAMJOON IM?- iwas rlly high last night',Benin,1304703098200494080
angysubmissive,b'He is my man https://t.co/bhs27U2ZVK',Benin,1304701927108870144
angysubmissive,b'IM MIVING FOR THIS https://t.co/CQTfU8AXiK',Benin,1304669891824365573
angysubmissive,b'Jk i do',Benin,1304580574288523264
angysubmissive,b'Jk i dont',Benin,1304580543053533184
angysubmissive,b'I breathe in jealous',Benin,1304580482517041158
angysubmissive,b'@heejusimp @yeahitsbitten I?ve been waiting for this one',Benin,1304580414795911171
angysubmissive,"b'@yeahitsbitten @heejusimp WOOFWOOF, when are we doin the shigidigi'",Benin,1304579531060244482
angysubmissive,b'@yeahitsbitten A jin? U never introduced to me?',Benin,1304578945652850703
angysubmissive,b'My coochie wiLD  https://t.co/kKroJpfNG6',Benin,1304569314117406720
angysubmissive,b'@yeahitsbitten omega??????',Benin,1304566902698774529
angysubmissive,b'I got to the point where i moan in japanese for the Japanese friend of my friend.',Benin,1304562716779188230
angysubmissive,b'I will sacrifice my OWN life for pakistan',Benin,1304559314477162497
angysubmissive,b'I wanna be a pilot',Benin,1304559108541087748
angysubmissive,b'@yeahitsbitten @heejusimp Im low but not low enough to suck d sadly',Benin,1304558644646891520
angysubmissive,b'@heejusimp @yeahitsbitten Uh i love when they praise',Benin,1304557949940047872
angysubmissive,"b'@yeahitsbitten @heejusimp sis no, u deadass just never LET ME AND I NEED TO GET OFF MY FLIRTING SOMETIMES'",Benin,1304557725712625665
angysubmissive,b'@heejusimp @yeahitsbitten that?s spicy bb',Benin,1304557254805520384
angysubmissive,b'@yeahitsbitten @heejusimp No u just never let me flirt w u when im bored',Benin,1304557166213451776
angysubmissive,b'@heejusimp @yeahitsbitten Damn bby u are',Benin,1304556940610109441
angysubmissive,b'@yeahitsbitten @heejusimp Cause its cute move',Benin,1304556908607606791
angysubmissive,b'@yeahitsbitten @heejusimp I deadass laughed',Benin,1304556773920116736
angysubmissive,b'Can namjoon destroy my private part',Benin,1304556443534852099
angysubmissive,b'@yeahitsbitten U really are princess',Benin,1304556293697527816
angysubmissive,b'@yeahitsbitten It doesn?t look like his for shit never seen that pic',Benin,1304555825629929473
angysubmissive,b'@yeahitsbitten The other one',Benin,1304555606922137605
angysubmissive,b'@yeahitsbitten What kpop dude is it now',Benin,1304555504824442880
spdrie,b'I have decided to delete all of my past memories. new day new me',Benin,1304532806048059392
angysubmissive,b'@1990NAMJOON I giggled',Benin,1304530790219493376
angysubmissive,b'@yeahitsbitten U just said YOU ARE GETTING A BLOW JOB INSTEAD OF LOVIN ME',Benin,1304525546349637632
angysubmissive,b'Rap into my clit https://t.co/Enn5npyeC6',Benin,1304522781586001932
angysubmissive,b'@SUGAOOC No its cause im drunk',Benin,1304506216123596800
angysubmissive,b'@SUGAOOC Why did I laugh',Benin,1304504174592360449
angysubmissive,b'@yeahitsbitten Fattt juicy ass',Benin,1304500423802355717
angysubmissive,b'@yeahitsbitten He does',Benin,1304476797703159808
angysubmissive,b'MY LOVE https://t.co/Beb1OqkdMM',Benin,1304457809451458562
