user,text,country,id
vomitbave,b'BOYFRIEND GETTING THE MAID DRESS OH MY GOD POG',Uruguay,1306723145185976323
possumflakes,b'RT @vomitbave: fem jreg do be looking? https://t.co/6jaGAt8buO',Uruguay,1306722284225179648
vomitbave,b'@SadieIsInPain @jrivorce @LEDSKULLFUCK @JrutrobogIsALie please?',Uruguay,1306721271447683072
meferreyra,b'@marielferreyra Donde?',Uruguay,1306720735814180864
Julian__ok97,b'Gooooool Borre!',Uruguay,1306719380886167553
vomitbave,b'@jrivorce @LEDSKULLFUCK @JrutrobogIsALie @SadieIsInPain love that',Uruguay,1306719284136226816
vomitbave,b'@s0ft_0wl god no please',Uruguay,1306719089608491014
lsmacchi,b'as vain as i allow',Uruguay,1306719081568112641
Martin_Silva_8,b'Cheeee racinggg',Uruguay,1306717498654457856
Danieltunnard,"b""If you could bottle Josefina's anger when she's doing DIY, you'd have a very angry bottle.""",Uruguay,1306714296076980224
TatiRC8,b'@hxbitcap Mood',Uruguay,1306714006028275712
JoackoSommer_5,b'@czurraa horriblee',Uruguay,1306713839531065344
RocioQ22,b'@_rotoymalparado Messirve',Uruguay,1306710303325986816
manuperez1999m,b'@imzoriana Yes I have.  My account is manuelperez1999m',Uruguay,1306707885141958656
DamianV6661,b'Nothing is going to be ok.',Uruguay,1306707649501843460
vomitbave,b'@EvelynAgender AMEN!! ????',Uruguay,1306706827019681792
vomitbave,b'@lime_muffin chip yes',Uruguay,1306706732777984002
vomitbave,b'@lime_muffin dont mind me just contributing to the ratio',Uruguay,1306704517334028289
hunnilemonade,b'RT @vomitbave: fem jreg do be looking? https://t.co/6jaGAt8buO',Uruguay,1306703323815448576
FioreNeron,b'Say my nameeee say my name',Uruguay,1306703011536928768
fr0ggieee,b'RT @vomitbave: fem jreg do be looking? https://t.co/6jaGAt8buO',Uruguay,1306702762902773760
Rodripica_14,b'Goooool che',Uruguay,1306702636700364801
Esteban_bolsoo,b'Seeguro capi 9????',Uruguay,1306702601136885760
valentinita_4,b'Same https://t.co/3xtS0cQrKr',Uruguay,1306702500569976834
renzoo1899,b'GOOOLL BERGEDIOS',Uruguay,1306702497487237124
Giles_miki08,b'Goollllll',Uruguay,1306702271003140096
RyudoTenjin,"b""@echo_seren @The_Sopralto Same here. I don't want that kind of person around here""",Uruguay,1306701949815881728
jitterbun,b'RT @vomitbave: fem jreg do be looking? https://t.co/6jaGAt8buO',Uruguay,1306701568197234690
vomitbave,b'fem jreg do be looking? https://t.co/6jaGAt8buO',Uruguay,1306701402610249733
RyudoTenjin,"b'Regardless, I would always be giving my full support in any way I can... Recommending your channels, commenting, gi? https://t.co/78MYktr6lc'",Uruguay,1306701374944673792
RyudoTenjin,"b""Argentina's monetary situation went straight to hell. We can barely use dollars now, and they put us a 200 usd limi? https://t.co/O6Dg4DH4gu""",Uruguay,1306700681697546251
RyudoTenjin,"b""@takanashikiara Oww your superchats got enabled just when Argentina's economy situation went literally to hell. Can? https://t.co/fD16Bdu63N""",Uruguay,1306699840294969355
TheToppingGamer,b'RT @Imnfractus: #RobloxDev #Roblox\nSome models that I made for Dracos Ez Studio projects. 3 https://t.co/fYQCVIaaKH',Uruguay,1306698461128142850
mpazperalta,b'If Eda leaves (let?s ?? she?s not) this song will be Serkan?s anthem #EdSer #Sen?alKap?m? \n https://t.co/wnCZbHcLxZ',Uruguay,1306696730956759040
vomitbave,b'awsten knight just fuckin chopped all his hair off on live lmao',Uruguay,1306693967552090113
vomitbave,b'@V0IDPUNK idea: goth gf x scene bf',Uruguay,1306687127946698752
brisahaberkornn,b'Never too late',Uruguay,1306681936899964935
maximilianitaa,b'@joasevero AH RE',Uruguay,1306681484993007616
vomitbave,b'@SloaneIsFilth @kasesangf FUCK YEAH',Uruguay,1306681204880666627
emisanchez204,b'RT @diego_6cabreraa: Literal',Uruguay,1306681038933024780
mattiluquez,b'Que crack https://t.co/OwJnRhWUX3',Uruguay,1306680820804071429
vomitbave,b'@HeliTheChemical situational irony',Uruguay,1306680154287038464
TatiRC8,b'@tatamartina_ Tonces ?',Uruguay,1306679784953520128
TatiRC8,b'@yoongiased_ Toma https://t.co/uUwormCwai',Uruguay,1306678360664412169
thiagohermano,"b""@arielhelwani So , he's not retired. Good.""",Uruguay,1306677940583890951
Leftistboots,b'RT @vomitbave: pain. https://t.co/HfK4eUUIjq',Uruguay,1306676340246999040
firsttllady,b'Not me saying ?LMAO? and meaning it',Uruguay,1306676025552707586
vicgarciaa1,b'@sophiapias1 Re al',Uruguay,1306674826279563265
vomitbave,b'@cezico06 how many',Uruguay,1306674400935190530
vicgarciaa1,b'@tomy_ruiz1 T mando gay',Uruguay,1306672962368659460
vomitbave,b'@MewMewMadness @Nabulangi_ DONT MAKE THAT COMPARISON',Uruguay,1306672900519403522
Mayselva1,b'Real https://t.co/OS0UIH5Zaz',Uruguay,1306672786429980673
Escobinha11,b'Con T https://t.co/h8uFa1AEG7',Uruguay,1306671475299147784
vomitbave,b'@EvelynAgender &gt; implying the police wouldn?t shoot you before that point',Uruguay,1306669044263718919
vomitbave,b'pain. https://t.co/HfK4eUUIjq',Uruguay,1306668070992257025
Pia_demoro,b'unn amor son https://t.co/Hf6ObIYWte',Uruguay,1306667434116624384
Piero_vasco1914,b'@Imaa1899 Touring',Uruguay,1306665871008563200
sadmaaty,b'this is weird',Uruguay,1306662745178284032
Davey_Jones21,b'RT @vomitbave: my day be so fine then BOOM. ?Homofash Piss liked your post?',Uruguay,1306661971266330627
diego_6cabreraa,b'Literal https://t.co/NA0bacFDW7',Uruguay,1306661643552780289
JXTASERRA,b'All hope is gone',Uruguay,1306660190679453700
Danieltunnard,"b'Because my mum married a man called Barker, her name is now Sue Barker, so whenever Sue Barker (Wimbledon ace) is i? https://t.co/97cqzSRde3'",Uruguay,1306660094399176708
Imaa1899,b'@Eneas_08 Rive',Uruguay,1306658251228971010
Leodekc,b'SCRIMS VS EQUIPOS PRO LEAGUE! https://t.co/5Zx5MW307W',Uruguay,1306654501953298437
firsttllady,b'@TheCalculator You?re most welcome',Uruguay,1306651995386904577
cmoneyburns,b'RT @vomitbave: old conservative men listening to punk music and getting mad when the band posts leftist remarks will never not be funny to?',Uruguay,1306651314156449806
vomitbave,b'@toomuchhelium you will. :]',Uruguay,1306651271596838913
Lea_Ezequiel16,b'Tan real ?????? https://t.co/ePtljPxm2z',Uruguay,1306649084338503680
vomitbave,b'@MewMewMadness NOT cool!!!? https://t.co/fxmqzvQEec',Uruguay,1306644992384000000
BrunoGallay3,b'@ale soto \n@adriana weigand https://t.co/ULw2kwoCRp',Uruguay,1306644897026502657
TatiRC8,b'???????    ?????\n??.???.???  ??.????????   ??.\n ?.??      ??        ?   ??    .    ?\n ?         judas was An Impost? https://t.co/aUWFUMXV7l',Uruguay,1306644786447896576
TatiRC8,b'@HinchaDeSilva Stalin ???',Uruguay,1306644308540481542
vomitbave,b'@high0nwater man i wish i listened to the cw',Uruguay,1306644254945665027
vomitbave,b'if you wanna get back together we could break up again???',Uruguay,1306644004562440195
Edu24710623,b'Literal https://t.co/aUd8cukvDI',Uruguay,1306643377358860289
RenaFonseca1,b'cuando katy dijo ?find out who is really there for me? i really felt that',Uruguay,1306643272211853312
riip_mxga,b'@Avrilll0581 q andas viendo los likes d mis twts fea',Uruguay,1306641152926461953
LukasJamesArg,b'?| @lukasjamesmusic via @TigerBeatNow InstaStory https://t.co/l5tQxHPPn6',Uruguay,1306639742021390336
xanomicsuicide,b'RT @vomitbave: welcome to anacapistan where every many can be a king',Uruguay,1306638849347592195
lede1899,b'SHARPAYYYY https://t.co/r91tg4DYhe',Uruguay,1306636975055790081
kmilagmmut0,b'??? animal dice https://t.co/E4jpdqpfSd',Uruguay,1306636906428616704
dionysusdoodles,b'RT @vomitbave: the sexual tension between goth girls and tiny gamer boys with adhd',Uruguay,1306636102397165569
vomitbave,b'@HeliTheChemical who are u closest to',Uruguay,1306630478863183872
diego_jar,b'@paulsmithdraws X-Men would never be as good as this Claremont/Smith/Wiacek run again. Best of all time.',Uruguay,1306629871779688449
vomitbave,b'@JrutrobogIsALie @LEDSKULLFUCK @SadieIsInPain guys guys calm down there?s four spots on the jrarents application',Uruguay,1306629752950796288
vomitbave,b'@boomerjreg chip',Uruguay,1306628784964202496
vomitbave,b'@john00276 @john12107 @john00087 @john00136 oh ok???love you johns??',Uruguay,1306628527530352648
mpazperalta,b'These pics scream TASTE ????? #Sen?alKap?m? https://t.co/Rpa5kpC1bx',Uruguay,1306628503316697088
LukasJamesArg,b'?| @lukasjamesmusic via @TigerBeatNow InstaStory https://t.co/OLAoynkhXN',Uruguay,1306627720336617474
vomitbave,b'@LEDSKULLFUCK you have to fight jrutrobog to the death. Or coparent idfk',Uruguay,1306627414806724608
Danieltunnard,b'@DanEdwardsGoal Very generous of you.',Uruguay,1306627177593688065
vomitbave,b'@john00276 @john12107 @john00087 @john00136 WHAT THE FUCK',Uruguay,1306626921627873281
anizap_,b'Lifeeeee',Uruguay,1306626733832048641
anizap_,b'Love of my lite @maalezapata https://t.co/pamD7Y4IZb',Uruguay,1306626651502112774
vomitbave,b'someone jradopt me NOW!!!',Uruguay,1306626061623492610
vomitbave,"b'@aberranthawk fuck dude!! i don?t think i can answer that, too far bro...'",Uruguay,1306625880538656768
vomitbave,b'@Shy_guy_system @boomerjreg shy guy no',Uruguay,1306624937818554369
ComradeGrey,b'RT @vomitbave: oh yeah? if no billionaire how are job made??? B]',Uruguay,1306624870533361664
vomitbave,b'@boomerjreg this you? https://t.co/orS9u2NMrF',Uruguay,1306624634427781122
vomitbave,b'im going to pull boomer jreg?s life plug',Uruguay,1306624554773688320
