user,text,country,id
secretgcd,b'@Kellimaroney @AdamSerwer Trumpies hate-reading Zinn will not turn out as well as he thinks.',Colombia,1306698498461622273
hashingitout1,b'Done ? vote &amp; rt https://t.co/9b4MRRzvzT',Colombia,1306698491553632262
ECrupi,"b'RT @BershodM: @realDonaldTrump @Mike_Pence @TwitterSupport @jack This is disinformation, please label it as such'",Colombia,1306698461589495810
Caseyfla,b'@johncardillo @FoxNews Good question.',Colombia,1306698459886555138
SIMEDHealth,"b'For migraines, eye irritation, or #COVID19 tests, come to SIMEDHealth Urgent Care this weekend. Open 9AM-2PM!? https://t.co/lt9Kwz1qip'",Colombia,1306698443591741441
BobBurg76348407,b'@HerschelWalker @FoxNews @CNN @espn @ajc @POTUS @MSNBC @HouseDemocrats @GOP @dallasnews Hershel is spot on!',Colombia,1306698427858812931
falboart,b'The Fight Between Good And Evil Original Abstract Painting Black And White Anthony R Falbo https://t.co/UuyyM4bj1d? https://t.co/2YrBd3Jq92',Colombia,1306698400268722179
PhysiciansofCFL,b'Today September 17th is the third annual National Physician Suicide Awareness day. https://t.co/gplHKcMRVS',Colombia,1306698384217198594
AsaurusBlue,b'@bklynbrewshop gonna start this batch today! I?ll let you know how it turns out! https://t.co/U5fJT9ICMj',Colombia,1306698380110897152
Dank_Virgin,b'RT @Calico1o1: Frickin join this you fricks\nhttps://t.co/tJ35DnyqBw',Colombia,1306698345902006274
BiancaAhonen,b'RT @VashtiQV: Fantasy Angels Series: \n?The Fall of Lilith \n?Son of the Serpent \n?The Rise of Gadreel (COMING SOON)\nSupernatural fantasy spr?',Colombia,1306698343238660096
MLinkk,b'@ReturnofR John ?The Quiet One? Entwistle ?? https://t.co/6k2DFV9mVP',Colombia,1306698326172225537
Orion___Khan,b'@eshaLegal thought there was a hair on my screen with this pic...',Colombia,1306698317275987971
MyJordansFresh,b'@mistergeezy It?s the juggernaut bitch is all I heard in my head ?????',Colombia,1306698317162741760
PTVACATIONS,b'Thank you for the re-tweet @TriptiCharan',Colombia,1306698310925930498
fifiboca1,"b'@BernardKerik @jpharley3000 With his attitude, it certainly explains why his daughter is a self-entitled anarchist.'",Colombia,1306698300930904070
atom1016,b'.....Army.....?...........ok. https://t.co/nFpy2U2s4X',Colombia,1306698292173197313
MrKnightman_,"b'""The Devil All the Time"" is perhaps one of the best movies I have seen this year, on Netflix.  Some Oscars should b? https://t.co/kHWxkPb2tt'",Colombia,1306698258383810567
ReginaldMaster,b'ME and Sonic https://t.co/El6LZeKesU',Colombia,1306698255527444483
Jilliemary,"b'RT @LifeWithJohn: Never stop being a good person because of bad people. ~ It may seem you are outnumbered, if you are a good person, but yo?'",Colombia,1306698252402724868
Tonyc67806241,b'@fkutrump23 That was funny!! https://t.co/RrSsnKK6gi do it!!',Colombia,1306698239580790785
gmiller1952,b'@Feisty_FL I don?t know how you do it. Wearing the mask at Publix is bad enough!',Colombia,1306698234501435393
LeChatNoire4,b'RT @rufkutdiamnd: @DemsKeys @LeChatNoire4 @tinyboo49 Keep it going!',Colombia,1306698207989321728
Tess3761,b'@ogprop55 Just saw it now. Really sorry about that. Hopefully more help should be on the way soon. Lot of unemployment in our state too.',Colombia,1306698187428765697
GlassShard,"b'@nasenlotl Shush, your style is terrific.'",Colombia,1306698183314214912
Caseyfla,b'@OutnumberedFNC @TheJuanWilliams @HARRISFAULKNER @MelissaAFrancis @dagenmcdowell @KennedyNation I have never been m? https://t.co/VAnCV5RFG8',Colombia,1306698183079321601
pseudonympho92,b'RT @barbabos305: Had to drop @Cumforzae off to work and after paying for gas his thigh starting looking  good asf. Let me get some pussyhol?',Colombia,1306698182827573249
falboart,b'Lean Not On Your Own Understanding Original Abstract Painting Anthony R Falbo https://t.co/ptP0tf2PWw via @Etsy \nSa? https://t.co/w98trLI3jd',Colombia,1306698143434780672
Wxgirl169,b'@Palmolive_S_Pan @vroberts9 @VitCza @GordonHarmony @MissytheB @lynda3035 @Tonithecat32 @sharon_cantley @BloomNight2? https://t.co/hgGsoyzCS3',Colombia,1306698118029807617
Calico1o1,b'RT @Calico1o1: Frickin join this you fricks\nhttps://t.co/tJ35DnyqBw',Colombia,1306698082210455556
TUSABEEW,b'RT @disparandoajp: fuck off',Colombia,1306698074287374336
DTHutson,"b'RT @ScottImmordino: FACT CHECK:  Biden will not raise your taxes unless you are making more than $400,000 per year (and that increase will?'",Colombia,1306698047938756609
footprintsinpd,"b'@bjkbrady @HammockResort @VisitFlagler @MarinelandFL That?s awesome!  I?m glad you guys had a productive, relaxing? https://t.co/dxwHQDVgRu'",Colombia,1306698029194502145
KRothgeb,"b'I would whisper, ?Oh God? but that won?t be allowed or the kids will turn you in. https://t.co/SyJzmZAm3Y'",Colombia,1306698011649736706
Agentvp,b'How to Make Your New House Feel Like Home After a Move https://t.co/cDdNuDqNRG https://t.co/5HTwQRJKPN',Colombia,1306698008210354178
MyJordansFresh,b'@_Koach_K Me outside of Popeyes ?IS THIS YOUR CHICKEN SANDWICH!!!? https://t.co/y8BPlceinj',Colombia,1306697999599501312
christiantennis,"b""@FiringOnAllFive @thomaslhorrocks ?\nNah.\nI'm just saying.\n\nThe USA church model just might be winding down.\n\nFamili? https://t.co/G7vSnWIzzZ""",Colombia,1306697952962936833
becklyboogames,b'Legit sad that my twitch stream yesterday didn?t upload to my channel! Had my settings to where it would save too.? https://t.co/SDV4dNVcKd',Colombia,1306697921040125952
ChristianStella,b'Chilling and chatting live on Twitch right now: https://t.co/tdmQ2YcG9Y https://t.co/qxURwLAJGc',Colombia,1306697919928639505
AnneFromMaine,"b""Pence's former lead coronavirus task force aide slams Trump and endorses Biden in new video\n\nhttps://t.co/Hc4ybarZFh""",Colombia,1306697893412208643
ahimsalotus,b'@Briteeye777 @ZengerleJoshua Following!\nElizabethanon@ahimsalotus??\nIFBAP???\nThank you in advance!??',Colombia,1306697891784912902
falboart,b'The Valley Of The Shadow Of Death Original abstract Painting Anthony R Falbo https://t.co/lThG8C00ju via @Etsy Sale? https://t.co/y7RMUw6CAe',Colombia,1306697848139001857
musicalmytho,b'@MrNotAPoliceman yeah this is what i meant im the tweet aha',Colombia,1306697840069152769
vickie_baron,"b'@NY_runaway The ""militia"" that is too chicken isht to join the Army and too stupid to pass a PD exam....? THAT ""mil? https://t.co/awsUudjViN'",Colombia,1306697779201421312
TahlJon,b'RT @Wecanbebetter_: ? Trump?s lying accordion hands! Volume up!\n        #TrumpIsALoser',Colombia,1306697771299360776
TheRisingPride,"b""Usually I can extract some sort of meaning behind these, but this one's just odd""",Colombia,1306697732577546244
musicalmytho,"b""@httpsotonashi i hope they'll be alright, sending love ?? /p""",Colombia,1306697732279730176
SusanneLeist,b'RT @VashtiQV: Fantasy Angels Series: \n?The Fall of Lilith \n?Son of the Serpent \n?The Rise of Gadreel (COMING SOON)\nSupernatural fantasy spr?',Colombia,1306697714214801409
LFGGGBILLS,b'@RiggsBarstool @BarstoolClassic We need fans at these things!',Colombia,1306697707529146370
NakedAxiom,"b'Oh, look. More lies from the WH. ? https://t.co/ALuUck8be4'",Colombia,1306697699710959616
HeidiBaird1,b'RT @fl511_southeast: There is a crash on Floridas Turnpike. SB at MP 145 before Port Saint Lucie. All lanes are blocked. Traffic is being d?',Colombia,1306697683235672070
Tonyc67806241,b'@fkutrump23 He is so Patriotic  I don?t think so Instead of hugging our flag how about hugging our  troops Stay????',Colombia,1306697681679593473
Photogbill222,b'Spot ON! I wish I could RT this a million times! ...but they ...the ruling class ..will NEVER admit they were wrong? https://t.co/Ji8rrmr5jS',Colombia,1306697673777516545
DTHutson,"b'RT @ScottImmordino: In April, top Trump administration officials proposed using the USPS to send five reusable masks to every residential a?'",Colombia,1306697670996774913
tammy_marchand,b'RT @LifeWithJohn: Never put off till tomorrow the fun you can have today. - Aldous Huxley ~ #Positivity https://t.co/i4x8BXAqwt',Colombia,1306697669331558400
swfbrianagain,b'@thehill More lies just to prep his attempt to stay out of prison',Colombia,1306697654064369664
Wecanbebetter_,b'@EmilR81994722 @beckyadenton @badbitchinaz Looks awesome! ?',Colombia,1306697632547573761
fifiboca1,b'@EvanAKilgore No. Never. #VoteInPerson2020',Colombia,1306697622527324161
Maui_anne,b'@lowp3 @MiamiHEAT Lmaoo Row 4 behind the bench!?!! Crazy! I would have gone ???',Colombia,1306697596136820736
DeerCeo,"b'RT @Strain42: @AndrewSolender Ah yes, the true story of America. That our founding fathers came here, got struck by a bolt of lightning tha?'",Colombia,1306697592491978752
thedailyfishfry,b'Best President EVER! \nF Liberals \nF Marxism \nF Bernie Sanders\nF BLM (democrats)',Colombia,1306697548766347267
TheRisingPride,"b""Today's mid-afternoon nap nightmare: I'm running a corner store, the only employees that offer to come in are the o? https://t.co/QrV7Rhl1IB""",Colombia,1306697534203715584
falboart,b'These Signs Will Follow Mark 16-17-18 Original Abstract Painting Anthony R Falbo https://t.co/sJaDcslt2U via @Etsy? https://t.co/RrJiMVS2dw',Colombia,1306697533587099648
man42020,"b""@John42267856 @Astartiel I'd trust him before I trust your regime.""",Colombia,1306697530978308105
Wxgirl169,"b""@HazelandRemy 'Tis true!?????""",Colombia,1306697524145795072
LifeWithJohn,"b'Storms make trees take deeper roots. ~ With all that we have been put through, we are proving this true each and ev? https://t.co/L87Iq39kwi'",Colombia,1306697518533742593
jojofromroto,b'@drenamay1 @JohnC5359 @joelockhart @PressSec @MSNBC Too bad you don?t make any sense',Colombia,1306697493019795456
amandathepandi,b'Yess!!!!! Make it haopen @CBSBigBrother https://t.co/pIpWo0HDGz',Colombia,1306697410094268416
DeanKmo,b'RT @Wecanbebetter_: ? Trump?s lying accordion hands! Volume up!\n        #TrumpIsALoser',Colombia,1306697381531070464
dwfjp_nanap,b'@TDRPlans @FigmentFig Last night/this morning was crazy?',Colombia,1306697367035445249
Goddess1345,"b'RT @Strain42: @AndrewSolender Ah yes, the true story of America. That our founding fathers came here, got struck by a bolt of lightning tha?'",Colombia,1306697355660533761
MyJordansFresh,b'Damn what am I going to eat? I want a chicken sandwich now ?',Colombia,1306697308361416705
sunnheat,b'@Deadmau5Morice @wsvn The state itself is not an expensive place compared to anything in the northeast or west coas? https://t.co/lRtqbBPjJl',Colombia,1306697307551866887
JesicaRManrique,b'@lacelestiana Australia',Colombia,1306697287972855808
TCPalm,"b""Hear that? Listen closer, it's mullet on the run! #fishing #Florida https://t.co/Wd4h8MC99P""",Colombia,1306697273263493123
Wxgirl169,"b'@HazelandRemy In any event, I like the name Remy!'",Colombia,1306697271564808192
falboart,b'A New Heaven And A New Earth Rev 21:1-4 Original Abstract Painting Large Anthony R Falbo https://t.co/J3aZUV1UL3 vi? https://t.co/qKqT65BuHo',Colombia,1306697267626283008
JVega10704361,b'RT @SEANC0RBY: Please help me find the remaining cards. \nThe finish line is so close!\n2019 @TheJudge44 @Topps ? https://t.co/jdiKEF0FZM',Colombia,1306697246201835521
SDMizzen,"b'You mean, History class? https://t.co/dq8md8tHt0'",Colombia,1306697223569317889
fl511_southeast,"b'Updated: Crash in Broward County on Oakland Park Blvd West, at I-95. 2 Right lanes blocked. Last updated at 04:50 P? https://t.co/AvuucyxB9f'",Colombia,1306697205969977344
fl511_southeast,"b'Updated: Planned construction in Broward County on Sunrise Blvd West, at I-95. Right lane blocked. Last updated at? https://t.co/cryZekGjCW'",Colombia,1306697205223436290
irish_wolf,"b""Just got done doing the #SmugglersRun with @HHNLegacy \n\n...\n\nLet's just say we'll leave the driving to Chewie from? https://t.co/aSaVJuOMmu""",Colombia,1306697201519919104
swfbrianagain,"b'@thehill Scratch your chin, @GOPLeader. Trump?s nutz itch'",Colombia,1306697191344541699
Wecanbebetter_,b'@JBLNT1 I was chuckling! Funny shit. ?',Colombia,1306697162877743104
LLLaneyLane,b'@sueisdone @OleSabrinaM Would you say that traditionally a husband has more power over the lives and freedom of wiv? https://t.co/twogWd9rrD',Colombia,1306697157756555266
Tumulouss,b'@BractionR6 the queues at high ranks are going to be ass but i agree',Colombia,1306697149581852675
Wxgirl169,"b""@HazelandRemy I used to call my cat Killer( my brother named her?) Killekins. That's one of  the wonderful things a? https://t.co/eqINf0aRvk""",Colombia,1306697142925484037
g_minibnni,b'Lmaooooo the way he just talks to his fans I read this shit in his voice fjdjsjw https://t.co/oZK985cGKz',Colombia,1306697125938556929
Strain42,"b""@AtomicMexican77 And you think you've made some sort of point.""",Colombia,1306697043134603264
WaltjenSharon,b'RT @HollyHutchinso4: @atrupar This is scary. Trump is ignorant about history and geography. He?s the last person who should be making recom?',Colombia,1306697042744360960
Astartiel,"b'RT @man42020: @John42267856 @Astartiel Well, unfortunately Republicans need to become educated before they can threaten to reeducate anyone?'",Colombia,1306697031176478720
MyJordansFresh,b'@_Koach_K I said the same thing I was SO disappointed cause ppl were fighting over it smh',Colombia,1306696988658995200
falboart,b'Children Of God Philippians 2-15 Original Abstract Painting Anthony R Falbo https://t.co/AfEfUg8J2N via @Etsy \nSale? https://t.co/oPxz2DwDZf',Colombia,1306696959928000512
fingurlECG,"b""A #heelsup Bolshivick, blow you up socialist administration?  \n\nI'll pass and vote red. https://t.co/KNJdOsXCy6""",Colombia,1306696959361716226
g_minibnni,"b""@deadratbabe smh let me ? we'd be two roses w the same name""",Colombia,1306696955813298183
Ben_The_Bailiff,b'I love our country. But it was hardly ever perfect. We are supposed to acknowledge our past sins and mistakes in or? https://t.co/oP9QaMuLqc',Colombia,1306696921592016897
Strain42,b'@QuietStormm15 When I was in school I was forced to recite the pledge of allegiance every single day and was taught? https://t.co/ULM8o4AVSf',Colombia,1306696911777300483
christinegabers,b'@wisteriaroses Screaming without saying a word.',Colombia,1306696849038946306
ConservaTed_Fla,b'@dhc_1990 @LGMcCaw I could?ve said the same thing about Florida just 8 years ago. Be vigilant. It CAN happen.',Colombia,1306696820685381632
doug_s1207,b'I am ashamed of being a native Floridian today. https://t.co/1j8rTpc4mn',Colombia,1306696800389169158
