user,text,country,id
Dhe_Tutor,b'RT @Akguru01: Ya Allah replace our sadness with something beautiful',Cameroon,1306694413515657217
MiSafti_,b'@SaraCandyA Yupp !!',Cameroon,1306693501569167360
TavoWrId,b'@DropOutts That case not that bad',Cameroon,1306693443209572352
JHTheHurricane,"b""@Bat_mayne_ Welcome brother. There's so much I don't even know where to start lol.""",Cameroon,1306693203211546628
MiSafti_,b'Never ! https://t.co/s8Nujbhp6r',Cameroon,1306693088358920197
yuguda_m,"b'@channelstv A good idea, but with Nigeria factor, is another opening for another set of people to the public treasury and property.'",Cameroon,1306689736204001287
STOPKILLEY,b'RT @TavoWrId: get @ColbionEXTRA to 800 followers!!',Cameroon,1306689496075902983
TavoWrId,b'get @ColbionEXTRA to 800 followers!!',Cameroon,1306689261270376464
Ardox2,b'@martasolano_ My dear you look elegant',Cameroon,1306688616148668421
Saifull65684593,b'RT @Akguru01: Ya Allah replace our sadness with something beautiful',Cameroon,1306685456072028160
superdimentios,b'@keys_ship bears! bears!',Cameroon,1306683246483247109
yarima08,b'RT @Akguru01: Ya Allah replace our sadness with something beautiful',Cameroon,1306683165302546432
hippieripperr,"b'""I\'ll update after 1 week"" ? https://t.co/aIIjoPzgEa'",Cameroon,1306681110189932544
hippieripperr,b'@brookerturner73 @EMC__01 Thank you ??',Cameroon,1306680188617416704
hippieripperr,b'@Possible_MA @FaZe_H1ghSky1 Congrats in advance ? @litiritirisists @MeowChu27 @VanessaMae974',Cameroon,1306679847712817152
isxlde,b'@CamsMeuleman my lil man?? https://t.co/H3nqnH5xi0',Cameroon,1306678561105903616
ggukrly,b'@sweetchiminie soft core',Cameroon,1306677222938480641
hippieripperr,b'Goodnight for real ???',Cameroon,1306675516427051009
hippieripperr,b'@Giveaway_Contst Goodnight ?',Cameroon,1306675345622351872
hippieripperr,b'@TheRightSideLLC @WildBearCapper Thank you for the chance ???',Cameroon,1306675064041947137
Lorraine__Donna,b'RT @MiSafti_: Juste God. Love. And Forgiveness ???',Cameroon,1306674155304222720
LWaleedah,b'RT @Akguru01: Ya Allah replace our sadness with something beautiful',Cameroon,1306673769080127488
yuguda_m,b'@SaharaReporters Half of the cost can renovate many public schools and assist to enroll hundreds of the almajiris i? https://t.co/OM5Hgftyst',Cameroon,1306673009890127875
Babymfops,b'THAUVIN EHHHH',Cameroon,1306672281779871747
ChubbyXee,b'RT @Akguru01: Ya Allah replace our sadness with something beautiful',Cameroon,1306671864765444096
mcniialler,b'missing my aubergine hair ? https://t.co/7oypYrM7QC',Cameroon,1306668946410569729
AzeeBurner,b'RT @FadamaRanksGh: @Amerado_Burner - Twaso ft @fameye_music (official video)\nhttps://t.co/dHeWnIQbMN ???????',Cameroon,1306667856650735618
hippieripperr,b'@KuangTV @Roobet Roobet: hippieripperr https://t.co/vQmeGZjpg6',Cameroon,1306666103515480064
FadamaRanksGh,b'@Adina_Thembi After Jesus Maame Mary Na You ???',Cameroon,1306664832394047488
Erry_banks,b'@sia_nae Yup been bugging since 30 mins ago',Cameroon,1306661282997850117
BRITTGUNNELL,b'RT @PandaSpacey: @BRITTGUNNELL Bell\nTell\nShell',Cameroon,1306661221727309825
kingin77,b'Baby Keem - Hooligan ???',Cameroon,1306660245192744968
xAlifeFlock,b'@CANTDIE_ tony hawk for me...so expensive for me to get',Cameroon,1306660118897897472
Akguru01,b'Once people see no likes or rt that the best tweet for them to like or rt',Cameroon,1306659376145616898
SharedHands,b'20 Secrets That?ll Boost Your Facebook Organic Reach https://t.co/5iP70bnSPP',Cameroon,1306658682814504963
Akguru01,b'@es_sada_ Anything with 606 is borrowing',Cameroon,1306657749661614087
superdimentios,b'might fuck around and download Party 2 after i finish my schoolwork shit looks fun!!',Cameroon,1306657459218640897
0DegreesCelsius,b'RT @PandaSpacey: The music in the new CoD is amazing',Cameroon,1306656849752739846
superdimentios,b'lrt: me giving people faust',Cameroon,1306656792848596992
FadamaRanksGh,b'So for what reason are they interviewing that Dr.UN guy',Cameroon,1306656183814623232
FadamaRanksGh,"b""@davvydmoore Y'all follow back""",Cameroon,1306655618045009923
OffeiMusic,b'RT @FadamaRanksGh: @OffeiMusic - Fi Mano ft @patorankingfire X Blackstone (Official video) https://t.co/kwKIsp5DH7 ????? https://t.co/z8Q1i?',Cameroon,1306655030389469187
hippieripperr,b'Thank you Lord ? Goodnight!!!!! ?',Cameroon,1306653955770834944
Akguru01,b'Ya Allah replace our sadness with something beautiful',Cameroon,1306653084450533384
sokennysaid,b'Here?s a song for you? CYBERPUNK 2.0.2.0. by HEALTH\nhttps://t.co/LjWXe4kdbM',Cameroon,1306652672746041345
uriespics,b'@luvscadie Brendon Urie https://t.co/cauwAqcWHv',Cameroon,1306652351663689728
uriespics,b'@articgrazrr gosto vida?kkrjfkvogjgo',Cameroon,1306651663931932672
FadamaRanksGh,b'@tv3_ghana @Adina_Thembi A Queen ??',Cameroon,1306650959108599814
FadamaRanksGh,b'@QuasiBurnerx @kobbykatalyst1 T-roll',Cameroon,1306650006087241728
ToniaUmeh1,b'@Y_hamzaa Because He/She exhibited HELLISH traits',Cameroon,1306649931118190592
LunguDogara,b'@fheerdausy Ameeeen ooooooooo????',Cameroon,1306649853250998272
hippieripperr,b'@GiveawaySquadd @shiv_vgo Congratsss',Cameroon,1306649150860136449
hippieripperr,b'@_insertusrname Congratsss ?',Cameroon,1306647757063503873
FadamaRanksGh,b'@RankGhana1 @kecheglobal @fameye_music @darkovibes @wendyshaygh @shattawalegh @GhDopeNation @stonebwoyb? https://t.co/Q8e85LxJm2',Cameroon,1306647737102934019
ufondu_,b'@diaryofa9jagirl You are very beautiful',Cameroon,1306646907419275267
Babymfops,b'Boyzone - Picture of You',Cameroon,1306646532121399298
FadamaRanksGh,b'Move to @BoomplayMusicGH and grow the numbers \n@Adina_Thembi - Why \nhttps://t.co/FUFQH0P0xV',Cameroon,1306645654417137665
hippieripperr,b'@Roobet Roobet: hippieripperr @roginjohnxxx03 @daniel_mingoa',Cameroon,1306645500049805312
FadamaRanksGh,b'@sergio_de_ennin Secure',Cameroon,1306644887627018248
MezMorvan,b'RT @MiSafti_: Juste God. Love. And Forgiveness ???',Cameroon,1306644623708827649
FadamaRanksGh,b'@mrdrewofficial - Let Me Know (official video) https://t.co/poX7mnPFTK ???????',Cameroon,1306644422013186049
PandaSpacey,b'@Redemption1895 It looks so fun :D',Cameroon,1306644108568559616
MiSafti_,b'Juste God. Love. And Forgiveness ???',Cameroon,1306643849259999232
NikoleAshleyy,b'Aliza and I tomorrow https://t.co/EGnbwgNsye',Cameroon,1306643680288223233
FadamaRanksGh,b'@naanabluonline - #ThisIsHighlifeEp \nNaaNa Blu releases official album cover and track list of her maiden EP ?This? https://t.co/sr0aWnKmRr',Cameroon,1306643108411605000
hippieripperr,b'@ImBrandNewHere Thank you for the chance ???',Cameroon,1306641702443036673
hippieripperr,b'@RealziesCuts @EMC__01 Thank you ??',Cameroon,1306639375095050242
Jordan_Vibez,b'RT @LitChriss: Million dollar mental',Cameroon,1306637624694771717
hippieripperr,b'@IrishGirlCrypt1 Tg: hippieripperr https://t.co/PZr8oA6DiI',Cameroon,1306637616553451520
chiromasaeed,"b'@NinaMeelah Is a matter of time,insha Allah your time will https://t.co/FVCdLOfXEt hurry in life!may Allah choose the best for you ??'",Cameroon,1306637249686241281
TaplinDonnell,b'RT @LitChriss: Million dollar mental',Cameroon,1306635930225311744
hippieripperr,b'@reefpher @ian_SWERTE Congratsss ?',Cameroon,1306635926194413568
PandaSpacey,b'@codintel8880 YES :D\nThe music was amazing in the demo',Cameroon,1306635309384445952
Akguru01,b'@iamdihealer Wish others good.',Cameroon,1306634377573601282
kingin77,b'@Haidy399 @babykeem_ NEW BABY KEEM https://t.co/PGkO2Y1bnn enjoy!',Cameroon,1306633556580618242
mojiicaaa,b'lokbu battery',Cameroon,1306632343617040387
DFriedlieb,"b'RT @LCTechCampus: Sign-ups for the Hybrid Pilot week of 9/21 close today @ 3pm! Participating students - if you haven?t done so already, pl?'",Cameroon,1306632300029853698
hippieripperr,b'@shadowskulls19 @whatever13LS @carlaval31 @litiritirisists I want pizza ??',Cameroon,1306631684134109184
hippieripperr,b'@TheTrueAMG @Monu10852530 Wow congrats ?',Cameroon,1306631417544269825
_Rookiie,b'RT @Akguru01: Still on Otedola matter https://t.co/1V6RxqU6C9',Cameroon,1306631303916331010
PandaSpacey,b'The music in the new CoD is amazing',Cameroon,1306630609759088643
hippieripperr,b'@TheTrueAMG @deadlyinked Congrats',Cameroon,1306628615841304577
praquel__,b'RT @LitChriss: Million dollar mental',Cameroon,1306627644306452483
shotxchai,b'RT @LitChriss: Million dollar mental',Cameroon,1306627313140981763
zaharfidell,b'@lukeb2191 @UniswapProtocol Thanks for this opportunity! https://t.co/WOCzETTnps',Cameroon,1306627277200019459
hippieripperr,b'@brandonlharris I love ???\n\nbc1qt8hs0t8xjxp6k2w0jx9aj0ejfm9raxn7t6n5qn',Cameroon,1306627246468161536
zaharfidell,b'@lukeb2191 @Uptrennd I missed the giveaway',Cameroon,1306626148005277698
thejailyntamia,b'RT @LitChriss: Million dollar mental',Cameroon,1306625042307067905
kenndriel,b'RT @LitChriss: Million dollar mental',Cameroon,1306624892675207175
Babymfops,b'@TagnyT 100k sur ton S10',Cameroon,1306624789323427843
hippieripperr,b'@reefpher Goodmorning ?',Cameroon,1306624430185934848
hippieripperr,b'@RealziesCuts @EMC__01 Thank you ??',Cameroon,1306623572907974658
ibrahimmyusuf51,b'RT @Itz_inde: Abeg Wetin dey steal spoon and fork for house abeg?',Cameroon,1306622691890417664
Itz_inde,b'@Ularam__ Praise the lord for I am born again now????',Cameroon,1306622330484011008
Itz_inde,b'@Ularam__ Lolz we need to investigate',Cameroon,1306621930053816324
TRENtSetter_,b'RT @LitChriss: Million dollar mental',Cameroon,1306619192070864897
LitChriss,b'Million dollar mental',Cameroon,1306618845445189632
nicole__gillis,b'if he tries to ban twitter im gonna fuckin lose it. he is LITERALLY attempting mass censorship in the media https://t.co/h6wApHYSoC',Cameroon,1306618837219946497
nicole__gillis,b'this guy i?m talking to keeps using the ?? emoji. he?s 26. is he a serial killer???',Cameroon,1306617471927873536
stolen_memorie5,b'RT @_Caie: @healingvoice86 The company?s ridiculous.. \n#???_??????_??? \n#???_?????_??',Cameroon,1306616995199299585
Bebin29374698,b'RT @apocsnet: @UEauCameroun Except in #French #Neocolonial #Africa where #Italy called for #EU #sanctions against #France for #colonialism.?',Cameroon,1306732146145603585
KeepItWetJohn,b'@loveNculture_ Chou bebs ?',Cameroon,1306731637141536768
JudeKibebsi,b'@Marina_diwongui I define it as the only fertilizer that allows difficulties to grow',Cameroon,1306731185746382849
abdullahiu153,b'@XahraBKumbo You and I??',Cameroon,1306730672523014144
abdullahiu153,b'@__usyy We are always awake ?',Cameroon,1306730564716843009
_Africa24,"b'RT @CMRNewsAgency: The Archbishop of Douala, Mgr Samuel Kleda says nobody in Cameroon should be compelled to belong to a certain political?'",Cameroon,1306730227792596992
abdullahiu153,b'@ummiemie_ah @Ahmad___v Follow back ??',Cameroon,1306730054047526912
_Mr_Rod,b'Life life\n\nMon favvvvvvvvv',Cameroon,1306729613654142977
Tonye237,b'@DaphneTchana ton impression #QALF . ?',Cameroon,1306728998228176896
dakaz09,b'RT @Rodeo237: At the end Fallen breasts are better than a d*ck that does not get up.',Cameroon,1306728915415773184
LpkbbeatzC,b'RT @LonieChinjong: The Lowkey Tribalism on Anglophone Twitter is disgusting',Cameroon,1306728471679434754
Veekey_Mani,b'RT @Rodeo237: At the end Fallen breasts are better than a d*ck that does not get up.',Cameroon,1306727026443931650
reachoutdev1,"b'RT @reachoutdev1: Face mask remains the best preventive measure against\n#Covid_19. However, some are better than others. https://t.co/Ilw5m?'",Cameroon,1306726021757046785
yassiB_enretaP,b'Miranda Lambert is the best current country singer ?????\n#NP Hard staying sober',Cameroon,1306725533007392769
abdullahiu153,b'@Asserdiq @__SARDAUNA Though only legend can understand ???',Cameroon,1306725234251304963
NgorombeDonnant,"b'RT @CMRNewsAgency: The Archbishop of Douala, Mgr Samuel Kleda says nobody in Cameroon should be compelled to belong to a certain political?'",Cameroon,1306724428064190466
bassa_237,b'Admis en PhD. ? https://t.co/2PK6zzSx3G',Cameroon,1306724402827063296
africaupdates,"b'RT @CMRNewsAgency: The Archbishop of Douala, Mgr Samuel Kleda says nobody in Cameroon should be compelled to belong to a certain political?'",Cameroon,1306724159616176128
abdullahiu153,b'Between ladies with make up and men with starch cloth who run faster ??? when  its about to rain? ???',Cameroon,1306723769877225472
montrelz,b'@MrsWrita @CallHerApple @howardbmaximus \nThis thread',Cameroon,1306723398236729348
JonathanJato1,"b'RT @CMRNewsAgency: The Archbishop of Douala, Mgr Samuel Kleda says nobody in Cameroon should be compelled to belong to a certain political?'",Cameroon,1306722908371333126
abdullahiu153,b'@AmynerhIlah Just DM me ??????',Cameroon,1306722394845970432
JunieLekeka,b'Miley Cyrus ~ The Climb ????',Cameroon,1306722372360245248
ayaobaksolo,b'@funkeadenike1 He never even mentioned her name. Vee did',Cameroon,1306722082399621121
viz_don,b'@ProfPLOLumumba Well said professor',Cameroon,1306722062497701890
kmydanielle18,b'My love for shad? by @fireboydml is keeping me goood???',Cameroon,1306721796373327872
viz_don,b'@MimiMefoInfo French Cameroun protest  call a spade a spade',Cameroon,1306721169559650305
WilliamTakor,b'No be so? https://t.co/hzLVIOShtK https://t.co/NJ9rDwkmzK',Cameroon,1306720255532838913
bassa_237,b'@JacquesMalang Increadible',Cameroon,1306719977899163648
ayaobaksolo,b'@nwanschidinma16 @Judlyn3 Opening multiple doors den she described by opening her legs',Cameroon,1306719101612687361
Xanogo17,b'Wahala for who no be WIZKID FC??',Cameroon,1306719002178318336
corneille_Nkwel,b'@Ulrich_Sikazi @azalouche____ Fiche',Cameroon,1306718075685949447
Xanogo17,b'@BennyBlaQ7G @chartdata_naija @RIAA @wizkidayo @Drake The Real One...been seeing your tweets since yesterday??',Cameroon,1306717973495902208
AllenEnei,"b'RT @CMRNewsAgency: The Archbishop of Douala, Mgr Samuel Kleda says nobody in Cameroon should be compelled to belong to a certain political?'",Cameroon,1306717626866032640
Jean_PierreM,b'@DouanlaJovial Thanks brother ??',Cameroon,1306717505927475200
KenmoeLaura,b'@DianaFouedjeu @Maxdiego25 Super',Cameroon,1306717318161084416
leonelngande,"b""@maartentibau @angular I think it's ok, @AlainChautard won't put up something like this without great thought and c? https://t.co/yQ5JP5zzMR""",Cameroon,1306716919534432256
Barfostas,b'@DianaG2395 @Liliana_D22 Love you bb',Cameroon,1306716686234652674
rajivchimere,b'Carrefour vend encore le pudding??',Cameroon,1306716404561915905
WilfreDonald,b'RT @kanjolarry: Girl d join Twitter after 1week 1k followers. Boy join Twitter after 2years 41 followers...life no balance',Cameroon,1306716270205841410
_Mr_Rod,b'@Dthekidoff Send',Cameroon,1306716262454759424
rajivchimere,b'@Franck__Adil @tijiiiiiiiii @BessomLuisa @zefood27 @natasha_beku @SohoNefertiti @SoleilBanini @Muna_Mouto? https://t.co/YeZaoiwF18',Cameroon,1306716135933521921
kmydanielle18,b'@Lyly_Roy_ Grave ?',Cameroon,1306715549397913601
sparks_clinton5,b'@its_teddykrash @Frankline00 It dey',Cameroon,1306715457475555328
KenmoeLaura,b'@arsene_lejuif @tiesquare_off Done.\n\nWelcome',Cameroon,1306715432666181633
tsgforreall,b'There?s no limitation!',Cameroon,1306715225702498311
lhurcarsirnau,b'RT @Rodeo237: At the end Fallen breasts are better than a d*ck that does not get up.',Cameroon,1306715145029193729
MRcontroller237,"b'RT @georgefru: "" It doesn\'t matter how fast, but how far"". Way nyamagoro don ever waka go reach for wusai? ??\nThis @UBelle237 (Under belle?'",Cameroon,1306715025000849408
Chr_Xtian,"b'RT @AlexMeli777: Last selfie, last meme https://t.co/XktFSESg7t'",Cameroon,1306714802287505410
Mister_Njelo,b'Last Selfie / Last Meme https://t.co/C2K94iKzQS https://t.co/hzWXsFYvuY',Cameroon,1306714768745562113
Yveric,b'@SergeEmma237 Hein?',Cameroon,1306714768707903489
NdengueFranck,b'RT @JayOften: Ps5 secured ?? https://t.co/gRknjexbji',Cameroon,1306714022075666433
Essongori,"b'RT @CMRNewsAgency: The Archbishop of Douala, Mgr Samuel Kleda says nobody in Cameroon should be compelled to belong to a certain political?'",Cameroon,1306713563315216388
Chris_Njoke,b'Lets gooo',Cameroon,1306713474542731264
cedricroger7,b'Hey got Drugs ! ? ?',Cameroon,1306713456607989764
AVanessalizzy,b'I can comfortably watch Nengi and Ozo now',Cameroon,1306713387561345025
samantha_tomani,b'@KemogneYvain Okay grand ?',Cameroon,1306712902242643968
thoughtsofaphd,b'RT @montrelz: Amen https://t.co/tls8R42g7z',Cameroon,1306712612126765057
ogekingz,b'RT @Rodeo237: At the end Fallen breasts are better than a d*ck that does not get up.',Cameroon,1306712543600291841
OreTunde2,b'RT @Rodeo237: At the end Fallen breasts are better than a d*ck that does not get up.',Cameroon,1306712295863652352
Sam71207757,b'RT @Rodeo237: At the end Fallen breasts are better than a d*ck that does not get up.',Cameroon,1306712221662183426
OppsforCamers,b'Mastercard Foundation/Arizona State University Baobab Digital Innovation Scholarship 2021/2022 (Fully-Funded)\n\nMORE? https://t.co/ULcKYuSEWV',Cameroon,1306712058688344067
MbikangR,b'RT @ferdinand_ndong: Legit Question',Cameroon,1306711809995485184
Hedwigblairrr,"b""@asongawung For real. I don't see myself saying that . Oga of which ladies ? If it's not that you're mad or you wan? https://t.co/HgRES4D6ds""",Cameroon,1306711633440497664
rajivchimere,b'@IssedouYann @arsene_lejuif @zefood27 Yes bro',Cameroon,1306711410420912128
OppsforCamers,"b'AstraZeneca Step Up! Young Health Global Grants Programme 2020 (Up to US$10,000)\n\nMORE DETAILS AT:? https://t.co/BGhz2I4I7y'",Cameroon,1306711150495662080
johanafever,b'Thank you ??? https://t.co/LYAufuzmIZ',Cameroon,1306710447152914432
tsgforreall,b'@AliyuFatima9 Check am',Cameroon,1306710380920659977
NevielleT,b'RT @Rodeo237: Bras just look better on the floor',Cameroon,1306709971611115525
LonieChinjong,b'@Bangando2Luxe I go check e out',Cameroon,1306709617062432768
OppsforCamers,b'Call for Submissions: African Union/CIEFFA #AfricaEducatesHer Campaign 2020\n\nMORE DETAILS AT:? https://t.co/ETRbbeYck2',Cameroon,1306709540478517253
councilman_ray,b'@JayOften @Beclins_St_kero na u be want ps5 ? Cam see strategy',Cameroon,1306709517120532486
councilman_ray,b'RT @JayOften: Ps5 secured ?? https://t.co/gRknjexbji',Cameroon,1306709193144049664
LonieChinjong,b'@Bangando2Luxe Mon frere!!!',Cameroon,1306708998473867265
councilman_ray,b'@bleshyniller Why are you talking like something happened ? Talk to me ?',Cameroon,1306708962805415938
tsgforreall,b'@AliyuFatima9 You no get enemies',Cameroon,1306708939464224773
tsgforreall,b'@M_Hashim_ New comer',Cameroon,1306708759830462465
Kaycrown3,b'RT @Rodeo237: At the end Fallen breasts are better than a d*ck that does not get up.',Cameroon,1306708650610823172
AVanessalizzy,b'Nengi and Ozo have serve us with alot of content today',Cameroon,1306708546990608387
Orange_Cameroun,"b'Do you have a Bac, Bac + 1, Bac + 2 level of studies?\nAre you passionate on IT or any other similar field?\n\nTake ad? https://t.co/lT5cDl281O'",Cameroon,1306708410524672001
councilman_ray,b'@bkclaud @adekelly03 will come with that her crew',Cameroon,1306708268266463233
_Mr_Rod,b'@ingridashley1 Thanks',Cameroon,1306708139396526088
Emac_Krl,b'@DoraAphroditeE @ouethy_adeline Top meme.',Cameroon,1306707577032642560
KenmoeLaura,b'@asse_x ???????? triple fou !!!!!',Cameroon,1306706858565152768
LimbeWildlife,b'@XposeTrophyHunt @VMallarino Wonderful news!! Hopefully many more to follow',Cameroon,1306706273275203585
SandraLob1,b'Rien ? https://t.co/vzIbfyBjYW',Cameroon,1306705456820297728
Makzi11,b'@anne_tansi With your chest ??',Cameroon,1306705130784464898
nayah_vanessa,b'To the world you maybe one person \nBut to one person you maybe the world ?',Cameroon,1306705086316523520
Somedud98002798,"b'RT @LimbeWildlife: It is with a very heavy heart, that today we have to announce the deeply sad passing of our beloved chimpanzee, Ghaa. ??'",Cameroon,1306705076258566147
igeraud360,b'Errrmm True https://t.co/PiI6PIPb6v',Cameroon,1306704777007566860
igeraud360,b'Wonderful https://t.co/jTUUKC1BCB',Cameroon,1306704635269349379
i_am_eedriz,b'RT @Rodeo237: Girls shoot their shot by following you first.',Cameroon,1306704555598647296
rois666_,b'@Mrbankstips Thanks',Cameroon,1306704470789808134
KingNosie,b'RT @Rodeo237: At the end Fallen breasts are better than a d*ck that does not get up.',Cameroon,1306703903824773120
ScottTozzi,b'@t0nit0ne It feels like a whole task too',Cameroon,1306703448465838080
HarryKarter1,b'RT @Rodeo237: At the end Fallen breasts are better than a d*ck that does not get up.',Cameroon,1306703322364219392
angel_ozo,"b""RT @anukaylie: It's done guys.i pray God grant us success come Sunday ??????. Thanks to everyone who vote, superions, Ninjas, ozone shipper?""",Cameroon,1306703010719051786
ChaaliiyKay,b'RT @Rodeo237: At the end Fallen breasts are better than a d*ck that does not get up.',Cameroon,1306702545054765056
montrelz,b'Amen https://t.co/tls8R42g7z',Cameroon,1306702437772914691
councilman_ray,b'@EyongCarl U surely get 5 A level',Cameroon,1306702304213639169
chantaledie,"b'RT @AkereMuna: With age my hair has slowly turned silver. Today September 16, my first daughter and her husband gave me my first grandchild?'",Cameroon,1306732250755674113
babaraye,b'RT @desireebabas237: Sourions ? #Smile #blackbarbie https://t.co/iOclhbXO0o',Cameroon,1306732102218649600
JohnMil01674722,b'RT @desireebabas237: Sourions ? #Smile #blackbarbie https://t.co/iOclhbXO0o',Cameroon,1306732040226844672
KeepItWetJohn,b'@loveNculture_ Chou bebs ?',Cameroon,1306731637141536768
kevin_dina,"b""RT @ChouchouMpacko: That's the problem with men today\nThey are not trained for marriage .\n\nNow Offset will live with the stigma of being a?""",Cameroon,1306731025943457793
_Africa24,b'RT @AkereMuna: Met with the US Ambassador to the DRC Mike Hammer. His passion to assist the Congolese as they struggle out the shackles of?',Cameroon,1306730663228461056
ValVancity,b'@TaycOfficiel @GracyHopkins En fin???',Cameroon,1306730451776819200
yana_xavier,"b""RT @Mister_Bastos: I'm Thomas.""",Cameroon,1306730321908559872
reachoutdev1,b'RT @DefyhatenowWCA: #JoinUsNOW:#defyhatenow works 4 a #HateFreeCameroon. Do you share the same vision? Join us in #Shapingpeacetogether by?',Cameroon,1306730196268208130
Mi_Nafane,"b""RT @Mister_Bastos: I'm Thomas.""",Cameroon,1306729641311428608
ThierryLeTH,"b'@DON_BIAJO, you have a mail https://t.co/dMEpFZ4nlZ'",Cameroon,1306729302508138499
Tonye237,b'@DaphneTchana ton impression #QALF . ?',Cameroon,1306728998228176896
Ahmed_Mikailaaa,b'RT @desireebabas237: Sourions ? #Smile #blackbarbie https://t.co/iOclhbXO0o',Cameroon,1306728699971198978
Mister_Bastos,b'@_Sbba_ Le plagiat ?',Cameroon,1306726068133539843
_FullFNpackage,b'RT @ngonbassa: A great difference',Cameroon,1306724690916933634
Sahyuo_,b'Does Manchester United really care about our lives?',Cameroon,1306723290820550657
MaximeMatam,"b""RT @Mister_Bastos: I'm Thomas.""",Cameroon,1306722871289556994
JunieLekeka,b'Miley Cyrus ~ The Climb ????',Cameroon,1306722372360245248
Lionel_EPL_Ebe,b'Sushis time... https://t.co/UCo9sIFo1r',Cameroon,1306719213936160768
tem_damian,"b""@your_favoriti Yes that's bc you didn't do a proper needs analysis...but she shouldn't have been so blunt...carry o? https://t.co/3vQlyAsRIT""",Cameroon,1306719093643509761
Pelagie_Engwari,b'RT @desireebabas237: Sourions ? #Smile #blackbarbie https://t.co/iOclhbXO0o',Cameroon,1306719014320832514
Xanogo17,b'Wahala for who no be WIZKID FC??',Cameroon,1306719002178318336
Stephane_Cappie,b'Gragon* https://t.co/UWEvEXHp4S',Cameroon,1306718776814170114
Loic_Bapes,b'I Better sleep .',Cameroon,1306718605623558144
SergeEmma237,b'RT @Leking40: https://t.co/W4KLTsaTGh sur telegram',Cameroon,1306718362349830144
GuientsingLeina,b'RT @Leking40: https://t.co/W4KLTsaTGh sur telegram',Cameroon,1306718197400432648
______rama,"b""RT @ChouchouMpacko: That's the problem with men today\nThey are not trained for marriage .\n\nNow Offset will live with the stigma of being a?""",Cameroon,1306718159907549185
corneille_Nkwel,b'@Ulrich_Sikazi @azalouche____ Fiche',Cameroon,1306718075685949447
OliveBlackPearl,b'RT @klaustefane: @OliveBlackPearl Damsette ??? enfin',Cameroon,1306718012112801793
Xanogo17,b'@BennyBlaQ7G @chartdata_naija @RIAA @wizkidayo @Drake The Real One...been seeing your tweets since yesterday??',Cameroon,1306717973495902208
klaustefane,b'@OliveBlackPearl Damsette ??? enfin https://t.co/uh2bqtWd3X',Cameroon,1306717775994531840
lateinhemd,b'No. This guy has been beyond repair for some time. https://t.co/WRTf4LMMbP',Cameroon,1306717688891420673
OliveBlackPearl,b'@jean_mariiiie What have i done ???',Cameroon,1306717464236089344
Queenzeipha,b'RT @desireebabas237: Sourions ? #Smile #blackbarbie https://t.co/iOclhbXO0o',Cameroon,1306717063914950657
Leking40,b'https://t.co/W4KLTsaTGh sur telegram',Cameroon,1306716421481803778
rajivchimere,b'Carrefour vend encore le pudding??',Cameroon,1306716404561915905
mpondo_alfred,b'@MazarineClaraa Sur sportify',Cameroon,1306716270658756609
its_teddykrash,b'@aaichatou1 Joined her nah ??',Cameroon,1306716254888177677
rajivchimere,b'@Franck__Adil @tijiiiiiiiii @BessomLuisa @zefood27 @natasha_beku @SohoNefertiti @SoleilBanini @Muna_Mouto? https://t.co/YeZaoiwF18',Cameroon,1306716135933521921
its_teddykrash,b'@bleshyniller Hurry and buy my PS5 before someone snatched me from you oh.',Cameroon,1306715944178384898
mpondo_alfred,b'@mista__bear Saaah?..On va wait',Cameroon,1306715850351824905
YariCletus,b'@boristantoh_06 No fall ma hand?',Cameroon,1306715779073744897
Ayomide_nimi,"b'RT @ChouchouMpacko: ""Why do you call yourself a feminist, why do you not say you are a humanist or an equalist?"" ..."" But that is what femi?'",Cameroon,1306715308493860871
Le_Dakan,b'@adridimbeg Calma',Cameroon,1306715099995004933
Loic_Bapes,b'Bon yeah scoring + passing. https://t.co/s6Jr80vj45',Cameroon,1306714999252045827
its_teddykrash,b'@Drenowawah @Hoctavie1 @Calvingilvarito @SAsonganyi @asongawung @Beclins_St_kero @Estizzy4 @OdetteTamanji Na for ol? https://t.co/HbD3Mkr3Jn',Cameroon,1306714688701558784
its_teddykrash,b'@Drenowawah @Calvingilvarito @Hoctavie1 @SAsonganyi @asongawung @Beclins_St_kero @Estizzy4 @OdetteTamanji ??????? that crying part tho ???',Cameroon,1306714333079121923
Loic_Bapes,b'@KemogneYvain @Neyney10__ Yes thanks',Cameroon,1306714285817688070
roland00237,b'@Tkthereal1 @Hoctavie1 What a comeback... https://t.co/vI34uqAIFk',Cameroon,1306714283498242051
AstridLivia,b'best thing i ever had https://t.co/EdzJmSBKP2',Cameroon,1306714142380822532
cedricroger7,b'Hey got Drugs ! ? ?',Cameroon,1306713456607989764
Leking40,b'@mista__bear On attend sur telegram',Cameroon,1306713020358426624
its_teddykrash,b'@SAsonganyi @bkclaud Lies ??',Cameroon,1306712983956000769
samantha_tomani,b'@KemogneYvain Okay grand ?',Cameroon,1306712902242643968
dem201,b'RT @AkereMuna: Met with the US Ambassador to the DRC Mike Hammer. His passion to assist the Congolese as they struggle out the shackles of?',Cameroon,1306712771812360192
afrodeezia,b'none of the above?? https://t.co/q4MufSW9uf',Cameroon,1306712435756347392
its_teddykrash,b'@SAsonganyi @bkclaud Enjoy wety dear?',Cameroon,1306712339572568066
_iam_rondo,"b'RT @Mister_Bastos: If you love him, you gotta PS5 him.'",Cameroon,1306711753288552448
Audric_Dicka,b'RT @desireebabas237: Sourions ? #Smile #blackbarbie https://t.co/iOclhbXO0o',Cameroon,1306711487096946688
rajivchimere,b'@IssedouYann @arsene_lejuif @zefood27 Yes bro',Cameroon,1306711410420912128
anjola_ja,"b'RT @ChouchouMpacko: ""Why do you call yourself a feminist, why do you not say you are a humanist or an equalist?"" ..."" But that is what femi?'",Cameroon,1306711256427094016
damenoire237,"b""RT @ChouchouMpacko: That's the problem with men today\nThey are not trained for marriage .\n\nNow Offset will live with the stigma of being a?""",Cameroon,1306710922640191490
LegalAfro,"b'RT @ChouchouMpacko: ""Why do you call yourself a feminist, why do you not say you are a humanist or an equalist?"" ..."" But that is what femi?'",Cameroon,1306710569655980034
kevinayissi,b'Bruno B https://t.co/boPJd1lNLR',Cameroon,1306710541323374595
Lyly_Roy_,b'RT @D_A_R_Y_L__: Mood??',Cameroon,1306710157532057602
ZRMbarga,"b'RT @ECA_SRO_CA: #HappeningNow Brainstorming btw @ECA_SRO_CA, #TradeAdvisory and Cameroon officials on the Decision Support Model towards Ca?'",Cameroon,1306710047213465601
ZRMbarga,"b'RT @ECA_SRO_CA: Brainstorming btw @ECA_SRO_CA, Trade Advisory and Cameroon officials on the DSM model for Cameroon?s #AfCFTA and Industrial?'",Cameroon,1306709971883745281
nj_ayuk,b'RT @AkereMuna: Met with the US Ambassador to the DRC Mike Hammer. His passion to assist the Congolese as they struggle out the shackles of?',Cameroon,1306709822172209152
YariCletus,b'@boristantoh_06 I Don hala ur name nor\nDrop small thing for table',Cameroon,1306709734519603203
D_A_R_Y_L__,b'Mood?? https://t.co/TlYDalOIMk',Cameroon,1306709632266711040
kanda_benjamin,b'RT @AkereMuna: Met with the US Ambassador to the DRC Mike Hammer. His passion to assist the Congolese as they struggle out the shackles of?',Cameroon,1306709439425150977
NevielleT,b'RT @its_teddykrash: Ladies God has heard ur prayers and he has sent me to answer them for you. Don?t enter 2021 without a husband. All you?',Cameroon,1306708979180077061
I_CheckFacts,"b""RT @Mister_Bastos: I'm Thomas. https://t.co/NZ74JwP6HH""",Cameroon,1306708944212037632
Mister_Bastos,"b""I'm Thomas. https://t.co/NZ74JwP6HH""",Cameroon,1306708919134363650
Loic_Bapes,b'Still no light ? How? Fuck this',Cameroon,1306708761843765250
esta__,b'@GaetanNtjam Gims',Cameroon,1306708735642005504
KamKoudie,b'RT @AkereMuna: Met with the US Ambassador to the DRC Mike Hammer. His passion to assist the Congolese as they struggle out the shackles of?',Cameroon,1306708716734033922
AkereMuna,b'Met with the US Ambassador to the DRC Mike Hammer. His passion to assist the Congolese as they struggle out the sha? https://t.co/idt6KKWm1l',Cameroon,1306708593618628609
Hoctavie1,b'RT @its_teddykrash: Ladies God has heard ur prayers and he has sent me to answer them for you. Don?t enter 2021 without a husband. All you?',Cameroon,1306708336981815296
TBricefa,b'@bukarsamirah @highbruce @juliet_uwah @julietjoel9 @Itsmbutu_ @sglawal1 @Johnny_Bright_ @king_Bouble @khausar_ @Mrkabati14 ????? NOT ME OOH',Cameroon,1306708295835701250
Mlle_Eyoum,b'RT @desireebabas237: Sourions ? #Smile #blackbarbie https://t.co/iOclhbXO0o',Cameroon,1306708119171608576
_hxnxnn_c,b'RT @Loic_Abondo: @_hxnxnn_c Lis d?abord mon article eh ?\n\nhttps://t.co/55adFd8MPs',Cameroon,1306707341690261506
Loic_Abondo,b'@_hxnxnn_c Lis d?abord mon article eh ?\n\nhttps://t.co/55adFd8MPs',Cameroon,1306707045001973762
kpuntir,b'Best clip ever?????? https://t.co/ZWPpDwK8pd',Cameroon,1306706895210770439
Rall_Sempai,b'RT @desireebabas237: Sourions ? #Smile #blackbarbie https://t.co/iOclhbXO0o',Cameroon,1306706037261598720
veranse,b'@bkclaud Yes pls lol ?',Cameroon,1306706021407227905
ngonbassa,b'@casi_cas Sorry.',Cameroon,1306705580720091141
SandraLob1,b'Rien ? https://t.co/vzIbfyBjYW',Cameroon,1306705456820297728
OWuyi,b'RT @desireebabas237: Sourions ? #Smile #blackbarbie https://t.co/iOclhbXO0o',Cameroon,1306705369058750465
Jungleheart_,b'@soniakange @endowedzion Thanks girl. You lovely... I wear 37 too bad',Cameroon,1306705210342019075
annabelle1mi,b'RT @desireebabas237: Sourions ? #Smile #blackbarbie https://t.co/iOclhbXO0o',Cameroon,1306705141375082503
ngonbassa,b'@casi_cas Yeah',Cameroon,1306704967089229824
TheOnlyAdeniyi,b'RT @che_rosemary: Feels good to share his food with him??',Cameroon,1306704918049361921
LAugustike,b'@tweetsbydreay @amandachinda_ Take*',Cameroon,1306704865633218568
Dehorseman2,b'@mctabac4 ???no laugh baba',Cameroon,1306704725413421057
LAugustike,b'@barcacentre Give him Jersey number 6 please.',Cameroon,1306704625073037315
ngonbassa,b'@casi_cas Nice',Cameroon,1306704377974083585
SuisLaetitia,b'RT @desireebabas237: Sourions ? #Smile #blackbarbie https://t.co/iOclhbXO0o',Cameroon,1306704292275986432
iqpeacebot,"b'RT @DefyhatenowWCA: Do you want to ADD your VOICE to #UN75 #peaceday celebration worldwide? \n\nJust like Franck-Olivier from #Cameroon, you?'",Cameroon,1306704089678524419
ngonbassa,b'@casi_cas Goodnight oh',Cameroon,1306703408108310529
Kingfamousgh,b'RT @daddys_onlyson: So I just posted some throw back pictures of me on my WhatsApp status and I know by now Yakubu ein Cid send all give am?',Cameroon,1306732635700555783
oparejunior83,b'@Ankamagyimi Tell em???',Cameroon,1306732635406905344
WOTWEK,"b'RT @WOTWEK: Let\'s vote for porn awards between \n""D Black"" and Johnny sins \n@CFCPULIS \n@QwekhuK\n@StranjahJ'",Cameroon,1306732629144862723
Veli_no,b'@katakyie_Manuel Tag me under the video',Cameroon,1306732624128495616
Nyomandian,b'A. Fietz\n\n? https://t.co/DUNpHWJuWG',Cameroon,1306732597037289472
Pope_Cee,b'@abena_my_love @gideon_miezah @anthonybrain_gh @nick_nii_sai @modest_moore @asanteniiba @abenaasexy We don?t think? https://t.co/4owV3a5LCs',Cameroon,1306732593967173632
anthonybrain_gh,b'@SweetintheMid13 ? ? ? ?\nWhat do you think!. ? ?',Cameroon,1306732593963040770
wo_gyimii_no,"b'RT @qwofyelement: Dear Fante Queens, kindly quote this tweet with your beautiful &amp; alluring pictures.'",Cameroon,1306732572790190081
JayMera01,b'RT @MensaOtabil: Do you know Jesus and does He live in your heart?',Cameroon,1306732562950295552
Pengdor,b'@STO_esque I used to get those coupons on my bus ticket but never went loool. I definitely miss that city.',Cameroon,1306732544608608257
FreddyWarie,b'@Bubun_e W)n shout??',Cameroon,1306732542264061953
a_sarps,b'The way this only applies to the US is makimg me sad ? https://t.co/5YeI9XF157',Cameroon,1306732540833812481
OnlyGhana_,b'This is beautiful ? https://t.co/ZfFhczq2mt',Cameroon,1306732538174541824
lordzkidd,"b'RT @berlamundi: If I may ask, is Legalizing and regulating Okada an example of the ?thinking out of the box? scenario that was cited by the?'",Cameroon,1306732523951620096
EyramRalph,b'RT @marrickegane: A Pleased Ghanaian receiving our Manifesto... https://t.co/1XCjEJ3K8f',Cameroon,1306732504691412994
thxnine,"b'0403: I see you do your thing, and I am proud of you. I holler from time to time, messing with you because I care.? https://t.co/n27YDeOEaF'",Cameroon,1306732492058251267
_cobbyshy,b'United dey stress u https://t.co/lz0c619sTC',Cameroon,1306732488677621762
simcard_one,b'RT @KvngWashington2: Dream without a plan is a wish !',Cameroon,1306732478388940801
debodebsss,b'RT @mennnsa_: @yebs24 you dey sell jersey or you dey advertise brims?',Cameroon,1306732471460007936
MzGee17,b'@thelordwins @isiakponah Anything to make you sleep well at night.happy birthday',Cameroon,1306732470314954755
LarbNii,b'RT @naanabluonline: Had a nice time with @ameyaw112. Thank you Hun. This Is Highlife EP dropping on the 30 September! #thisishighlifeep htt?',Cameroon,1306732458805788673
DominicDraws1,b'aweso e https://t.co/kVFIVT90hp',Cameroon,1306732451453173760
BRa_QuOjo,b'@osei1_nana @Qwesi_Obour Ago take come give you @osei1_nana',Cameroon,1306732429391077376
cosby_by,b'RT @kobbykatalyst1: Abeg oh during doggy style who is the Dog?? ???',Cameroon,1306732427935703040
StranjahJ,"b'RT @WOTWEK: Let\'s vote for porn awards between \n""D Black"" and Johnny sins \n@CFCPULIS \n@QwekhuK\n@StranjahJ'",Cameroon,1306732414249689089
kukuamissa,b'@BernardLordrass About to watch it',Cameroon,1306732407790407680
Iamsniperhdh1,"b'@DBLACKGH dropped a mad tune with Nina, they stood and stared. Fast forward, few days after his sex tape drops and? https://t.co/Lzjilmd8fv'",Cameroon,1306732405710036993
InnocentShedr13,"b'RT @WOTWEK: Results after ""D Black"" did his thing \nAy3 Ayi ???\n@pono \n@kwadwosheldon \n@CFCPULIS \n@QwekhuK \n@StranjahJ https://t.co/pVLT2muf?'",Cameroon,1306732404732817408
joojoaddisonn,b'RT @ameyaw112: wow... why does Rihanna have more than 5x the number of followers Beyonce has on Twitter?',Cameroon,1306732395643785218
theynels,"b'RT @iamtimakumkum: Thank you, my dear ?'",Cameroon,1306732385233498118
Mister_Otu,b'@PacoBoyEdem The way I heat for you for lifetime freebies paa',Cameroon,1306732378463899655
mennnsa_,b'that chair in your room &gt;&gt;&gt;&gt; laundry basket',Cameroon,1306732370381463557
EyramRalph,"b""RT @marrickegane: Young People excited with our Presence... \nMay God's blessings be upon our efforts. Insha Allah https://t.co/nDCK2TDas3""",Cameroon,1306732363225985027
arabaotuaa,b'RT @mennnsa_: @yebs24 you dey sell jersey or you dey advertise brims?',Cameroon,1306732350856929281
kofi_sugar,b'RT @kofisikaa: ? 11 pro max 256gb Gevey unlocked \n89% battery health \nGh?4850.00\nDm/call/WhatsApp/iMessage 0504988015 https://t.co/gdVjhf42?',Cameroon,1306732348520751105
wYne_n_dYne,b'@KaylebAdjetey @azeybeats Sharp!!! ?',Cameroon,1306732343466569730
abulqassim29,"b""RT @IamQuophiJr: With GOD there's no Expiring Date.""",Cameroon,1306732328283234305
MintixT,b'RT @ansongba: Broke girls think that girls who spend on their boyfriends are stupid.????',Cameroon,1306732325875544064
young8moore,"b'@LivEchoLFC Keita, Henderson, Thiago'",Cameroon,1306732322268553217
qhweku_sterling,b'RT @dancegodlloyd: HAPPY NEW MONTH!!! \nNEW MUSIC OTW ???? \n\nDANCEGOD X EL CHAIRMANO @AmgMedikal https://t.co/ZEvVwfrl4L',Cameroon,1306732310251921409
Pope_Cee,b'@agyaakusam @gymique @FiifiGreene @edemGiK @ato_nkay @BoYStainey @PapaAddo_07 @k_manu1 @Airedward1z @danielokinejnr? https://t.co/AEohMn4eST',Cameroon,1306732300890189825
qhweku_sterling,b'RT @dancegodlloyd: God please protect me! ??? Amen',Cameroon,1306732297186672642
EdwardAwuah10,"b'RT @gyaigyyimii: I am giving shoutouts to the first 100 Retweets!!Drop your handles, follow whoever likes it ??'",Cameroon,1306732291977338880
yungkiddy,"b""RT @cali_barb: I miss Uni. Should have had more fun.  But i don't regret it so much. I got what i went for.""",Cameroon,1306732286646333441
IvanicoGH,"b'RT @WOTWEK: Let\'s vote for porn awards between \n""D Black"" and Johnny sins \n@CFCPULIS \n@QwekhuK\n@StranjahJ'",Cameroon,1306732281709703168
ErnestAhmponsah,b'RT @MensaOtabil: Do you know Jesus and does He live in your heart?',Cameroon,1306732272977154049
kobbykatalyst1,"b""RT @kobbykatalyst1: Stop wearing skinny jeans let's your balls breathe..!! ??""",Cameroon,1306732269013479424
HypeNet,b'RT @Mister_Glen: Watchout for this amazing female rapper!! ??? @NAZAH_DRO #MTNHitmaker9 https://t.co/XXprGYypOF',Cameroon,1306732257412026369
nimfah_Trav,b'@cfckemli @broken_heart490 You go fit tell @esi_diamond this ?',Cameroon,1306732229607948289
odoi_atsem,b'@Koo_Ntakra Yessirr',Cameroon,1306732223010402307
mickimorency,"b""RT @ayisi_yaw: For lunch, the Librarian got some fish &amp; chips from the Biblioklept's stand. They were wrapped in pg50 of Treasure island, &amp;?""",Cameroon,1306732208481329153
whanmiguelgh,"b""RT @kobbykatalyst1: Stop wearing skinny jeans let's your balls breathe..!! ??""",Cameroon,1306732176319352836
MzGee17,"b'@tearsricochert Thanks for watching her through her disloyalty, you are a fan now .'",Cameroon,1306732170560626689
nana_wils,"b""RT @nana_wils: @Kaypoisson1 There's so many of these midfielders around. Without a Kante your team is beans... 8 goals you go chop""",Cameroon,1306732163182850050
Pa_3_ci_a,b'That 4th frame is cute https://t.co/Re6sA1Fi4r',Cameroon,1306732150251814917
SubTetteh,"b'RT @ameyaw112: Unless your matter no comme, eii Ghana.'",Cameroon,1306732146908786688
OhemaaBaBaa,b'RT @YaaBaffo: Eeeeeeiii so what stopped Kwesi Arthur from becoming the future of Ghana music industry ??',Cameroon,1306732142601396225
maiga_notnice,b'Positive vibe. #BeezUP https://t.co/cOIHhKebHv',Cameroon,1306732121273360384
lho_liii,"b""@Pan_Phord @khandys_annan Don't lose hope""",Cameroon,1306732119721422849
GanevaPunchy,b'@stonebwoyb  is the Dancehall King in Africa right now. Forget the other. He is a runaway dog from the Bull Dog Hou? https://t.co/Pxw5aWivB8',Cameroon,1306732115715911682
ethompson_,b'RT @TravisMuse09: @henrywampah Please sir? https://t.co/EMkpvjVeXF',Cameroon,1306732078877286402
KoJo_Bankz99,b'RT @kobbykatalyst1: Abeg oh during doggy style who is the Dog?? ???',Cameroon,1306732075349729281
nana_wils,"b""@Kaypoisson1 There's so many of these midfielders around. Without a Kante your team is beans... 8 goals you go chop""",Cameroon,1306732073676419073
FiifiGreene,b'?ITS MY TURN.... IM GONNA STEAM ROLL YOU....? https://t.co/R8NAYs4gtL',Cameroon,1306732058283315200
ClayCasious,"b'please someone dey ask me when  KNUST admissions will be out?? ????,i said December 7th tho???'",Cameroon,1306732043519262723
Mileswood_,b'Mfs be feeling too entitled ?I don?t owe a mf shit ??????',Cameroon,1306732024699457536
Wadonthenet,b'RT @Wadonthenet: The things you dey do give her all las las she go dawg you\n\nSay Amen?',Cameroon,1306732023596429313
CrossRadio1,"b'""Hello World"" by Lady Antebellum - Need You Now!\nhttps://t.co/F4AzxmuZq6\nRADIO for Smartphones: keep listening.'",Cameroon,1306732019313971200
iam_richemerson,"b'@Adebowqle I stand with you bro, I pity dudes who be beefing over individuals who will never be poor in life. ?'",Cameroon,1306732001219747843
Pa_3_ci_a,"b'You need a ps5, what are you getting for me?'",Cameroon,1306731996627034114
jheff_lowkhey,"b""RT @kobbykatalyst1: Is not too late if you've not taken your bath you can still do it.... I did it you can also do it ??""",Cameroon,1306731985222631424
phil_elorm,b'@bryt__e @NSMQGhana @cobbylinus_ @gregory_jarvez @da_kaze @ewe_god ??they?re not our level oo',Cameroon,1306731982970408961
kobbykatalyst1,"b""RT @kobbykatalyst1: Is not too late if you've not taken your bath you can still do it.... I did it you can also do it ??""",Cameroon,1306731964624506891
Chris__Strvvt,b'RT @abenaa_x: Felt cute today??? https://t.co/1KsYllpfLo',Cameroon,1306731962430873600
HoldbrookJay,b'RT @1willing_: @DBLACKGH adey beg waaa?? I search your video keep ?? take hook me wai ...make I Watch some ??',Cameroon,1306731951676633088
Veli_no,b'@_iamsamani Never used an iPhone before',Cameroon,1306731936799391749
Pope_Cee,b'@agyaakusam @FiifiGreene @edemGiK @gymique @ato_nkay @BoYStainey @PapaAddo_07 @k_manu1 @Airedward1z @danielokinejnr WHOM AM I not to believe',Cameroon,1306731927643336704
sallliiee,b'@efya_arthur God mother. How far? Send diaper money',Cameroon,1306731918336167936
BRE_4short,b'Lmao if this isn?t the one !! https://t.co/XaCRxNyPau',Cameroon,1306731909683257344
jrsalvatierra,b'RT @Nyomandian: Good morning ??\n\nBarbara Fraatz https://t.co/WbWXw4s4Zo',Cameroon,1306731903253442560
kingrapperveli,b'You know all thing??? https://t.co/0cnBoypofh',Cameroon,1306731893694574592
SelasiJr,b'RT @fantasygoldgh: Game week 2 grand jackpot is active now. Let your FPL points make you as much as 1000gh weekly. Join now at https://t.co?',Cameroon,1306731891438034944
ghcounty,b'RT @missytrendsgh: You get what you order ??? \nClassic shoes ??? \nA customer sent a pic of the shoe they wanted and we got it done?? \nMake?',Cameroon,1306731888476925958
QhophiRhule,b'@Eat__Eat__Eat @AsabereRoland I?m shun dey watch long tee ?',Cameroon,1306731879085871109
PaasoloHisgrac3,"b'RT @Ing_nanakay: Hello guys Agenda Time is now let?s hit 1Million views together, the new viral song in everyone #nodulling by the @kechegl?'",Cameroon,1306731863776649216
Mister_Otu,b'@ArmzKorleone How you manage to hold a pencil is beyond me.',Cameroon,1306731846110150657
sallliiee,b'@efya_arthur Yhuppp. Almost due lol',Cameroon,1306731828980731904
chartsafrica,b'RT @bosom_pyung: Get The Hardest Playlist from Ghana on @BoomplayMusicGH ??. =&gt; https://t.co/ScmGIEWHZu https://t.co/3GFnUyG099',Cameroon,1306731826405429249
_gyesi,"b""RT @okt_ranking: What's FREE?? FREE is when you decide for yourself. FREE is when nobody's controlling your wealth - @sarkodie (Brown Paper?""",Cameroon,1306731809028407298
DeAristocrat,b'Mr Drew is on to something. Love to see the come up',Cameroon,1306731785565466629
MKhalzy,b'RT @Pope_Cee: @abenaasexy @asanteniiba @SweetintheMid13 @SadiqSeeker @naa_mundi_ @TheNationFarmer @Haryofresh @success_skinny @nana_wils @o?',Cameroon,1306731767513198592
Pope_Cee,b'@gideon_miezah @nick_nii_sai @anthonybrain_gh @modest_moore @asanteniiba ?Oh tell me? part weak me ???',Cameroon,1306731756247228422
PaPaKojo_,"b""@kurlinse They want better but won't do things the LUHG way""",Cameroon,1306731752795385858
nana_wils,b'@Kaypoisson1 Only KDB is better than Kante',Cameroon,1306731749901246464
DrillaWealth,"b""RT @Joy997FM: Find what makes you happy and never depend on a man to make you happy. You can't let a man validate you. This is my message t?""",Cameroon,1306731732687872000
FemiJefferey,b'@shiftedwomb teeth',Cameroon,1306731723254837254
_giselaamponsah,b'same https://t.co/iZoGXOTmy6',Cameroon,1306731716783083521
MannySteeze,"b""@bree_muthoni @justChinks It wont be the same cos there will no drama and no extra charges after that just the data cost that's all.""",Cameroon,1306731713729622022
pennervilla,b'RT @GhanaSocialU: Trust me it?s for Arsenal !!',Cameroon,1306731710416125955
aveputanas,b'RT @oh_mikail: @orbgoddess Worst thing is him acting and making u feel like your voice alone is  irritating . ?making you feel like a bothe?',Cameroon,1306731706997788683
Myka_illou,"b""@abc_mht @abenavicky_ @o_theophiluss it's not her on her pp""",Cameroon,1306652023090225152
dayamonstar,b'New Nomal',Cameroon,1306099342827114496
shaiina_D,b'RT @cedric_morray: @shaiina_D Aymard',Cameroon,1305846428858814465
cedric_morray,b'@shaiina_D Aymard',Cameroon,1305842482035527680
chizzloverhater,"b'Alhamdulillah, I feel like I?m getting so much better.'",Cameroon,1305827037832044544
handinovian_,"b""Hold my 'Teh Manis Panas'\n\nIU BEST GIRL https://t.co/9s7fwQD2oY""",Cameroon,1305825054043770882
handinovian_,"b'@squidwardfess One shot, One kill'",Cameroon,1305778192095952897
Oumarius1,b'@MarkTJones500 @UN_Cameroon @SDGaction @JoinUN75 @mznaab @UnescoYaounde @unicefcameroon @UNFPACameroon @FAOCameroun? https://t.co/5pOPsttQJi',Cameroon,1305597252803670016
tchoumidany,b'@lepetitsacripan Rapide putin',Cameroon,1305596798178865152
tchoumidany,"b""Alonso I'm done #BHACHE""",Cameroon,1305595944755507200
BourdanneFara,"b'Deep sorrow. Sun rise, sun shine and sun set. May his soul rest in perfect peace. Adieu younger brother. https://t.co/BenAV7ryuc'",Cameroon,1305542154605998082
chizzloverhater,b'Taek in real life https://t.co/LtoQQxJOAy',Cameroon,1305376507083149312
cedric_morray,b'@OnealDylan1 Congratulations',Cameroon,1305266691757215744
tchoumidany,b'Richardlison mdr \n#TOTEVE',Cameroon,1305171161718886402
tchoumidany,b'Go Everton!! \n#TOTEVE',Cameroon,1305167623777406977
TebiJunior237,"b""Drop your handles , let's foIIow you!!!""",Cameroon,1305128910259195905
followmap3,"b""RT @TebiJunior237: Drop your handles , let's foIIow you""",Cameroon,1305126072401489920
TebiJunior237,"b""Drop your handles , let's foIIow you""",Cameroon,1305125738056683521
TebiJunior237,b'@CintiaGaby7 @rizickyusuphl Follow back',Cameroon,1305125574428569600
TebiJunior237,b'1000+ FOLLOWERS Instantly !! ? Retweet and Drop your handle',Cameroon,1305125440252764167
TebiJunior237,b'actives!!! retweet this to gain active bts mutuals + follow everyone who RTs and Likes this + make sure to follow back',Cameroon,1305125319536513024
TebiJunior237,b'1000+ FOLLOWERS Instantly !! ? Retweet and Drop your handles',Cameroon,1305124183802810368
TebiJunior237,b'@ZakariHamisuAh1 Done!????????',Cameroon,1305123907637313536
TebiJunior237,"b""Drop handles let's follow each other""",Cameroon,1305123521941721090
TebiJunior237,b'@SKIESNATIONS Follow everyone who Likes and Retweets this!',Cameroon,1305122500205064199
TebiJunior237,b'@ChikondiGuta @Kinda_Cul Okay!',Cameroon,1305122268197130240
TebiJunior237,b'Follow everyone who Likes and Retweets this!',Cameroon,1305122117302784001
TebiJunior237,b'@trickfreefollow Drop your username and follow whoever\nlikes your comment!!!',Cameroon,1305121760828952578
TebiJunior237,"b""@Ruthy_Beauty @RuthyBeauty2 No! Have't met the person yet!""",Cameroon,1305119951590756352
TebiJunior237,b'@yohn_asra @Watrasri Drop your username and follow whoever\nlikes your comment!!!',Cameroon,1305119493170044928
TebiJunior237,b'RT @TebiJunior237: Drop your username and follow whoever\nlikes your comment!!!',Cameroon,1305119382901846016
TebiJunior237,b'Drop your username and follow whoever\nlikes your comment!!!',Cameroon,1305119364211974145
TebiJunior237,"b""@lIl80lIl Drop your Twitter handles let's follow you now""",Cameroon,1305119256116375554
TebiJunior237,"b""Drop your Twitter handles let's follow you now""",Cameroon,1305118960636043266
chizzloverhater,b'Converse item everyday https://t.co/tfJjwKdzFO',Cameroon,1305014270296338434
HakOumar,b'@Haqiqatjou Yaqeen Institute is a source of fitna for the Muslim umma. Beware!',Cameroon,1304909188871729154
AhmadouAlim8,b'Samy zayn gache le match dommage #smackdown',Cameroon,1304861897641152519
cedric_morray,b'@desireebabas237 Cute',Cameroon,1304437426945961993
Myka_illou,b'@philippe_amg @KoirangaYaya @keepitfame Congratulations',Cameroon,1304423112512098304
Kongnyuy0,"b'@bling_fi BTC , cus It easy to play and redeem you coins fast'",Cameroon,1304321502775595009
ib_mallum,b'Jazakallah khairan RT @Assimalhakeem: You don?t say anything! You simply intend to do it.\n\nWhen you want to relieve? https://t.co/1U5pkuxD3r',Cameroon,1304080303724670977
Kongnyuy0,b'@theramabelle Amen?',Cameroon,1303937910513774592
samirtignere,"b""@FabrizioRomano Hello Fabrizio Romano!!!It's there something true about the Guendouzi-draxler swap deal?""",Cameroon,1303820488850968576
RonaldG35925973,b'RT @TebiJunior237: @Followtrick_P0p Small Accounts Gain  here',Cameroon,1303791533997600777
samirtignere,b'@omarihutch7 It looks like everyone agree on one: the Kid is a real big thing! Fingers crossed.wish you all the best',Cameroon,1303714107342966787
samirtignere,b'@omarihutch7 It looks like everyone agree on one: the Kid is a real big thing! Fingers crossed.wish you all the best',Cameroon,1303714107342966787
samirtignere,b'@omarihutch7 It looks like everyone agree on one: the Kid is a real big thing! Fingers crossed.wish you all the best',Cameroon,1303714107342966787
samirtignere,b'@omarihutch7 It looks like everyone agree on one: the Kid is a real big thing! Fingers crossed.wish you all the best',Cameroon,1303714107342966787
samirtignere,b'@omarihutch7 It looks like everyone agree on one: the Kid is a real big thing! Fingers crossed.wish you all the best',Cameroon,1303714107342966787
samirtignere,b'@omarihutch7 It looks like everyone agree on one: the Kid is a real big thing! Fingers crossed.wish you all the best',Cameroon,1303714107342966787
Bojude_01,b'@forsterampadu @BBCSport Dele is better than Hazard',Cameroon,1306727369194045440
Donzy_Chaka,b'RT @FadamaRanksGh: 1YEAR AGO\n@Donzy_Chaka - One Favour ft @kelvynboymusic_ (official Audio slide)\nhttps://t.co/YWq7JkfJpI',Cameroon,1306722063177207813
joeybranca,"b'RT @bryson_young1: Kingdom Hearts came out 18 years ago this week, which means that was the week my sleep schedule officially fell behind a?'",Cameroon,1306721546078101505
bryson_young1,"b'Kingdom Hearts came out 18 years ago this week, which means that was the week my sleep schedule officially fell beh? https://t.co/evTpgd7nYt'",Cameroon,1306720648505434113
sokennysaid,b'Boys?? @Itsforjokes @Cloudywulf https://t.co/oagIeF8qAH',Cameroon,1306718881558523909
____Auwal,b'@AABako3 Ahswear?',Cameroon,1306717620700356613
____Auwal,"b'Be yourself, no matter what other people think of you. Allah created you the way you are for a reason.'",Cameroon,1306717012153040896
uriespics,b'???? ???? ??????? https://t.co/DjiDVOF4h0',Cameroon,1306715599624695808
kingdaannii,b'Ok Ms.pick me https://t.co/2gDGu3jbLP',Cameroon,1306714131899138048
mcniialler,"b'We are siblings by blood, but best friends by choice ???? https://t.co/hSrHo7rIz7'",Cameroon,1306712627490574342
superdimentios,b'man i just. sits and stares at the corner. i like    speaking words',Cameroon,1306707273604100096
Akguru01,"b'Those people writing ""guy"" as ""gay"" do they know the meaning?'",Cameroon,1306707144306286594
Akguru01,b'@Zaraa_Sulaiman But if u told them not to engage in ur tweet They will do so.',Cameroon,1306706497028710407
kwabenawagon,b'RT @FadamaRanksGh: @OffeiMusic - Fi Mano ft @patorankingfire X Blackstone (Official video) https://t.co/kwKIsp5DH7 ????? https://t.co/z8Q1i?',Cameroon,1306706473586700293
TavoWrId,b'@KonpuDifferent I?ll be here in a min',Cameroon,1306705854939488257
TavoWrId,b'@KonpuDifferent Great games bb',Cameroon,1306705793841012736
superdimentios,"b'without downloading new pics, where are you at mentally? https://t.co/ZRu9pwEcHp https://t.co/QHKCuv0uqd'",Cameroon,1306705436876382211
ggukrly,b'@mikrotae_ @BTS_twt aver',Cameroon,1306705218550345728
JrMuhdInuer,b'@Eishaaat Yacin I have crush on you ??',Cameroon,1306701872481304584
Dhe_Tutor,b'RT @Akguru01: Ya Allah replace our sadness with something beautiful',Cameroon,1306694413515657217
MiSafti_,b'@SaraCandyA Yupp !!',Cameroon,1306693501569167360
TavoWrId,b'@DropOutts That case not that bad',Cameroon,1306693443209572352
JHTheHurricane,"b""@Bat_mayne_ Welcome brother. There's so much I don't even know where to start lol.""",Cameroon,1306693203211546628
MiSafti_,b'Never ! https://t.co/s8Nujbhp6r',Cameroon,1306693088358920197
yuguda_m,"b'@channelstv A good idea, but with Nigeria factor, is another opening for another set of people to the public treasury and property.'",Cameroon,1306689736204001287
STOPKILLEY,b'RT @TavoWrId: get @ColbionEXTRA to 800 followers!!',Cameroon,1306689496075902983
TavoWrId,b'get @ColbionEXTRA to 800 followers!!',Cameroon,1306689261270376464
Ardox2,b'@martasolano_ My dear you look elegant',Cameroon,1306688616148668421
Saifull65684593,b'RT @Akguru01: Ya Allah replace our sadness with something beautiful',Cameroon,1306685456072028160
superdimentios,b'@keys_ship bears! bears!',Cameroon,1306683246483247109
yarima08,b'RT @Akguru01: Ya Allah replace our sadness with something beautiful',Cameroon,1306683165302546432
hippieripperr,"b'""I\'ll update after 1 week"" ? https://t.co/aIIjoPzgEa'",Cameroon,1306681110189932544
hippieripperr,b'@brookerturner73 @EMC__01 Thank you ??',Cameroon,1306680188617416704
hippieripperr,b'@Possible_MA @FaZe_H1ghSky1 Congrats in advance ? @litiritirisists @MeowChu27 @VanessaMae974',Cameroon,1306679847712817152
isxlde,b'@CamsMeuleman my lil man?? https://t.co/H3nqnH5xi0',Cameroon,1306678561105903616
ggukrly,b'@sweetchiminie soft core',Cameroon,1306677222938480641
hippieripperr,b'Goodnight for real ???',Cameroon,1306675516427051009
hippieripperr,b'@Giveaway_Contst Goodnight ?',Cameroon,1306675345622351872
hippieripperr,b'@TheRightSideLLC @WildBearCapper Thank you for the chance ???',Cameroon,1306675064041947137
Lorraine__Donna,b'RT @MiSafti_: Juste God. Love. And Forgiveness ???',Cameroon,1306674155304222720
LWaleedah,b'RT @Akguru01: Ya Allah replace our sadness with something beautiful',Cameroon,1306673769080127488
yuguda_m,b'@SaharaReporters Half of the cost can renovate many public schools and assist to enroll hundreds of the almajiris i? https://t.co/OM5Hgftyst',Cameroon,1306673009890127875
Babymfops,b'THAUVIN EHHHH',Cameroon,1306672281779871747
ChubbyXee,b'RT @Akguru01: Ya Allah replace our sadness with something beautiful',Cameroon,1306671864765444096
mcniialler,b'missing my aubergine hair ? https://t.co/7oypYrM7QC',Cameroon,1306668946410569729
AzeeBurner,b'RT @FadamaRanksGh: @Amerado_Burner - Twaso ft @fameye_music (official video)\nhttps://t.co/dHeWnIQbMN ???????',Cameroon,1306667856650735618
hippieripperr,b'@KuangTV @Roobet Roobet: hippieripperr https://t.co/vQmeGZjpg6',Cameroon,1306666103515480064
FadamaRanksGh,b'@Adina_Thembi After Jesus Maame Mary Na You ???',Cameroon,1306664832394047488
Erry_banks,b'@sia_nae Yup been bugging since 30 mins ago',Cameroon,1306661282997850117
BRITTGUNNELL,b'RT @PandaSpacey: @BRITTGUNNELL Bell\nTell\nShell',Cameroon,1306661221727309825
kingin77,b'Baby Keem - Hooligan ???',Cameroon,1306660245192744968
xAlifeFlock,b'@CANTDIE_ tony hawk for me...so expensive for me to get',Cameroon,1306660118897897472
Akguru01,b'Once people see no likes or rt that the best tweet for them to like or rt',Cameroon,1306659376145616898
SharedHands,b'20 Secrets That?ll Boost Your Facebook Organic Reach https://t.co/5iP70bnSPP',Cameroon,1306658682814504963
Akguru01,b'@es_sada_ Anything with 606 is borrowing',Cameroon,1306657749661614087
superdimentios,b'might fuck around and download Party 2 after i finish my schoolwork shit looks fun!!',Cameroon,1306657459218640897
0DegreesCelsius,b'RT @PandaSpacey: The music in the new CoD is amazing',Cameroon,1306656849752739846
superdimentios,b'lrt: me giving people faust',Cameroon,1306656792848596992
FadamaRanksGh,b'So for what reason are they interviewing that Dr.UN guy',Cameroon,1306656183814623232
FadamaRanksGh,"b""@davvydmoore Y'all follow back""",Cameroon,1306655618045009923
OffeiMusic,b'RT @FadamaRanksGh: @OffeiMusic - Fi Mano ft @patorankingfire X Blackstone (Official video) https://t.co/kwKIsp5DH7 ????? https://t.co/z8Q1i?',Cameroon,1306655030389469187
hippieripperr,b'Thank you Lord ? Goodnight!!!!! ?',Cameroon,1306653955770834944
Akguru01,b'Ya Allah replace our sadness with something beautiful',Cameroon,1306653084450533384
sokennysaid,b'Here?s a song for you? CYBERPUNK 2.0.2.0. by HEALTH\nhttps://t.co/LjWXe4kdbM',Cameroon,1306652672746041345
uriespics,b'@luvscadie Brendon Urie https://t.co/cauwAqcWHv',Cameroon,1306652351663689728
uriespics,b'@articgrazrr gosto vida?kkrjfkvogjgo',Cameroon,1306651663931932672
FadamaRanksGh,b'@tv3_ghana @Adina_Thembi A Queen ??',Cameroon,1306650959108599814
FadamaRanksGh,b'@QuasiBurnerx @kobbykatalyst1 T-roll',Cameroon,1306650006087241728
ToniaUmeh1,b'@Y_hamzaa Because He/She exhibited HELLISH traits',Cameroon,1306649931118190592
LunguDogara,b'@fheerdausy Ameeeen ooooooooo????',Cameroon,1306649853250998272
hippieripperr,b'@GiveawaySquadd @shiv_vgo Congratsss',Cameroon,1306649150860136449
hippieripperr,b'@_insertusrname Congratsss ?',Cameroon,1306647757063503873
FadamaRanksGh,b'@RankGhana1 @kecheglobal @fameye_music @darkovibes @wendyshaygh @shattawalegh @GhDopeNation @stonebwoyb? https://t.co/Q8e85LxJm2',Cameroon,1306647737102934019
ufondu_,b'@diaryofa9jagirl You are very beautiful',Cameroon,1306646907419275267
Babymfops,b'Boyzone - Picture of You',Cameroon,1306646532121399298
FadamaRanksGh,b'Move to @BoomplayMusicGH and grow the numbers \n@Adina_Thembi - Why \nhttps://t.co/FUFQH0P0xV',Cameroon,1306645654417137665
hippieripperr,b'@Roobet Roobet: hippieripperr @roginjohnxxx03 @daniel_mingoa',Cameroon,1306645500049805312
FadamaRanksGh,b'@sergio_de_ennin Secure',Cameroon,1306644887627018248
MezMorvan,b'RT @MiSafti_: Juste God. Love. And Forgiveness ???',Cameroon,1306644623708827649
FadamaRanksGh,b'@mrdrewofficial - Let Me Know (official video) https://t.co/poX7mnPFTK ???????',Cameroon,1306644422013186049
PandaSpacey,b'@Redemption1895 It looks so fun :D',Cameroon,1306644108568559616
MiSafti_,b'Juste God. Love. And Forgiveness ???',Cameroon,1306643849259999232
NikoleAshleyy,b'Aliza and I tomorrow https://t.co/EGnbwgNsye',Cameroon,1306643680288223233
FadamaRanksGh,b'@naanabluonline - #ThisIsHighlifeEp \nNaaNa Blu releases official album cover and track list of her maiden EP ?This? https://t.co/sr0aWnKmRr',Cameroon,1306643108411605000
hippieripperr,b'@ImBrandNewHere Thank you for the chance ???',Cameroon,1306641702443036673
hippieripperr,b'@RealziesCuts @EMC__01 Thank you ??',Cameroon,1306639375095050242
Jordan_Vibez,b'RT @LitChriss: Million dollar mental',Cameroon,1306637624694771717
hippieripperr,b'@IrishGirlCrypt1 Tg: hippieripperr https://t.co/PZr8oA6DiI',Cameroon,1306637616553451520
chiromasaeed,"b'@NinaMeelah Is a matter of time,insha Allah your time will https://t.co/FVCdLOfXEt hurry in life!may Allah choose the best for you ??'",Cameroon,1306637249686241281
TaplinDonnell,b'RT @LitChriss: Million dollar mental',Cameroon,1306635930225311744
hippieripperr,b'@reefpher @ian_SWERTE Congratsss ?',Cameroon,1306635926194413568
PandaSpacey,b'@codintel8880 YES :D\nThe music was amazing in the demo',Cameroon,1306635309384445952
Akguru01,b'@iamdihealer Wish others good.',Cameroon,1306634377573601282
kingin77,b'@Haidy399 @babykeem_ NEW BABY KEEM https://t.co/PGkO2Y1bnn enjoy!',Cameroon,1306633556580618242
mojiicaaa,b'lokbu battery',Cameroon,1306632343617040387
DFriedlieb,"b'RT @LCTechCampus: Sign-ups for the Hybrid Pilot week of 9/21 close today @ 3pm! Participating students - if you haven?t done so already, pl?'",Cameroon,1306632300029853698
hippieripperr,b'@shadowskulls19 @whatever13LS @carlaval31 @litiritirisists I want pizza ??',Cameroon,1306631684134109184
hippieripperr,b'@TheTrueAMG @Monu10852530 Wow congrats ?',Cameroon,1306631417544269825
_Rookiie,b'RT @Akguru01: Still on Otedola matter https://t.co/1V6RxqU6C9',Cameroon,1306631303916331010
PandaSpacey,b'The music in the new CoD is amazing',Cameroon,1306630609759088643
