user,text,country,id
sofiiperezz__,b'@horan_thyy niall',Argentina,1306681536075501568
JohnYlitalo,"b'RT @rodolfo200131: So, Today is National Fox Day. Huh? https://t.co/IGTtZutPc1'",Argentina,1306681121237762048
Stuffwell303,"b'RT @rodolfo200131: So, Today is National Fox Day. Huh? https://t.co/IGTtZutPc1'",Argentina,1306680145923670019
sofisuch,b'you can do so much better than this',Argentina,1306678981081608193
run_vero_run,b'RT @eneemep: @run_vero_run Love u ???????????? so much',Argentina,1306678734469165056
eneemep,b'@run_vero_run Love u ???????????? so much',Argentina,1306678022561505280
WillitsKirsten,"b'RT @rodolfo200131: So, Today is National Fox Day. Huh? https://t.co/IGTtZutPc1'",Argentina,1306677828977659904
_GMLourdes,b'SORETE!!!!!!!!! https://t.co/lI9wHsFGoR',Argentina,1306677040167497729
EveeBarrera1,b'Same sis https://t.co/Ly15ycmubU',Argentina,1306676237205737475
luxo14581,b'RT @ggdaris2: soon pes 2020 ps4 https://t.co/7PNBC7eF5N',Argentina,1306675751383695360
ivannola__,b'@emilianomts Noo0000oooo',Argentina,1306675690088038401
sadwichdemiga,b'@jungkxlover Oh un 111 perfecto ?? Stream a Dynamite y Blueberry Eyes ?',Argentina,1306675361284063239
Silfarias82,b'@yanardo01 @yanilatorre OBVIO!! ?',Argentina,1306675342778814466
ematiu,"b'@aiyadt ok, governance can be different... but what about the idea of adding a new token instead of taking from the? https://t.co/u4bWfKwdsM'",Argentina,1306674925005144064
GonchiP1,"b'Oh sick gross, nasty yuck https://t.co/KXdjdX8QkW https://t.co/PHd2U3aGbX'",Argentina,1306673086499086336
Mozenrath1981,b'RT @Ch_Hendrickx: The first illustration is from paleoartist Roy Andersen who sadly passed away last year. Andersen illustrated the @NatGeo?',Argentina,1306672872136548354
Mozenrath1981,b'RT @Ch_Hendrickx: Parade of Dinosaurs - Dinosaur Parade. An almost identical title of two pictures that have had one of the greatest impact?',Argentina,1306672055727857664
Trinacria_333,"b'@kinkeiro That was then, this is now'",Argentina,1306671624893149190
GianlucaB99,b'@tomascamandona5 Pitines',Argentina,1306670862494564362
Trinacria_333,b'@katyinflicted Not the end of the world!',Argentina,1306670639114317824
sinnrsprayer,b'@ethereavl para mi aged like wine perdon',Argentina,1306670350743343105
Mersault_0,"b""@inestabiIidad te tomaron asistencia it's worth""",Argentina,1306670309941170176
karlasexile,b'@youthtissue justin? forever ???????',Argentina,1306670238197583872
Trinacria_333,b'@tut4ncmon @norkelll @ladygaga Yes #Roar was a #1',Argentina,1306669906818199554
andrugallardo39,b'@AbelPintos @agpintos @alegarciapintos Cortaste toda la loozz',Argentina,1306669497605029894
melaspagaras,b'RT @bonheur_ok: Mood https://t.co/lhrpxK4Nx4',Argentina,1306668771659206658
bonheur_ok,b'Mood https://t.co/lhrpxK4Nx4',Argentina,1306668532457975809
Ragonenico,b'@marianbelatii Holisss',Argentina,1306667281951399942
Roxcon1,b'@Adambomb2002 super broly dont got shit in check\nraggedy ass shoes and armor\ndont got gucci slides and emeralds\ncan? https://t.co/b89fOkMoLy',Argentina,1306667065919578112
NicolasGatti01,b'@Ofeliodorni Hacete steamer',Argentina,1306666986273935365
angaaguilar,b'Me han can sau',Argentina,1306666747731247105
alec_behan,"b'RT @rodolfo200131: So, Today is National Fox Day. Huh? https://t.co/IGTtZutPc1'",Argentina,1306666067188682754
ematiu,b'ABC should grow the pie instead of taking a piece of it. Why not giving an extra slp token governed on chain by hol? https://t.co/VxUbRHGUg9',Argentina,1306666060242915329
_BettyLuccy,b'@agurants In the feels??',Argentina,1306665255058239488
sinnrsprayer,b'BItc https://t.co/mcyqUigwv7',Argentina,1306664919253876742
verasimonettii,b'@whothefuckrfesi a callate',Argentina,1306664555582566404
Roxcon1,"b""fellas why broly's design is so fucking raw\n\nnigga got everything in check (talkin bout dbz broly btw)""",Argentina,1306664239151673344
CristianUncos,b'deadshot https://t.co/pWVQBuV5zQ',Argentina,1306663996880293890
Mili_Pereez,b'Rituales ?',Argentina,1306663406938841091
ematiu,b'@franamati This is good advice. The only time I lost coins was by sending by mistake to an old wallet I erase one of the keys.',Argentina,1306663086900875266
MicaStrichiola2,b'Dame mil https://t.co/2RpQVtQKx7',Argentina,1306661243823050752
Pau_guzman13_,"b""@LucasPa50129969 Yes,i love Taylor.Have u listened to the new album?,it's stunning?""",Argentina,1306660955502374917
LovingDemocracy,b'@__Sasse__ @ralaratri Under boob &gt; any boob',Argentina,1306660472096202755
rodolfo200131,b'Happy National Fox Day! ^^ https://t.co/EIGzBHrJEs',Argentina,1306660314969243649
sofisuch,"b'-""I\'m gay. It\'s pretty unfortunate, isn\'t it, Eleanor?\n-Would you like to be quiet?! \n-I can\'t believe you said that""'",Argentina,1306659630924402693
HokutoNoPobre,b'@nytemurr @BRAVEorGRAVE_ that top 4 is cool jagi',Argentina,1306659396152373248
Mythcreation_,b'RT @GalaxySuni: @Mythcreation_ Happy birthday Queen!!??',Argentina,1306659277126414337
lukv_bb,b'F Instagram',Argentina,1306658965900722181
cami3__,b'Super*',Argentina,1306658727894953985
vicky_abbate_,b'You make me un poco loco ??',Argentina,1306656756781768705
hijadelpapa,b'@turucuto anda a contarme al chat plis',Argentina,1306656518922801152
Froquel_YT,b'@fruitbolin @DanganNoContext Wonderfully thought',Argentina,1306656452514324481
Nathan_HyAn,"b'@ValveNewsNetwor @bethesda @idSoftware so i trully recommend to play with a port like gzdoom, and type in the conso? https://t.co/WIx6GuekFh'",Argentina,1306656304581222401
Nathan_HyAn,"b""@ValveNewsNetwor @bethesda @idSoftware I've been playing Doom since i was 5y/o (i'm 25 now) on the original DOOM.EX? https://t.co/f539CdJVeG""",Argentina,1306656153875734528
____valeenn,b'@_mariaarvv novia??',Argentina,1306656147882074113
fnrsokolic,b'@Zagmania_ Lets gooo! https://t.co/6kDUWuI59Y',Argentina,1306656084925599745
AhoraManolo,b'@CPFC Zaha please??',Argentina,1306655780066734080
miligram0s,"b""You're trying too hard sweetie https://t.co/XKbOIHb5Cu""",Argentina,1306655677452963840
BELNMANRIQUE,b'@RadioTiempo1059 @Supernovaprod @AxelOficial @MovistarArenaAR Genial!!!!?????',Argentina,1306655495667830786
GallegoM_,b'@SatinTorres Same energy\nhttps://t.co/okD5wkt9ar',Argentina,1306655422368100353
GallegoM_,b'@SatinTorres Same energy\nhttps://t.co/okD5wkt9ar',Argentina,1306655422368100353
celia_rija,b'Real? https://t.co/VCJKkICPRi',Argentina,1306655403011436550
NakahiNui,b'EPICCCCCCCCCCCCCCCCCCCC https://t.co/4g3xOl1GPy',Argentina,1306655029340844040
ggdaris2,b'soon pes 2020 ps4 https://t.co/7PNBC7eF5N',Argentina,1306654173929275392
fachakraus,b'@medusaaaa__ A Travis Scott burger',Argentina,1306654030844899329
sabriicoronel,b'@JulianSerrano01 Teenage bounty hunters',Argentina,1306653961102000128
Ch_Hendrickx,"b'@MorrisonNolan1 @NatGeo @DanaKorneisel Alright, my bad! Then yeah, I will contact @DanaKorneisel to see if she woul? https://t.co/R4bplU3Q7F'",Argentina,1306653950414934016
markkusfn,b'@MozartFPS No waaaay',Argentina,1306653334468800513
mauroacostag,b'heartbreak',Argentina,1306652456168960005
RuezgaCamila,b'Peor signo? \nCancer?',Argentina,1306652391735996417
sofiiperezz__,b'@n1nuuu @dconssvt mis mutuals me ignoran chau',Argentina,1306652035174019082
sinnrsprayer,b'everytime you call me crazy i get more crazy what about that?',Argentina,1306651883755446273
Froquel_YT,b'@DanganNoContext That low key kind of sounds like the beginning to a random Disney song',Argentina,1306649529706573827
AgusLC13,b'REAL https://t.co/DJTHsTDGNt',Argentina,1306649180476248064
LCegada,b'One of Us - Liam Gallagher (Live O2 Manchester) https://t.co/hbDOBBGd3W',Argentina,1306648862468313088
MaruSantosE,b'Superlike? https://t.co/au3bd2M6vR',Argentina,1306648672491503616
_rintintina,b'@fockinlosaah SAME',Argentina,1306647703175258113
CuCamposR,b'Dejen el show please',Argentina,1306647134679314432
lucascasal19,b'RT @Natilu_sosa: Thanks ?',Argentina,1306646919062720517
Natilu_sosa,b'Thanks ? https://t.co/LfpSYo6UvE',Argentina,1306645606337851393
ito_cdb,b'@nishinagaayana Cute',Argentina,1306644375863164928
Braian396,b'Tan real. https://t.co/wQzOVuXevS',Argentina,1306643704191557633
gianer__,b'Flashero https://t.co/6tPFVfUX6l',Argentina,1306642905524731906
funesboy_,b'@30SecFights not enough',Argentina,1306642726419656705
rodolfo200131,"b'So, Today is National Fox Day. Huh? https://t.co/IGTtZutPc1'",Argentina,1306641848471973888
AgustinJerez_,b'clave https://t.co/yDnsP5I5dY',Argentina,1306641594318229506
belnmuzzo1,"b'Jimin, J-Hope, V y Jungkook TODA ?'",Argentina,1306640929596604416
Redskull7,"b'@HolyRabbid @AkaiRiot @sepiascribe I agreed with this one, for me the good old SDD hardrive for speed and good old? https://t.co/t7F3PVTuVJ'",Argentina,1306640577681817600
memiigomezz,b'@TwoHeartsGB adore you',Argentina,1306640201800921088
Mili_valenzuel,b'To to toxica',Argentina,1306639789865807872
NabyDrube,b'AAAAAAA UN BABY SHOWER ROSA CON MUCHO BRILLOOOO https://t.co/PNQBd9QpnP',Argentina,1306639503822553095
Ch_Hendrickx,"b'@MorrisonNolan1 @NatGeo @DanaKorneisel If you meant Tianyulong (but I might be wrong), then no this is a specimen o? https://t.co/fMjWei5tUm'",Argentina,1306638846000533510
____valeenn,b'@GardeniaVera25 novia??',Argentina,1306638674159980546
agxspg,b'Nice https://t.co/HmuyRxMZis',Argentina,1306638498921938944
_BettyLuccy,"b""And if my wishes came true, it would've been you""",Argentina,1306635546966601728
f597_,b'do you REALLY have mommy issues if you don?t have anger issues as well? https://t.co/7kT4AUBY4X',Argentina,1306635375188873217
Pilarpadilla__,b'Real https://t.co/748n43QNO6',Argentina,1306635268150251521
Ch_Hendrickx,"b'I discover ""Dinotopia, A Land Apart from Time"" in South Africa when I was 12 years old. Author @GurneyJourney basic? https://t.co/wBRMUDGLP0'",Argentina,1306633808050098176
Ch_Hendrickx,b'The first illustration is from paleoartist Roy Andersen who sadly passed away last year. Andersen illustrated the? https://t.co/Wh8QifVmMU',Argentina,1306633803851608064
Ch_Hendrickx,b'Parade of Dinosaurs - Dinosaur Parade. An almost identical title of two pictures that have had one of the greatest? https://t.co/Gesl2EflBi',Argentina,1306633801351786498
CasoRosendi,b'@soul_unravelled A tripe + liver &amp; onions ice cream.',Argentina,1306732279167946752
Local_Dog_Awoos,b'RT @Pridark_: Lugia &lt;3\n??Patreon: https://t.co/zhSgVCkLs3\n??DeviantArt: https://t.co/tnka8OmUOM\nRetweets are super appreciated https://t.co?',Argentina,1306732278337302528
candlaaaaa_la,b'@Tpwk_Iris Obvio',Argentina,1306732252613795840
elchino59,b'RT @fargosi: Terrible.',Argentina,1306732251988856833
lilbersana,b'@LILUZIVERT facts',Argentina,1306732229566115841
vidragone,b'@MauuNaredo dejame',Argentina,1306732216098136066
knd_dietz,b'Eyes on my girl',Argentina,1306732211794829317
BianPriscilla,b'RT @hartisimaaaa: Literal. https://t.co/1mL5lDsXlJ',Argentina,1306732190504497152
How_D0NC4S,"b'@pkendejo En fin, los downs'",Argentina,1306732190055698433
lules_glam,b'@gise_rossi Thanks for this',Argentina,1306732189443403776
piclyk,b'? Design + Art = Piclyk https://t.co/xQekMq8odA',Argentina,1306732171827306497
juanchiigerez,"b""I'm done hatin' myself for feelin'""",Argentina,1306732164587945984
flocass,b'@Icxrustxlk 2.6mil rep',Argentina,1306732152868999169
DotHarryHex,"b'@autumniez That logic sounds like going to the cops to report a murderer, and then the cops tell the murderer that you reported it.'",Argentina,1306732151308800001
sateIliteluke,"b""twitter won't stop until apple adds a new heart with a new colour until every colour has a heart emoji""",Argentina,1306732143654117377
feticheandante,b'Ok but Kenny and Karen as sex workers for fetishist wanting to fuck with two siblings',Argentina,1306732139065618432
ramoust11,b'@MR11ok You shoot in pija that match',Argentina,1306732132656713729
LunDiiVith,b'@aghshitfireohsh YEA i watched 30 seconds more and they explained\n\nLove to see her titty in HD i guess ankdsjnfkdjn',Argentina,1306732131855536130
nayysena,b'RT @PabloAgustin: Karma is a bitch',Argentina,1306732127707373572
FandeVoltaire,b'@LinaCoan manicure',Argentina,1306732111030878208
Julesofthwood,b'RT @AndreaSimondini: @Julesofthwood @LuisAnnino @CrewCutYoutube @Akam1129 @TheUndeadGaucho @SteUFOnotCGULLS @redpandakoala @Aida_x @OmniTal?',Argentina,1306732100511506438
johalmiron,"b'@Jacenorman jace, you scare me'",Argentina,1306732092965957632
mzissi1,b'RT @PabloAgustin: Karma is a bitch',Argentina,1306732089186947072
lthoney94,b'chanchooo!!! https://t.co/W6jbddFWr8',Argentina,1306732084984188931
LightsUpMe,b'@ShantalAmorteg1 @gxldenwalls_ Real',Argentina,1306732043972366337
Mahtwiter,b'RT @_Pastel: En fin https://t.co/zU3pSrP7IS',Argentina,1306732034744877057
ggaaaabbbiiii,b'RT @dailynialIpics: good morning for niall horan only https://t.co/N1OyGqSIPX',Argentina,1306732014884847617
Mrconnoly,b'@NewEmergingKing I think it?s best to just turn and slowly walk away.',Argentina,1306731995037347841
Tobias6seis,b'@marcossdy Se lo ve gordo a Duff McKagan',Argentina,1306731988167077889
xgimex,b'Gime troste https://t.co/DTTeGT0aEj',Argentina,1306731983272398849
BeraAlberto2016,b'Game is over Now !! https://t.co/85ayTXXnmk',Argentina,1306731969905131520
flawlessmp,b'RT @gonchobanzas: THE LAST DANCE\nAGS2058 https://t.co/P9741PtSRM',Argentina,1306731962653175808
bianca_roinich,b'@_agusduhart_ weno?',Argentina,1306731961256415232
igonorante,"b""RT @DoctorM64: So, my long lost dream of having something I helped design playable on a Nintendo console is finally coming true.\nI couldn't?""",Argentina,1306731953757065219
aglmax,b'RT @hartisimaaaa: Literal. https://t.co/1mL5lDsXlJ',Argentina,1306731953220190209
IndieEmilGbg,"b'RT @AgustinCordes: Alright, so there will be *another* impromptu stream tomorrow, around 7PM GMT/UTC, to celebrate the beginning of our gam?'",Argentina,1306731947826327555
AlexanderRivoir,b'Horrible me anda Instagram',Argentina,1306731946186285056
aslanZounder,"b'@jakengIish the parallelograms,,'",Argentina,1306731933674729473
BorDortmundARG,b'@BarcaArg10 (Broma)',Argentina,1306731910975160322
cherryboyron,"b'Really sad no doxed frogs on city councils, county zoning boards, state employee union leadership... really weak'",Argentina,1306731906197749760
BloopZero,"b""@Obanaismydaddy OMG YES I love that scene too! \nHe was literally shielding them, my heart;; \nTan's pre-existing cru? https://t.co/nAk8vCUMmM""",Argentina,1306731884257386496
JOR9323,b'A ver...... https://t.co/jb0xVsYtdR',Argentina,1306731880658673665
Vale_Lapaz,b'RT @tomialmiron9: Mood https://t.co/2oCFt3LVzz',Argentina,1306731875361316870
PaloLattanzio,b'RT @PabloAgustin: Karma is a bitch',Argentina,1306731861402693634
seeliepunk,"b""RT @milkyopi: Commission i did for @/basedegolpes on ig a while ago, loved it so much I'm so happy it's finally out ? https://t.co/E8kivyY3?""",Argentina,1306731845707390977
valee_carolina,b'RT @PabloAgustin: Karma is a bitch',Argentina,1306731809712091138
nicobassoo,"b'@teitoamato fake news, tranqui'",Argentina,1306731803840049157
iMrQueso,"b'@JV_Punk You don\'t like ""DRAMATIC FINISH!"" ?'",Argentina,1306731794327273474
anafoxalessi,b'RT @PabloAgustin: Karma is a bitch',Argentina,1306731785720602626
johalmiron,"b""@Jacenorman please jace, what's up?""",Argentina,1306731775352242176
Anaarce14,b'RT @PabloAgustin: Karma is a bitch',Argentina,1306731755630743553
KityMorillo,b'@The_Beermonger What was that?',Argentina,1306731725112963072
mendeswyrr,b'@gxldenwalls__ ME MEO',Argentina,1306731692200259585
JoaquiLio19,b'@Elmiillor ELM PUT# GHOSTER ARRUINANDOLE EL GAME A MANUCHO ?? ELM PUT# GHOSTER ARRUINANDOLE EL GAME A MANUCHO ?? EL? https://t.co/ns3NJYw5Aa',Argentina,1306731684478488578
karennblancooo,b'RT @PabloAgustin: Karma is a bitch',Argentina,1306731683908071424
johalmiron,b'@Jacenorman what',Argentina,1306731678283509761
mmvpdesz,b'Genial @BanzasGuillermo\nhttps://t.co/eW0vwqp11q',Argentina,1306731677289508865
cherryboyron,b'@wooser69 It does. I destroyed my left knee being stupid and my shoulders doing manual labor. Should have stayed juicy',Argentina,1306731650370490376
AndreaSimondini,b'@Julesofthwood @LuisAnnino @CrewCutYoutube @Akam1129 @TheUndeadGaucho @SteUFOnotCGULLS @redpandakoala @Aida_x? https://t.co/eCOCWUCShu',Argentina,1306731640241238016
IVANN_VARAS,b'RT @PabloAgustin: Karma is a bitch',Argentina,1306731630640484353
aslanZounder,"b""@jakengIish UMMM???? Wow\nI think I'm due an Act 6 reread""",Argentina,1306731616040112134
lettucesenku_,b'@sengenism ryu is blue\nsenku is pink\nchild is suika\ngray is yo',Argentina,1306731609996046337
tfwPhoebe,"b'@CusAngelic_Idol you forgot who i was, who you were\n\nyou just wanted to SLAY https://t.co/LGvbfXgUvu'",Argentina,1306731600219078656
AdrianJusticia,b'RT @NormiPades: JUSTICIA!! @alferdez @CorteSupremaAR @jramospadilla @contra_mentiras @milcastellini @CronicaTV @vozciudadana3 @mauroszeta @?',Argentina,1306731586306662400
Emi_130902,b'RT @PabloAgustin: Karma is a bitch',Argentina,1306731582728871943
DhaiiFuentes2,b'RT @PabloAgustin: Karma is a bitch',Argentina,1306731579805442050
GuiyeBraun,"b'RT @MoskitaMuertaOk: RATING | ??\n#GPCocina 8,0\n#Elif 7,1\n#AmericaNoticias 2,4\n#Telenueve 1,8\n#AltaVoz 0,3\n#RePerfilAr 0,2 https://t.co/aGqb?'",Argentina,1306731566597627904
Err0r_x1,b'@asaphira Solo rank is a traumatic experience ? but I meet some nice people and hunters ?',Argentina,1306731561287589889
el_noctambulo_,b'RT @guarda_la_moto: Cristina entrando a Google\n*Peaky Blinders soundtrack* https://t.co/tXbBDuXjTY',Argentina,1306731550164295680
LedaviV,"b'RT @tomasso_el: GUYS I CANT WAIT ANYMORE, I NEED TO CONTINUE DRAWING!!!!!!!!!!!!!!!!!!!!!!!!!!!!!\n\nHERE, MY MOST RECENT MARIO DRAWING, I RE?'",Argentina,1306731547983310848
sateIliteluke,"b""@th4ssa it's pretty scary actually the way some fans get seriously angry when they see stuff like this, i mean he's? https://t.co/FYbvfivoHZ""",Argentina,1306731539338850304
Bigziurch,b'@romitommy @wanriipa Sameeeeeeeee ?',Argentina,1306731536184741888
leemlahmaikano,"b""RT @haauwah: On a normal day in zakayi participating a giveaway na Twitter, followers naka basa cooperating-they won't bat an eyelid but su?""",Argentina,1306731534251167744
adricastro,b'@Moflo19 Right???',Argentina,1306731526617473026
Martinaayael1,b'@genennu Impecable',Argentina,1306731523530461185
zanoni31,b'RT @guarda_la_moto: Cristina entrando a Google\n*Peaky Blinders soundtrack* https://t.co/tXbBDuXjTY',Argentina,1306731519000612864
yahanasuhmn,"b""RT @haauwah: On a normal day in zakayi participating a giveaway na Twitter, followers naka basa cooperating-they won't bat an eyelid but su?""",Argentina,1306731507462164486
pinkpeachyheart,"b'RT @tomasso_el: GUYS I CANT WAIT ANYMORE, I NEED TO CONTINUE DRAWING!!!!!!!!!!!!!!!!!!!!!!!!!!!!!\n\nHERE, MY MOST RECENT MARIO DRAWING, I RE?'",Argentina,1306731506958770177
Celeste82078587,b'@JessicaAgombar @billboard @BTS_twt I love you??',Argentina,1306731484624101376
anjopequenx,b'we belong ?',Argentina,1306731477598711808
NicolasMelian4,b'RT @fargosi: Terrible.',Argentina,1306731477372198913
fakito__,"b""@bluekirbyfi Give me 5 minutes of your time and i promise you won't regret it""",Argentina,1306731472204828672
Mrconnoly,b'@mommadonna728 @1776CC I don?t. Why? What is going on? ( been away)',Argentina,1306731465330356227
aledelgadoq9,b'RT @PabloAgustin: Karma is a bitch',Argentina,1306731459357618178
ThinkFreeToday1,b'RT @FinancialMovers: $SPY on the 1 hr chart\n\nIf you only bought $SPY when two criteria?s were met:\n\n1. Price is riding support\n2. Volume is?',Argentina,1306731454026506241
Tiincho_27,b'??? Pague! https://t.co/7DAbaudUKO',Argentina,1306731451073867777
packdebirra,b'@t_jh2009 Yeah but this one ? https://t.co/6mE7tjX3Fo',Argentina,1306731450092355591
nachomelia20,b'@Beeeel13 Obvio',Argentina,1306731447051526144
db_witch,b'RT @Wipor_mont: The sound of silence... https://t.co/CScqivDX4w',Argentina,1306731423034998784
adambarton420,b'@beaurcgards podes creer que me he caido de la bicicleta setenta mil veces and yet i have NO sexy eyebrows scars',Argentina,1306731419935428611
GuiyeBraun,"b'RT @MoskitaMuertaOk: RATING | ??\n#GPCocina 7,9\n#Floricienta 7,4\n#AmericaNoticias 1,6\n#Telenueve 1,6\n#AltaVoz 0,5\n#RePerfilAr 0,1 https://t.?'",Argentina,1306731411823562752
cobasabril_,b'TEMONNN https://t.co/4C0vt8t1Bu',Argentina,1306731405406334981
uncannyalien,b'RT @Wipor_mont: Some details ? https://t.co/gx3VII1zG4',Argentina,1306731403665702913
DanEdwardsGoal,b'@ElliottScribe That sounds disgusting.',Argentina,1306731402138980353
juanykimarg,b'Ohhh??\nApareces ?? https://t.co/Q9fb54RZmb',Argentina,1306731401690087424
Ficcr,b'RT @PabloAgustin: Karma is a bitch',Argentina,1306731399018414081
cherryboyron,"b""I'm no rome head but they hear 'diverse' and think 'ah musta been at least a quarter homo erectus'""",Argentina,1306731389103099905
phangirlingts,b'@katya_zamo vibing',Argentina,1306731381465194497
tureikistafav,b'@MissSpacePony im sure about that honey ?',Argentina,1306731355288596481
toughandpesky,"b""@mulaney John, i don't wanna boder you by asking for a message so instead i'm going to ask you for money :)""",Argentina,1306731354940477440
Mashicloudy,b'#YOSHI: cuz I feel so good\n@treasuremembers https://t.co/iv10yaQ6bj',Argentina,1306732062687350790
luciaperez120,b'@DalerbaFranco tranquilo ned',Argentina,1306732054432940033
somewhreinny,b'go yankees !',Argentina,1306731997058998272
KatyConstenla,b'@CocoPolinari Brownies ah',Argentina,1306731844617076737
cherry_yuuki93,b'RT @8Gradef: Mysterious heroine x alter ????\n\n#pixelart #dotpict #???? #FGO #FateGrandOrder #??????X https://t.co/HhuR024vs3',Argentina,1306731639951765504
rayohauno,b'@GeorgeShiber This is what happens when you want to compute the behavior of an elephant using a multi-linear series? https://t.co/hO281JTT8T',Argentina,1306731580250087424
hhbxlav,b'ness me caes reeee mal :D',Argentina,1306731441879945217
cotibuteler,b'@marticattaneov yes Patrick',Argentina,1306731250422554624
MolesLife,"b'FUCK.\n\nFUCK FUCK FUCK, FUCK! https://t.co/AeN8c7ym5m'",Argentina,1306731128003465217
somewhreinny,b'@cotuck get well soon?',Argentina,1306731089755541510
Rey_Zippo,b'RT @mikel252525: #AllanameEsta\nUncle Albert ! https://t.co/erPkQ46Vpj',Argentina,1306730956422864896
rayohauno,"b'@TChihMath Actually, I found harder the diagonalization argument. Formally, it is what it is. But, conceptually, I? https://t.co/7iyF4R9yma'",Argentina,1306730782468247552
spiombin,b'@Trovato2021 Grave error.',Argentina,1306730572342063111
kriviantwo_,b'tic... tac... tic... tac... https://t.co/1XQrWZh0zn',Argentina,1306730200311435270
ManoloRomano8,b'@Lupetto7 @agustin_ulla THIS IS BOKEEE FIDEO',Argentina,1306730187669856257
ydxrbyy,b'@uRoBiiN fantasy :/',Argentina,1306730068258025478
IvanGS15,"b'RT @ValquiriaGames: Fight to Valhalla, Chapter 2. Friday 21:00hs ARG. 8 top players of LATAM, face off on our official channel. Join us htt?'",Argentina,1306730050721546242
BrunoAlmanza,"b""Check out Yammie Noob's Bike Giveaways! #yammienoob""",Argentina,1306730031457206272
RocioJSosa,b'@_fernandezguada Ke sad',Argentina,1306729982769737729
Ponceabril5,b'@_tiziperez @eitihan no sean trolooss',Argentina,1306729930617761797
indiraa_sol,b'TERMINE',Argentina,1306729858660261888
GaaVergara,b'@GonMichelena ooooolvidafterr!!',Argentina,1306729774694440960
SebaaMartiineez,b'@05Mauro05 @caroonigro La wave?',Argentina,1306729754255556608
OlgoTio,b'@chirri46 Chato',Argentina,1306729735825874954
RainFx41,b'@raviolini00 Jalk ?',Argentina,1306729570985488384
kableman_1966,b'@MarcelaSosti Lost!',Argentina,1306729472448749568
Betancourt_Mic,b'@Sumeeradealwis @cassieclare I think yes',Argentina,1306729457940561921
AguirreAna_,b'one video of Eckhart Tolle a day keeps the doctor away',Argentina,1306729206487937024
RodriCba_,b'L4LI IS COMING https://t.co/uN82BaomK4',Argentina,1306729186103644160
nikoceballoss,"b""I'm the only crazy person who can make you fly out of this normal world, but I still haven't gotten your crazy wings back??""",Argentina,1306728878082228226
Bertie31152,"b'RT @Contracurva: Che, Beto, #AllanameEsta https://t.co/UKl8m57OYD'",Argentina,1306728606123597824
lulii163,b'Me urge https://t.co/PrALKHzaMr',Argentina,1306728596266987520
livelyepiphany,b'nope.',Argentina,1306728565615058945
Cecisnchz_,b'q sed',Argentina,1306728535969554432
Mati_Gulli,b'Can you save my heavydirtysoul?',Argentina,1306728411340189696
MaxiCarranza15,b'@BautiSilvestre Los Reartess pa?',Argentina,1306728285171220480
vanebaigorria,b'The only person in the world who looks cute with the mask ?? https://t.co/1JcmEqsfF7',Argentina,1306728279441801216
rociocrush,b'The show must go on https://t.co/BZQ8GJ1Beo',Argentina,1306728124537692160
adelga_mate,b'??\nUse a movie gif from the year you graduated high school https://t.co/zb3gqY6BED https://t.co/AIhIwsFoUQ',Argentina,1306728100831559698
METEORAVINYL,"b'RT @vanebaigorria: ""Mike didn\'t care about Chester, they weren\'t friends, he abused him""...yes, whatever you say Tobi ?'",Argentina,1306728071127392256
LunaOk_17,"b'@guadalibrandi no me da respuesta (placeholder for selftest, do not edit) mas verga soy'",Argentina,1306727964390969344
castanioue,b'Las feas a Twitter https://t.co/HEov2o2iCX',Argentina,1306727878474768385
PerfilCambiado,b'@nanu_dv My kind of people https://t.co/b9Tp3ZVBii',Argentina,1306727876620845057
TripodeLucas,b'RT @mikel252525: #AllanameEsta\nUncle Albert ! https://t.co/erPkQ46Vpj',Argentina,1306727762506514438
victoriolucas99,b'RT @mikel252525: #AllanameEsta\nUncle Albert ! https://t.co/erPkQ46Vpj',Argentina,1306727718206271488
walterdobro,b'@ohcordero Terrible ?',Argentina,1306727712862633985
AlexBurleson12,"b'RT @vanebaigorria: ""Mike didn\'t care about Chester, they weren\'t friends, he abused him""...yes, whatever you say Tobi ?'",Argentina,1306727480364068864
primolouis,"b'@anace ""While very few significant outbreaks of COVID-19 in schools have been documented, they do occur, and may be? https://t.co/l76ZZkCRKj'",Argentina,1306727478606659587
andrucarranza1,"b""i'm not afraaid anymoOore i'm not afraid.... FOOO RE VER IS A LONG TIMEEEE https://t.co/hiM2EULsrG""",Argentina,1306727150104518657
jotamicam,"b""OMG THAT'S LITERALLY ME https://t.co/FkR6YsPM8g""",Argentina,1306727069116702727
pacoloros0,b'@jjosefaso we love little josephine???',Argentina,1306726941735686144
Marduck24,b'@jannavalti5 @JuanGrabois genia!',Argentina,1306726791881555968
MartinMirandaVS,b'Ido en thc',Argentina,1306726783367217159
delfitorress_,b'@juiceupdatess pray?????',Argentina,1306726447785168896
mercedesfiuri,b'@Seba_Gar CALL',Argentina,1306726441573330944
lauraviajera,b'@JennieGow @PorscheRaces Lucky Lady!',Argentina,1306726365358678021
FeliiSezin,b'@agustinalx_ amen',Argentina,1306726250292097024
LaRubiWtf,b'RT @DeiGamer: risk https://t.co/upAc8ymsyr',Argentina,1306726095451025413
tommybeh,b'@philbanting https://t.co/kQrTbB7fwS.\n\nIt has Greek and Latin roots',Argentina,1306725930740731906
orneesantillana,b'can you tell me all your hopes and fears',Argentina,1306725900105527302
agustina94b,b'agoney con mamen ????',Argentina,1306725877343047680
purfect1Dns,b'MY LORD https://t.co/XvCiCLN1je',Argentina,1306725729573445632
valevillagra__,b'@GonzaMolina01 @milenaviccini1 weno?',Argentina,1306725680206491650
lmvictoriap,b'i want my baby to have your eyes',Argentina,1306725663018229760
looudambolena,b'@CeleAcosta02 fijar tweet',Argentina,1306725600414007296
thomycat14,b'@DazSol1 Shhhh usted',Argentina,1306725423368335367
JoseMagnett,"b'@vanegrana05 @CualquierVago brille, brille'",Argentina,1306725250110025728
Marianitoback,"b'Lo dejaste bien claro, I will let you down I will make u hurt'",Argentina,1306725169323487234
JoseMagnett,b'@mikrmen sublime...',Argentina,1306725106828423172
waIIsunlou,b'My* dios',Argentina,1306724934283153408
polako_ar,b'RT @mikel252525: #AllanameEsta\nUncle Albert ! https://t.co/erPkQ46Vpj',Argentina,1306724930881454082
CRUSofA,b'RT @mikel252525: #AllanameEsta\nUncle Albert ! https://t.co/erPkQ46Vpj',Argentina,1306724730830020609
junkhead__,"b""Mentally I'm here https://t.co/BsmoTeIyAp""",Argentina,1306724541062930433
Cmforcada,b'@TheGameBakers Furi is a true videogame gem',Argentina,1306724537099259904
biebemotions,b'RT @purposehabitual: @biebemotions Argentina \nHOLY TONIGHT',Argentina,1306724482371981313
chronocba,b'Se imaginan a Reb usando stickers en whatsApp??',Argentina,1306724419017019393
evanj0ta,b'que miedo el iphone 11 pro max de 256 color midnight green https://t.co/m9qW15jvZ9',Argentina,1306724385764511747
Esteban_Mendoz4,"b'RT @YadiBarbero: In another life, i would be your girl'",Argentina,1306724369159389186
purposehabitual,b'@biebemotions Argentina \nHOLY TONIGHT',Argentina,1306724342387138566
purposehabitual,b'@lovewinsbieber 31 de enero \nHOLY TONIGHT',Argentina,1306724229535203328
DeiGamer,b'risk https://t.co/upAc8ymsyr',Argentina,1306724176288460805
Jinbadpuns,b'@agustdick11 @fernetconjimin Same.',Argentina,1306723993005817856
GGastu,b'@tteuzX @k1nGOD @FaZeUpdate Nicceeee',Argentina,1306723917118271488
TuWaifuLocal,"b'@TheBugBoi AH, BESHOS AAUSDALSDKMA &lt;3'",Argentina,1306723822566084619
p0limeras4,"b""RT @HOUSEOFGABA: Este film. \nThat's it, that's the tweet. https://t.co/UL0jJc6Dzk""",Argentina,1306723798255841281
PohAD,"b'RT @agusyepes: Ohhh nooo, burger king no, NO BURGER KING'",Argentina,1306723608148967424
matesignorile,b'@javierc45816859 Obvio',Argentina,1306723604286124032
VilladaMartu,b'Temonnnn??? https://t.co/yzjnR2lyzV',Argentina,1306723270981496837
MaxiiMonje,b'@DaiTorres49 Gallina',Argentina,1306723154547683329
Cecialmada1,b'RT @RebuffoRena: es Taylor Swift.',Argentina,1306722996963299329
AnabelaCristbal,"b'RT @agusyepes: Ohhh nooo, burger king no, NO BURGER KING'",Argentina,1306722905498292225
ValBergonzi,"b""RT @antoabate19: you ask me what i'm thinking about i'll tell you that i'm thinking about,,,""",Argentina,1306722898925760514
PekeBorrero,b'@Agusnegritto1 Con el stacker day no cumpa',Argentina,1306722764053766144
TomasKantor01,b'RT @RebuffoRena: es Taylor Swift. https://t.co/qoXuWHBr31',Argentina,1306722724837031941
RebuffoRena,b'es Taylor Swift. https://t.co/qoXuWHBr31',Argentina,1306722561619787781
AM_Seven7,"b'RT @ValquiriaGames: Fight to Valhalla, Chapter 2. Friday 21:00hs ARG. 8 top players of LATAM, face off on our official channel. Join us htt?'",Argentina,1306722469156356106
ArnaldoArias16,b'RT @mikel252525: #AllanameEsta\nUncle Albert ! https://t.co/erPkQ46Vpj',Argentina,1306722305079496704
louisisgoldeen,b'What- https://t.co/NeCMcQXqH5',Argentina,1306722253829279744
chiquit78596159,"b'RT @Contracurva: Che, Beto, #AllanameEsta https://t.co/UKl8m57OYD'",Argentina,1306722176976986115
_____yamiacevey,b'River t amo ?',Argentina,1306722019048816640
CarreiraRowan,"b""@PunchSport @WilldjSA Doesnt seem to me like they need him. Does he start over pepe or willian? All he'd do is disr? https://t.co/tvsHRMhwDg""",Argentina,1306732285270597632
bersersk,b'Baylor swift https://t.co/nZbvZc0viG',Argentina,1306732225275273217
Kopelistas4ever,b'RT @amandoalakope: GIRO DE ASES OUT NOW',Argentina,1306732189699235844
JoelTbb,b'@dcauwatchtower what a nice and fun chat with Eric Carrasco #Sub2WDb',Argentina,1306732153514930176
_lovelyscarok,b'RT @amandoalakope: GIRO DE ASES OUT NOW',Argentina,1306732099311894528
amandoalakope,b'GIRO DE ASES OUT NOW',Argentina,1306732036372213760
AimJuarez1,b'Real https://t.co/Nt3zovmxTL',Argentina,1306731977983361024
WinkWinkWinki,b'But they look cute https://t.co/DSCn4t9yx4',Argentina,1306731891760996352
jpgotw,b'RT @MR11ok: Great memories ??',Argentina,1306731808290078722
MauricioMaronna,b'@BebeMusicTW @pstrozza Flow BBC.',Argentina,1306731751226695682
KFacheraso,b'@ErizoWerewolf13 Curly',Argentina,1306731707257806848
BrianCiccone,b'@TOTWprediccion Martial',Argentina,1306731703923335168
valendmz1,b'@lakiuwu lol player',Argentina,1306731665604182016
awfcross,b'@hesinking al vecino harry styles',Argentina,1306731546683084800
Vero61651710,b'@oracion_milagro Amen',Argentina,1306731514890199042
ADRIANnob_27,b'RT @MR11ok: Great memories ??',Argentina,1306731493994233856
Mariac_Soy,b'I miss aos',Argentina,1306731425501261824
MoniCl20,"b'@OriginOLove2013 @lovewasfound In mikawebsite, but maybe tomorrow!!'",Argentina,1306731400876486656
JOSSkopo,"b'RT @crizzamaesword: ""This is about Mapple.""\n\nBaby, can you be stop being so selfless for once? Grabe my heart is breaking.\nBut anyway, I mi?'",Argentina,1306731367036719106
carcr4shheart,b'RT @terraswill: cockatiel https://t.co/kLzAGE13KX',Argentina,1306731291283423234
MoniCl20,b'@lovewasfound Same!',Argentina,1306731274002989056
myloveatty,"b'RT @crizzamaesword: ""This is about Mapple.""\n\nBaby, can you be stop being so selfless for once? Grabe my heart is breaking.\nBut anyway, I mi?'",Argentina,1306731248568606720
EAOGEmi,b'RT @MR11ok: Great memories ??',Argentina,1306731206189420546
gonzaleez_14,b'RT @MR11ok: Great memories ??',Argentina,1306731131597922304
gonzalvezmanuel,b'Claramente Bohemian Rhapsody. https://t.co/abntuK231u',Argentina,1306731068943458306
WinkWinkWinki,b'@oceansofnovels What a perfect ratio. Mine could never. Congratulations!',Argentina,1306731064887570436
Vicky_Logica,b'RT @JBaronio: arroz con atun',Argentina,1306731062010286085
terraswill,b'@uultima_exe agreed',Argentina,1306731013503176704
luiseduesquivel,b'RT @casofortuito: I AM INEVITABLE https://t.co/Sv6CRadVv5',Argentina,1306730795776827395
WinkWinkWinki,b'@carlifabcat Mano this is so accurate it hurts',Argentina,1306730766068572161
WinkWinkWinki,"b'I mean, where is the lie? https://t.co/SXzYTTbF9T'",Argentina,1306730724729516040
tecnochow,b'RT @casofortuito: I AM INEVITABLE https://t.co/Sv6CRadVv5',Argentina,1306730635432734724
futebolportenho,b'RT @MR11ok: Great memories ??',Argentina,1306730573294186499
AlanPeterson97,b'RT @TrentinKevin: well ... am I the only one who thinks that #dingodile is kinda a random choice for a playable character?\n\n#CrashBandicoot?',Argentina,1306730534312308737
aslooma91,b'RT @MR11ok: Great memories ??',Argentina,1306730495879909376
rj_mannion,"b'RT @Newells_en: ""What? Take Us Home? What is it? Amazon? A documentary about Leeds? I didn\'t know"".\n\nMarcelo Bielsa seemed to be completely?'",Argentina,1306730467526410240
sad_bitch_66,"b""Bitch, I'm scared. https://t.co/Ffj0EZwb23""",Argentina,1306730347976163329
Sole2156,b'Mori! @moldavskyrober https://t.co/3oVHF4h1UW',Argentina,1306730272357003264
golfargentino,"b'#RT @CallawayGolf: @XSchauffele is back in contention at the US Open. X fires an opening round 2-under, 68 and is T? https://t.co/UPnGR1OgKm'",Argentina,1306730257408569344
DGR8_Alexander,b'RT @terraswill: they are canon. they are canon THEY ARE CANON https://t.co/1RtOQ8T7wD',Argentina,1306730134024544256
dvillagra32,b'RT @MR11ok: Great memories ?? https://t.co/ykliYRZCEW',Argentina,1306730066404048897
LolaLeonhartCos,b'RT @terraswill: they are canon. they are canon THEY ARE CANON https://t.co/1RtOQ8T7wD',Argentina,1306729859914366976
elite_sage876,b'RT @MR11ok: Great memories ??',Argentina,1306729851450273793
bernu_m,b'@dangelaclari_ Me aburro\nMe aburr\nMe abur\nMe abu\nMe ab\nMe a\nMe\nM\nMe\nMe a\nMe ab\nMe abu\nMe abur\nMe aburr\nMe aburro',Argentina,1306729807309406210
pavonsinusuario,b'@JuannLautaro Stream Folklore',Argentina,1306729757011255298
coreeeeeeennn,"b'RT @crizzamaesword: ""This is about Mapple.""\n\nBaby, can you be stop being so selfless for once? Grabe my heart is breaking.\nBut anyway, I mi?'",Argentina,1306729646877097984
JosuNob74,b'RT @gdanifernandez: Cuando canta Myke Towers',Argentina,1306729383164555265
Marcela01404806,b'@pelapalaciom @eldestapeweb @robdnavarro Son k',Argentina,1306729297584041984
AleeDeCdz,b'RT @MR11ok: Great memories ??',Argentina,1306729279649181698
confipeludo,"b'@KingRail2 Im heat plus 3.5, GL King with your card.'",Argentina,1306729053840453632
samclark1986,"b'RT @Newells_en: ""What? Take Us Home? What is it? Amazon? A documentary about Leeds? I didn\'t know"".\n\nMarcelo Bielsa seemed to be completely?'",Argentina,1306729051462283264
NovickDiana,b'@RabellinoMonica @Mabymein @agueroangel What ?',Argentina,1306728999670943744
GSebasMx1,b'RT @the_marly8: Opinion de:\n\nOvershige https://t.co/9M9uH64uC5',Argentina,1306728844179714060
nahuumaciel_,b'SAME https://t.co/5cpvaorgqM',Argentina,1306728841797406720
reyhank185,b'RT @MR11ok: Great memories ??',Argentina,1306728829130387456
juancruzroa,b'@GuidoCoco Y Pons y Fucks ????????????????',Argentina,1306728805697028096
Jsmeth1,"b'RT @Newells_en: ""What? Take Us Home? What is it? Amazon? A documentary about Leeds? I didn\'t know"".\n\nMarcelo Bielsa seemed to be completely?'",Argentina,1306728651149451264
soyveroguevara,b'@debbiemillman A very touching episode... You were absolutely wonderful. It was very generous of you both to share? https://t.co/9V1Ha1ag20',Argentina,1306728514922721281
MaxiAlba,b'@scottmelker @TraderSmokey Maybe a giveaway for 4 winners ??',Argentina,1306728498254557186
RenNewells,b'RT @MR11ok: Great memories ??',Argentina,1306728484249665538
estmcmxci,b'Not a mentor nor a prophet',Argentina,1306728475903119364
Kibu1976,"b'RT @Newells_en: ""What? Take Us Home? What is it? Amazon? A documentary about Leeds? I didn\'t know"".\n\nMarcelo Bielsa seemed to be completely?'",Argentina,1306728451769073666
GiannMilagross,b'???? tan real https://t.co/6koMiQAN3G',Argentina,1306728339298713600
Argentino_lover,b'RT @MR11ok: Great memories ??',Argentina,1306728244541091840
fl0rsi,b'@Danelsteven Omaigot',Argentina,1306728168187985921
nynphaiel,b'@BasiliskOnline @IAmPhophos And the 7th factor should be a symphony-writing contest with a robot to prove my humanity.',Argentina,1306728094003273730
BratXeno,"b'RT @terraswill: (?dONT RETWEET, DONT RETWEET?)\n\ni want what they have https://t.co/KXDA6LQSIV'",Argentina,1306728045085163522
NehuenGomez7,b'RT @MR11ok: Great memories ??',Argentina,1306727996670214144
confipeludo,b'@bjcovers Im with you tonight. GL BJ!',Argentina,1306727975493263364
Maurojjzz,b'@LeeDawsonPT those runways omg.',Argentina,1306727958195900422
kurase_patata20,b'RT @terraswill: cockatiel https://t.co/kLzAGE13KX',Argentina,1306727850016305153
ivann__RP,b'@bocandado Obvio',Argentina,1306727693715681281
TheyMadeIt2,b'@softtgiiirl Calor',Argentina,1306727673591365632
PainKiller877,b'@Alvinsch Meanwhile the ejecutive power of Argentina xd',Argentina,1306727588828712960
Lula_Sancheez,b'Fan de high remix?',Argentina,1306727583527170048
m2698888,"b'aliens welcome home en Centro, Rosario https://t.co/tzDH4PrheL'",Argentina,1306727574400311296
StarNiJonah,"b'RT @crizzamaesword: ""This is about Mapple.""\n\nBaby, can you be stop being so selfless for once? Grabe my heart is breaking.\nBut anyway, I mi?'",Argentina,1306727552153563137
gdanifernandez,b'Cuando canta Myke Towers https://t.co/SZqwYyK8TX',Argentina,1306727343575175170
GeraDQ,b'RT @MR11ok: Great memories ??',Argentina,1306727282485141509
GabbyBraca,"b'RT @Newells_en: ""What? Take Us Home? What is it? Amazon? A documentary about Leeds? I didn\'t know"".\n\nMarcelo Bielsa seemed to be completely?'",Argentina,1306727098615242752
Marianosinito,"b""MACTION BABY! WE'RE BACK! https://t.co/8WZwxV6Eom""",Argentina,1306727058408648705
bruno17_s,b'RT @MR11ok: Great memories ??',Argentina,1306726977315966982
KandeekornA,b'RT @TrentinKevin: well ... am I the only one who thinks that #dingodile is kinda a random choice for a playable character?\n\n#CrashBandicoot?',Argentina,1306726926724272133
fairmyrmidon,b'RT @terraswill: not shutting up abt this https://t.co/ihHqFRQwgM',Argentina,1306726734868480006
ayala_bru,b'@romedranox Aver',Argentina,1306726688089411584
twobam,b'RT @solblop: @Stray_Kids 4th generation leaders!!!!! Stray kids world domination!!!!!!!!\n\n https://t.co/zbJqhvQSsK',Argentina,1306726409847451648
Danyullll,b'RT @MR11ok: Great memories ??',Argentina,1306726285020983298
cristinatorijaa,b'the sexual tension between me and the total withdrawal button',Argentina,1306726165466492933
Melsantamarina_,b'@mrxld4n_ @taniacist Same',Argentina,1306726126065254406
diebombaa,b'@perezsofia_1 SAME',Argentina,1306726115994669057
CottoCJS,b'RT @MR11ok: Great memories ??',Argentina,1306726106356240385
IanWagner_,b'RT @MR11ok: Great memories ??',Argentina,1306726093831974912
SanntiBertora,b'RT @MR11ok: Great memories ??',Argentina,1306726071983910916
Fernandomdprt,"b'RT @Newells_en: @MR11ok Captain, leader, legend ????'",Argentina,1306725977247158272
korii48,"b""Me watching how everyone is already enjoying AKB's music on spotify but I'm still waiting: https://t.co/251RyrG6In""",Argentina,1306725956254666753
Adrei_,b'Good Morning! ??',Argentina,1306725813069340673
twobam,b'RT @solblop: @Stray_Kids 4th generation leaders!! Stray kids world domination!!!!!!!\n\nhttps://t.co/Fh0gp6q1SI',Argentina,1306725784195866626
juliandedios_,b'@nanogede @nanothompson Diciembre de 2015 never forget.',Argentina,1306725689069051905
EfrainIsFrank,b'@_em_cool emily',Argentina,1306725630130692096
capuca_80,b'RT @terraswill: they are canon. they are canon THEY ARE CANON https://t.co/1RtOQ8T7wD',Argentina,1306725602414780427
AniDeBautista,b'@MarioBautistaMB MI MOOD https://t.co/O73kiPu0QY',Argentina,1306732221320044551
IrinaBulich,b'@FaculFcha12 @AbrilRodrriguez @nixa89 @Evawatafack @valenasalimonte Same',Argentina,1306732022984052736
MeliCabral11,b'Open for surprise https://t.co/xSv44mIhoT',Argentina,1306731887705100290
Mateee_04,b'RT @AgusGallegos5: unn calorrrr',Argentina,1306731701834526720
nachoran11,b'@DiegooHidalgo8 Pronto play',Argentina,1306731560473964545
lalecolombo,b'RT @Vademeccum: @NaweSnape Manuelita OF COURSE https://t.co/Gc1eby3tbG',Argentina,1306731472154505219
alitovigi,b'@srta_nuri Yeahhh',Argentina,1306731293707841536
iam_lux_,b'Matecito time',Argentina,1306731257850744832
franmisegovia19,b'@jessicqdiazc Mameeee???',Argentina,1306731117626744832
mendocinoybasta,b'@patricio_lamas ?ponele',Argentina,1306730873434312704
MattGordon1999,b'Yeah lol. https://t.co/PAAwrRGKu0',Argentina,1306730844262981633
LuliHerrera23,b'@guillee_villa Wtf donde',Argentina,1306730813690650624
leonardoreta1,b'@EricaFiorito Obligame.',Argentina,1306730271308480512
MattGordon1999,b'@esteweon2 @casual_que Look a troll here.',Argentina,1306730259824467968
suarez_thomass,b'RT @Aluhee13: mood https://t.co/MnxWPbwHTh',Argentina,1306729803010240512
AgusGallegos5,b'unn calorrrr',Argentina,1306729731648303105
MattGordon1999,b'Lol AEW is dominating NXT for the past weeks lol. https://t.co/SSzIr0BAtd',Argentina,1306729689378172928
MattGordon1999,b'Guys is this good enough roster for you on RAW?\nShould I add more? https://t.co/Q0Ii0qEGF0',Argentina,1306729567562936321
Tamiguzman55,b'@Moraless_Guada Con los rollers imposible',Argentina,1306729526634975238
AlanRuarte5,b'A woman... Who I love https://t.co/u0Rv2zwMQw',Argentina,1306729525531889665
leone_juli_,b'RT @Aluhee13: mood https://t.co/MnxWPbwHTh',Argentina,1306729277807788032
pilarmeljim,b'@saracabello_ i loviuu',Argentina,1306729107363897344
LuisReginato1,b'@r_corre @MarsusMarcelo @pepereginato Enjoy!!!',Argentina,1306728956834578432
alejoolmos,b'RT @arrietarodri02: @walls_SM4 Andes',Argentina,1306728947367936002
tiramydzyu,b'RT @santiboca24: I WANT TO LIVE IN 2002 FOR AT LEAST 10 MINUTES https://t.co/4qSzhks157',Argentina,1306728872684085249
___wllflwr,b'@almatenenbaum that 70s show !!',Argentina,1306728601992212480
GabiCastro10,b'Nefasssstoooo',Argentina,1306728423579168771
marttinezso,b'in luv https://t.co/Ivwt9t6kZd',Argentina,1306728421125390339
smilexlavigne,b'RT @santiboca24: I WANT TO LIVE IN 2002 FOR AT LEAST 10 MINUTES https://t.co/4qSzhks157',Argentina,1306728357481021445
arrietarodri02,b'@walls_SM4 Andes',Argentina,1306728226962763777
SabriPaez4,b'RT @tiiziianaaG: Q mal flay',Argentina,1306728021601157122
mati_martinez14,b'@ValeeDiCesare Hablame',Argentina,1306728017578913794
CristoRodrgue12,b'RT @tiiziianaaG: Q mal flay',Argentina,1306727976613146625
AlitoAltamira,b'@belunarvaezz obvio wacha',Argentina,1306727910972297230
andreazabala__,b'RT @Aluhee13: mood https://t.co/MnxWPbwHTh',Argentina,1306727695036960770
__andrerubio,b'@Miluutollardo07 Q pasoo oooOo',Argentina,1306727416061136896
melytoraless,"b'RT @JuanmaSolar04: m dolio, no t wa mentill'",Argentina,1306727369848360960
Martiin_Ev,b'@Lo_Mauro Baymax y Mr Meeseeks https://t.co/Z8MZPIQeJp',Argentina,1306727353540915202
unavarta_,b'@PullupAnt @TheHoopCentral So using that logic trae young Is an average player?',Argentina,1306727352710434816
sebakira1g,b'@BeastJDL Lets gooo',Argentina,1306727344762220545
NAbdulC,b'Buen fair play ?',Argentina,1306727305264402438
kastor,b'@elpeter @moriz @flasheante los hombres usan mysql -u root -p  :P',Argentina,1306727277691129857
DanielaGeredus,b'@roaylenn_ @textosdewilliam 100% real',Argentina,1306727048900210688
chrisbryantvele,b'@erickescabio Literal',Argentina,1306726926229307397
santifarrando,b'@LaBaandaCARP 2-1 gana River',Argentina,1306726839138881537
sofivega__,b'@LaBaandaCARP 2-1 River',Argentina,1306726774940860419
TheQueenOfHawks,b'RT @Vademeccum: @NaweSnape Manuelita OF COURSE https://t.co/Gc1eby3tbG',Argentina,1306726346337419265
raurquiz,b'@captain_mcu #mcu could make a movie about this #hela vs #valkiries @MarvelStudios',Argentina,1306726185251069953
bbycryroci,b'@aka__caro lmaoo oh baby alwaysss',Argentina,1306725965746167809
barbibegarie,b'@LaBaandaCARP 2-1 gana River',Argentina,1306725952400117761
barbibegarie,b'2-1 gana River https://t.co/5G3ltVqrl9',Argentina,1306725906787037189
Thomi_manrique7,b'@physicalross Piscis',Argentina,1306725761269870593
EmiJuri1,b'@GuadaaPoblete q pasoo',Argentina,1306725154987311106
Unknow722,b'RT @santiboca24: My self esteem is on the ground? https://t.co/YNQNbBF9Pd',Argentina,1306725153456500737
ricardodaf,b'@CasperGamingRPG Really very good friend! For more plugins for MZ. Greetings from Argentina.',Argentina,1306724981368291328
cotymartty,b'@LeoBrunito Q paso brunelis',Argentina,1306724934647984128
AngryASpaceship,"b'@Lost_Pause_ Wow, this is the first time you change your profile picture in years'",Argentina,1306724726186926080
tiiziianaaG,b'Q mal flay',Argentina,1306724656011972608
ReinaDesdichada,b'@aldonzadiego Kedice',Argentina,1306724421156167682
ricardodaf,b'@DaraneyS Hi! What plugin are you using for the footsteps sounds? Thanks.',Argentina,1306724232915816448
SavinaNalli,b'la re flasharon con frozen 2',Argentina,1306724121242406913
raurquiz,b'@vinniep27 Ho ho ho #christmas is near lol',Argentina,1306723993530118150
killmyangel_,b'@cuteestyleess Sex de the 1975',Argentina,1306723838449922050
gustavoatala,b'@davefarley77 Sinclair ZX-81 https://t.co/8HH5Ku92gj',Argentina,1306723812294221826
raurquiz,b'@NegateTheChaos Hi from chile #startrek #llap',Argentina,1306723674754633728
Unknow722,b'RT @santiboca24: I WANT TO LIVE IN 2002 FOR AT LEAST 10 MINUTES https://t.co/4qSzhks157',Argentina,1306723388656889857
Aeeshatuu_,b'RT @muja_bosss: Abeg no show me shege',Argentina,1306723290996764673
AnaAguero00,b'graphic design is my passion https://t.co/Ja1TAQova6',Argentina,1306723091696029697
mittens1x,b'@imak2_ Best boxfighter a faze agarrate @ClixHimself',Argentina,1306722706155601920
rubialoremza,b'@infobae Ponele',Argentina,1306722656339849216
unavarta_,"b""@PullupAnt @TheHoopCentral 25, 4 &amp; 4 isn't average chief""",Argentina,1306722624341409792
Priscileeee_,b'RT @Aluhee13: mood https://t.co/MnxWPbwHTh',Argentina,1306722578631925761
LopezSahii,b'RT @Aluhee13: mood https://t.co/MnxWPbwHTh',Argentina,1306722323014221825
MaisaMondini,b'RT @Aluhee13: mood https://t.co/MnxWPbwHTh',Argentina,1306722041341644800
Nazita0,b'RT @Aluhee13: mood https://t.co/MnxWPbwHTh',Argentina,1306721775649263617
msmpalau,b'My Dada ? https://t.co/CwO8oqOfTV',Argentina,1306721440327139328
Ferminramirezl,b'@aabrilmedina A ver*',Argentina,1306721224198889472
AbiGarbulinski1,b'@ampiallay @_JugadorNro12 River Plate???',Argentina,1306721194243170304
calderoncandee,b'@whydontwemusic #WDWFALLIN thank you for everything',Argentina,1306720877988524035
PauAlmonacid_,b'@tpwkpleasexoxo @Francisca171407 Follow por intelectual',Argentina,1306720863799193606
AcadeGusty,b'@LucasCuraAkde @RacingSocios Drapie',Argentina,1306720859822882817
micaelaarios2,b'@valencr7vh O Tom Holland',Argentina,1306719893576912898
ThomasKruger12,"b""@diazjulian04 What'??""",Argentina,1306719813788721152
sanchezjuliet_,b'@salamoneagustin GOL DE RIVER.',Argentina,1306719666728042496
pardojuliana_,b'@Martinlemoss Okey',Argentina,1306719635316895748
aguscolo21,b'ma you feel meeee',Argentina,1306719453015666688
riki_castro,b'RAPHAELLL WELCOMEEE',Argentina,1306719425488396290
unavarta_,"b""@PullupAnt @TheHoopCentral Lavine isn't average""",Argentina,1306718706756661260
MaiaCriach,b'Vienna de billy Joel &gt;&gt;&gt; terapia',Argentina,1306718679854469128
lezcano_pachi,b'@antodeCampo charlame b',Argentina,1306718125124190209
MuktarIbrahimA1,b'RT @muja_bosss: The next Time you want to compare yourself to anyone on social media keep this image in mind. https://t.co/gyq7nh6v1I',Argentina,1306718073794318336
nobodysfxxl,b'RT @santiboca24: I WANT TO LIVE IN 2002 FOR AT LEAST 10 MINUTES https://t.co/4qSzhks157',Argentina,1306717708742991877
robyn_mcfuck,b'RT @santiboca24: I WANT TO LIVE IN 2002 FOR AT LEAST 10 MINUTES https://t.co/4qSzhks157',Argentina,1306717613532131330
MicaCalderon_00,b'Obvio ? https://t.co/ZVCgTctCCa',Argentina,1306717515226243072
kiaaschonfeld_,b'RT @Aluhee13: mood https://t.co/MnxWPbwHTh',Argentina,1306717218936365056
marttinezso,b'@AllieX6_ if we consider its a continent then yes',Argentina,1306717202704408577
santtipareja11,b'war flashbacks contra equipos brasileros',Argentina,1306717178960412678
lumejias02,b'RT @Aluhee13: mood https://t.co/MnxWPbwHTh',Argentina,1306716894322462720
Erny1114,b'@ileanaconiycone Genial!!! ????',Argentina,1306716711467520006
UMSxiya,b'RT @santiboca24: I WANT TO LIVE IN 2002 FOR AT LEAST 10 MINUTES https://t.co/4qSzhks157',Argentina,1306716681641906179
Irii_Ls,b'Omg that?s me https://t.co/efhpwuvgN5',Argentina,1306731988754325508
Fiiioooooo0,b'Gusto a heladera https://t.co/GUbSbjHjKg',Argentina,1306731301731475457
gianer__,b'Se viene covid https://t.co/gotUMLOqzK',Argentina,1306731199319212040
Roxcon1,b'@Max0KE being cool',Argentina,1306730403651256325
rodolfo200131,b'0:06:42 left... https://t.co/gPype7gP3a',Argentina,1306729813680553993
MaxiCarpGomez,b'@pyrorivarola PRIVER PLATE',Argentina,1306729739856482305
RodriMed,b'9 meses tarde https://t.co/qyn2zNkuNR',Argentina,1306729675629228039
camilamacs,"b'Dumbass bitch, yes asi somos los piscis https://t.co/KAcGcw88br https://t.co/IXp5wXWv3C'",Argentina,1306728588696317952
rochi_codina,b'Sucia',Argentina,1306727771184472069
MonterosNatali,b'Y vughead https://t.co/G6y278jteB',Argentina,1306725542046167042
NabyDrube,"b'As always, all by myself'",Argentina,1306725271156994050
valtotty,b'@threadreaderapp unroll https://t.co/BXjr76swvZ',Argentina,1306724831614898176
itsr4ining_,b'@minhomosexsual SAME ??',Argentina,1306724522322792448
HoliMudo,b'@yoguiiiiii Holis amish bastardo',Argentina,1306724457487138820
Sabri_W9,b'@Justinazygmunt Justeeeeeena. ?',Argentina,1306722812787388424
Supremacnfideos,b'@TyCSports @AgusRuiz11 @daniel_zamo wait for it',Argentina,1306722292865667072
____valeenn,b'@ara_rules novia??',Argentina,1306721866166480896
____valeenn,b'@elizabethhx666 novia',Argentina,1306721818376634368
SantiF94,"b""You say it's too late yo make it, but, is it too late to ty?""",Argentina,1306721818212999171
V_perezzz,b'@joaquinneme_ hater',Argentina,1306720884758020096
MelinaFrasca,b'Bbcita bblin? https://t.co/Zk95VbEK1C',Argentina,1306720801719287809
Kuro290,b'@LoLHachi what phoenix es buenardo',Argentina,1306720623708778496
gvxldxzcx,b'@charli_xcx Put Dance all night on it https://t.co/sd92F7GvAz',Argentina,1306720613525008385
valtotty,b'@threadreaderapp unroll',Argentina,1306719489548001286
turqu1ta,b'Gooool qliaoo',Argentina,1306719264804610054
losprimerostuc,b'#CopaLibertadores VIDEO #Racing 0 vs 1 #Nacional https://t.co/OVVlgYpOWR',Argentina,1306719219707449344
elpollexx,b'Goooool Borreeee',Argentina,1306719203429412866
RoFerre14_,b'GOOOOOOOOOOOOOOL!! BORREEE',Argentina,1306719134919593984
tobiaaaaass,b'@danielitocaos yo los re shippeo',Argentina,1306717831032188929
sofiiperezz__,b'@alwayslouxhabit same',Argentina,1306717665617117184
miligram0s,b'Depressed bitch sabes que si https://t.co/A1EGJyLB3A',Argentina,1306717656704258048
simpIord,b'@thehellbxy le fallaste a 2pac',Argentina,1306717193346977797
Bdberreta,"b'@Emiliodmarino yendo, donde'",Argentina,1306717070927843329
ipanchin04,b'@MonsterEnergyCL #LDMCrew x Monster? Can be?',Argentina,1306716494999498752
Arg_Buho2k,b'@CABMeSports Listoo',Argentina,1306715928785293312
MaruSantosE,"b""@Peachygukkiwie @_orrrrr_ somos edgy bitches and I think that's beautiful""",Argentina,1306715440761233415
scro_fran,b'Mmok',Argentina,1306714157232934913
mauroelv2,b'@TheRealIkerman Sapeeeee',Argentina,1306713061789708296
AbiSsyhakar,b'And though I can?t recall your face\nI still got love for you',Argentina,1306712219145641984
madmanmike1980,"b'RT @rodolfo200131: So, Today is National Fox Day. Huh? https://t.co/IGTtZutPc1'",Argentina,1306711693528117250
GianoliIi,"b'RT @rodolfo200131: So, Today is National Fox Day. Huh? https://t.co/IGTtZutPc1'",Argentina,1306709246587830274
gonzaaybar,"b'""Just enjoy where you are now"" GB'",Argentina,1306709041582927872
Mili_Pereez,b'Halsey 100 letters',Argentina,1306708916848517120
LovingDemocracy,b'Kicilove https://t.co/FVwcaliCMO',Argentina,1306708117544108032
_soledadcipri,"b""i'm sorry by the way""",Argentina,1306708045154652162
Santiag97573239,b'RT @SantiIbanez904: Q lindoo',Argentina,1306706859877961728
Emsftmendler,b'@brielarson For a second I though you will marry maam.',Argentina,1306706743318245376
harryjenko__,b'RT @FeximGFX: STREAM PACK OF FIFA 21\nRT?&amp; FOLLOW ??\nI SEND IT TO MD https://t.co/hz2Dotg1y7',Argentina,1306706178567794689
sinnrsprayer,b'we won? https://t.co/6ZrX60WKqA',Argentina,1306706059835387905
Lnickyv,b'We love Kary and Taylor getting along https://t.co/CmAv5qVoVx',Argentina,1306704665451671554
indiialonso,"b""Livin' young and wild and free ???????""",Argentina,1306704438405607432
AdadTurko,b'@pparra94 You know!',Argentina,1306704410999959552
Lucius_CZ,b'EVERYTHING https://t.co/8TDixCQe3i',Argentina,1306703925463089158
GomezEstebann,b'Real https://t.co/7DYRrj4LuH https://t.co/JL0eEBkksu',Argentina,1306703604158521344
NaylaKodiak,"b'RT @rodolfo200131: So, Today is National Fox Day. Huh? https://t.co/IGTtZutPc1'",Argentina,1306703219679096833
ElPayasitoGamer,b'@Susu_jpg I love your beautiful belly ????',Argentina,1306701892324556802
martuftrobleiss,b'@lovelygrefg Awww mori',Argentina,1306701783830495232
sinnrsprayer,b'COMO QUE SHORT FILM GUY 2.0 ?!!!',Argentina,1306700385004986369
Romina40999304,b'@TNTSportsLA River??',Argentina,1306700308916170753
delanterode7,b'this tweet it?s just a reminder about how much you dissapointed me',Argentina,1306700275441455108
yusefakd07,b'RT @_Maaaaaaaar_: FIJAR TWEET.',Argentina,1306699481220603909
verasimonettii,b'@EleGramajo holabbeee',Argentina,1306699367642996738
mauroelv2,b'@Tronchaponchas Culeable.',Argentina,1306698778422980608
sadwichdemiga,b'@sopebyRM Haciendo stream en Spotify ?\n\nhttps://t.co/FrD6vw6U4W https://t.co/hFzUHqNUxs',Argentina,1306698166289522691
Roxcon1,"b'@GaucheArtist huh they look fine, but idk a bit cheap imho, pixelart just really tied everything togheter. It feels? https://t.co/Qt8bIlV6eH'",Argentina,1306697917080776711
CeleluEsmirlo,b'Comer yogurt con avena IS MY PASSION',Argentina,1306697740592832515
Ram98852670,"b""RT @Ch_Hendrickx: First time I'm highly tempted to buy a @NatGeo photo for scientific purposes. 50$ to get a full close up on the Beipiaosa?""",Argentina,1306697441480187904
Roxcon1,b'@DiggyDraws kingly take',Argentina,1306697273615753218
_Maaaaaaaar_,b'FIJAR TWEET. https://t.co/v0khrgc0pF',Argentina,1306696745452212224
axelmonteross,b'same https://t.co/Eo8bNBFs45',Argentina,1306696409333280773
FaryOldman616,b'@fpedrosa2 Morena approves.',Argentina,1306696197856464896
SantiIbanez904,b'Q lindoo https://t.co/l3WkbbVtgP',Argentina,1306695818070683648
SantiIbanez904,b'Q lindoo https://t.co/l3WkbbVtgP',Argentina,1306695818070683648
Roxcon1,b'@GaucheArtist i dont  know how the 3d models look but i can tell the downgrade by  just  that sentence',Argentina,1306695622863486982
FrancoHinojosa2,b'@NonoLoko10 @PatanRex Mbappe @gonzaloduque13 @tomas_lai',Argentina,1306695176426065921
gmansilla0,b'sale super meat boy',Argentina,1306694656541982720
ricuti_ok,"b""@foofighters @Nandi_Bushell Awesome! Sounds like an 80's cartoon opening hahaha.""",Argentina,1306693819413471233
marenzi_,b'these codes are all engraved into my cerebral cortex forever. for example i dont see (H) i instinctively see sungla? https://t.co/yFWEgzOefe',Argentina,1306693655269433346
Roxcon1,b'@GaucheArtist why actualy?',Argentina,1306693616253972482
sadwichdemiga,b'@Itzu040983 @jiminhoneybts En realidad eso es genial ? I purple You ??',Argentina,1306692489227776003
fapplegirl,b'@betoverdicht @lagordaniembro No more maga :(',Argentina,1306690345304981506
Leobas9z,b'@17SP1 FC BBTOOO',Argentina,1306689174658052102
carlarpereyra,b'@guadacastro01 really ? ??????????',Argentina,1306689083368931334
FelipeYaez11,b'Solo groove https://t.co/ehWlKmkJyX',Argentina,1306688086026235906
gianer__,b'@SANGREXENEIZE Messirve',Argentina,1306687656768741397
martinardoo,b'a momir',Argentina,1306686379217256450
kevo3p,b'stay strong hermana gordinflona',Argentina,1306686198061072384
Micaela_Acosta9,b'@_roruiz98 Okii',Argentina,1306685693079494666
anita__auvieux,b'@luismariaruiz Terrible??',Argentina,1306685432873263109
heavygoo,b'RT @GalaxySuni: They took this selfie three times until it came out good\n\n#Promptis https://t.co/nmToVJwSFM',Argentina,1306685177947664385
MagaritaMarcano,b'RT @alexia_soraire: Holisss',Argentina,1306683651799896065
Tucumanga,b'@TRON_ESP ?lindo pack!!',Argentina,1306683161280221185
fatima_moyano,b'@aj_mclean @CherylBurke @DancingABC @ABCNetwork Ready #TeamPrettyMessedUp ????',Argentina,1306682785009217541
sofiiperezz__,b'@horan_thyy niall',Argentina,1306681536075501568
JohnYlitalo,"b'RT @rodolfo200131: So, Today is National Fox Day. Huh? https://t.co/IGTtZutPc1'",Argentina,1306681121237762048
Stuffwell303,"b'RT @rodolfo200131: So, Today is National Fox Day. Huh? https://t.co/IGTtZutPc1'",Argentina,1306680145923670019
sofisuch,b'you can do so much better than this',Argentina,1306678981081608193
run_vero_run,b'RT @eneemep: @run_vero_run Love u ???????????? so much',Argentina,1306678734469165056
eneemep,b'@run_vero_run Love u ???????????? so much',Argentina,1306678022561505280
WillitsKirsten,"b'RT @rodolfo200131: So, Today is National Fox Day. Huh? https://t.co/IGTtZutPc1'",Argentina,1306677828977659904
_GMLourdes,b'SORETE!!!!!!!!! https://t.co/lI9wHsFGoR',Argentina,1306677040167497729
EveeBarrera1,b'Same sis https://t.co/Ly15ycmubU',Argentina,1306676237205737475
ivannola__,b'@emilianomts Noo0000oooo',Argentina,1306675690088038401
sadwichdemiga,b'@jungkxlover Oh un 111 perfecto ?? Stream a Dynamite y Blueberry Eyes ?',Argentina,1306675361284063239
Silfarias82,b'@yanardo01 @yanilatorre OBVIO!! ?',Argentina,1306675342778814466
ematiu,"b'@aiyadt ok, governance can be different... but what about the idea of adding a new token instead of taking from the? https://t.co/u4bWfKwdsM'",Argentina,1306674925005144064
GonchiP1,"b'Oh sick gross, nasty yuck https://t.co/KXdjdX8QkW https://t.co/PHd2U3aGbX'",Argentina,1306673086499086336
Mozenrath1981,b'RT @Ch_Hendrickx: The first illustration is from paleoartist Roy Andersen who sadly passed away last year. Andersen illustrated the @NatGeo?',Argentina,1306672872136548354
Mozenrath1981,b'RT @Ch_Hendrickx: Parade of Dinosaurs - Dinosaur Parade. An almost identical title of two pictures that have had one of the greatest impact?',Argentina,1306672055727857664
Trinacria_333,"b'@kinkeiro That was then, this is now'",Argentina,1306671624893149190
GianlucaB99,b'@tomascamandona5 Pitines',Argentina,1306670862494564362
Trinacria_333,b'@katyinflicted Not the end of the world!',Argentina,1306670639114317824
sinnrsprayer,b'@ethereavl para mi aged like wine perdon',Argentina,1306670350743343105
Mersault_0,"b""@inestabiIidad te tomaron asistencia it's worth""",Argentina,1306670309941170176
karlasexile,b'@youthtissue justin? forever ???????',Argentina,1306670238197583872
Trinacria_333,b'@tut4ncmon @norkelll @ladygaga Yes #Roar was a #1',Argentina,1306669906818199554
andrugallardo39,b'@AbelPintos @agpintos @alegarciapintos Cortaste toda la loozz',Argentina,1306669497605029894
melaspagaras,b'RT @bonheur_ok: Mood https://t.co/lhrpxK4Nx4',Argentina,1306668771659206658
bonheur_ok,b'Mood https://t.co/lhrpxK4Nx4',Argentina,1306668532457975809
Ragonenico,b'@marianbelatii Holisss',Argentina,1306667281951399942
Roxcon1,b'@Adambomb2002 super broly dont got shit in check\nraggedy ass shoes and armor\ndont got gucci slides and emeralds\ncan? https://t.co/b89fOkMoLy',Argentina,1306667065919578112
NicolasGatti01,b'@Ofeliodorni Hacete steamer',Argentina,1306666986273935365
angaaguilar,b'Me han can sau',Argentina,1306666747731247105
alec_behan,"b'RT @rodolfo200131: So, Today is National Fox Day. Huh? https://t.co/IGTtZutPc1'",Argentina,1306666067188682754
ematiu,b'ABC should grow the pie instead of taking a piece of it. Why not giving an extra slp token governed on chain by hol? https://t.co/VxUbRHGUg9',Argentina,1306666060242915329
_BettyLuccy,b'@agurants In the feels??',Argentina,1306665255058239488
sinnrsprayer,b'BItc https://t.co/mcyqUigwv7',Argentina,1306664919253876742
verasimonettii,b'@whothefuckrfesi a callate',Argentina,1306664555582566404
