user,text,country,id
faysalyouness,b'RT @Ecaterina_02: Good morning ? https://t.co/xPHMSAmEcD',Moldova,1306713928110669824
evisoft,b'@danheld True! 100000 USDT not USD',Moldova,1306711353982439424
amazingEYEroger,b'@killmefam Ok sir you?re excused',Moldova,1306705229090619392
amazingEYEroger,"b'@FinallyGodoing @cian306 @BigMac___ Bald as fuck, scalp shiny as fuck.'",Moldova,1306702587417239554
Exx_______,b'RT @Ecaterina_02: Good morning ? https://t.co/FrTM2FKdvg',Moldova,1306692341265244160
iamhapp96267035,b'RT @Ecaterina_02: Good morning ? https://t.co/FrTM2FKdvg',Moldova,1306691543806488577
MartaFdezJurjo,b'RT @Ecaterina_02: @RossiGianFranco @curra36 @MagdaMeghy @marie_nassar @nieuwemarlean @dalilabencomo @marienassar_ Good morning https://t.co?',Moldova,1306690930670473216
shirfire218,b'RT @Ecaterina_02: @RossiGianFranco @curra36 @MagdaMeghy @marie_nassar @nieuwemarlean @dalilabencomo @marienassar_ Good morning https://t.co?',Moldova,1306689161718452225
Ecaterina_02,b'RT @Ecaterina_02: @RossiGianFranco @curra36 @MagdaMeghy @marie_nassar @nieuwemarlean @dalilabencomo @marienassar_ Good night https://t.co/n?',Moldova,1306688799611723789
Ecaterina_02,b'@RossiGianFranco @curra36 @MagdaMeghy @marie_nassar @nieuwemarlean @dalilabencomo @marienassar_ Good night https://t.co/ff2Mkm7Kgc',Moldova,1306688755659612160
baykaler,b'RT @Ecaterina_02: @RossiGianFranco @curra36 @MagdaMeghy @marie_nassar @nieuwemarlean @dalilabencomo @marienassar_ Good morning https://t.co?',Moldova,1306688676194398211
Ecaterina_02,b'@RossiGianFranco @curra36 @MagdaMeghy @marie_nassar @nieuwemarlean @dalilabencomo @marienassar_ Good night https://t.co/nOW6hFojoJ',Moldova,1306688651456385025
amazingEYEroger,b'@Gaz_idis @fackyyycsn1 @omarflacko9 Two ACL injuries are serious af. It?s obvious since those injuries that his ove? https://t.co/XADomBo30A',Moldova,1306684832089616388
amazingEYEroger,"b'@Gaz_idis @omarflacko9 @fackyyycsn1 Unfortunately for the Italian big bird, he has no ACLs to survive a full season beating by Serie Ass.'",Moldova,1306684311232540680
amazingEYEroger,b'@Notshawn6 @goal And sit behind Khedira every game ???',Moldova,1306683374153748480
amazingEYEroger,b'@omarflacko9 @fackyyycsn1 I?ll leave if he comes back..',Moldova,1306682760065617920
amazingEYEroger,b'@omarflacko9 @fackyyycsn1 That guy was amazing.',Moldova,1306682573607768064
amazingEYEroger,b'@fackyyycsn1 He was not very athletic before the ACL injury and now he runs around like a tall bird.',Moldova,1306682512471715841
amazingEYEroger,b'@omarflacko9 @fackyyycsn1 You?re embarrassing.',Moldova,1306682322599763970
amazingEYEroger,b'@fackyyycsn1 Calabria is levels above him. Don?t understand how anyone can watch Conti and even think he?s remotely better than Calabria.',Moldova,1306681986489167872
amazingEYEroger,b'@finallyaquino Samu is bench quality and that?s it. Saladman needs to be sent back to Belgium NOW.',Moldova,1306681371486810119
kurararu,b'The future of flight in an era of climate crisis https://t.co/tKB5jXYxLf',Moldova,1306678843516878852
amazingEYEroger,"b'@robsonmattt @IlCagaCazxi They don?t bite you though, just giant flies.'",Moldova,1306676435185217536
amazingEYEroger,"b'@Saturnion96 I honestly thought we were signing him as a RB tbh, but even then I still have a feeling he would be terrible there.'",Moldova,1306675836087664641
amazingEYEroger,b'@Futball_Karim Only good to bring on as a sub in the last 15 minutes of a game. Provides little to nothing tactically tbh.',Moldova,1306674863520837632
amazingEYEroger,"b'@Saturnion96 We should move him to RB, wonder how well he can defend..'",Moldova,1306674546431463425
foxyrhei,b'@Batasov @SerhiyMakarenko @alexmak Carrot',Moldova,1306674185553489920
amazingEYEroger,b'@Futball_Karim Literally just an energy merchant.',Moldova,1306673783902797826
tmj_energyjobs,"b'Don\'t be shy. Score a job like ""Energy Specialist - Moldova"" at Tetra Tech by asking for referrals. It\'s a great wa? https://t.co/9yzFiVSyDw'",Moldova,1306671986685259776
FlorinMD,b'@GameonFocus @SuckerPunchProd @Visual_Moods @ArtistSociet @ThePhotoMode @_GameScreenshot @Captured_Collec? https://t.co/pSpQ3yjL3p',Moldova,1306671860403367942
Abogada_gf,b'RT @Ecaterina_02: Good morning ? https://t.co/FrTM2FKdvg',Moldova,1306658356606775296
ThomasVieth,b'RT @Ecaterina_02: Good morning ? https://t.co/FrTM2FKdvg',Moldova,1306654764789370880
CHRISTINELEM007,b'RT @Ecaterina_02: Good morning ? https://t.co/FrTM2FKdvg',Moldova,1306647742614319104
HasanCelenk6,b'RT @Ecaterina_02: Good morning ? https://t.co/FrTM2FKdvg',Moldova,1306640533310316545
bassam101,b'RT @Ecaterina_02: Good morning ? https://t.co/FrTM2FKdvg',Moldova,1306636465988931586
Yes_Hayabusa,b'RT @Ecaterina_02: Good morning ? https://t.co/FrTM2FKdvg',Moldova,1306633392944041986
Muhamma14874810,b'RT @Ecaterina_02: Good morning ? https://t.co/FrTM2FKdvg',Moldova,1306631808285634560
sanalexei,b'Happy birthday me @ Pegas Terrace &amp; Restaurant https://t.co/Vtav3yiqhA',Moldova,1306628328229466112
yyeahsure,"b'RT @6891lybonrehc: Intended to go on twitter and started by typing ""cra-"" in the search bar before realizing I was one step ahead of myself'",Moldova,1306628158700093442
monicairis19,b'RT @Ecaterina_02: Good morning ? https://t.co/FrTM2FKdvg',Moldova,1306625069720973315
DinaRybeiro,b'RT @Ecaterina_02: Good morning ? https://t.co/FrTM2FKdvg',Moldova,1306620319302651904
amazingEYEroger,"b'@DannyFrights @Bomex22 @FreedThy @Chuy_AF Professional World Champion boxer vs. High school wrestling phenom, yea y? https://t.co/t8yDFzRhvB'",Moldova,1306617984019038209
sollaromtis,b'RT @Ecaterina_02: Good morning ? https://t.co/FrTM2FKdvg',Moldova,1306617458539687936
ceekaysickart,"b'@JulesItsjules Just out of curiosity, what did you order? I went for the Asus TUF OC...'",Moldova,1306615889593274376
dai70d,b'RT @Ecaterina_02: Good morning ? https://t.co/FrTM2FKdvg',Moldova,1306614506492104705
lrahman376,b'RT @Ecaterina_02: Good morning ? https://t.co/FrTM2FKdvg',Moldova,1306612954259808257
ReneChampion1,b'RT @Ecaterina_02: Good morning ? https://t.co/FrTM2FKdvg',Moldova,1306611273400975385
celsitams22,b'RT @Ecaterina_02: Good morning ? https://t.co/FrTM2FKdvg',Moldova,1306606174297567244
ceekaysickart,b'@JulesItsjules Same here. Waiting for the email...',Moldova,1306605583638945792
sspringett1,b'There should be never be stigma associated with Covid-19.  Only together can we stop the pandemic and stigmatizatio? https://t.co/ytUVyWlyVv',Moldova,1306604033126412293
A1209870,b'RT @Ecaterina_02: Good morning ? https://t.co/FrTM2FKdvg',Moldova,1306601654515453953
AlexLVBS,b'RT @Ecaterina_02: Good morning ? https://t.co/FrTM2FKdvg',Moldova,1306600543951831040
preminportal,b'RT @Ecaterina_02: Good morning ? https://t.co/FrTM2FKdvg',Moldova,1306600383503097889
sspringett1,b'RT @UNFPAMoldova: ?Innovative project in #Moldova! We partnered today w/ @HelpAge to donate mobile phones to older persons from 10 localiti?',Moldova,1306598180339945479
UNFPAMoldova,b'?Innovative project in #Moldova! We partnered today w/ @HelpAge to donate mobile phones to older persons from 10 lo? https://t.co/dhV3Przi6K',Moldova,1306595647315873795
DoukkaliChouaib,b'RT @Ecaterina_02: Good morning ? https://t.co/FrTM2FKdvg',Moldova,1306579204528640002
MD_NationalArmy,b'The Moldovan-Italian partnership was discussed at the Ministry of Defense. The dialogue focused in particular on th? https://t.co/dMz0OZmEHa',Moldova,1306577987949793281
HIS_Moldova,b'RT @HIS_Moldova: Perfect day for naming &amp; honouring. We have our proud ?plaque as an #Etwinning school &amp; our library was officially named t?',Moldova,1306576024596086786
0x00000369,"b""Just started working at new website and I'll be super excited for a week or so""",Moldova,1306575907348516864
jens_rabis,b'RT @Ecaterina_02: Good morning ? https://t.co/FrTM2FKdvg',Moldova,1306575717002547200
Chris7agr,b'RT @Ecaterina_02: Good morning ? https://t.co/FrTM2FKdvg',Moldova,1306574302058360834
pizzamioritamd,b'Just posted a photo @ Pizza Miorita https://t.co/xDxnHrhM0X',Moldova,1306574051436044288
MoldovaHonConNY,"b'RT @USembMoldova: ""This election is an important choice for Moldova?s future and a critical test for Moldova?s institutions. Moldova?s lead?'",Moldova,1306573540079153152
pizzamioritamd,b'Just posted a photo @ Pizza Miorita https://t.co/MIlvYC3Gd4',Moldova,1306573487885242369
marthawilcox5,b'RT @Ecaterina_02: Good morning ? https://t.co/FrTM2FKdvg',Moldova,1306570897797586944
EddieSm30606345,b'RT @Ecaterina_02: Good morning ? https://t.co/FrTM2FKdvg',Moldova,1306570285068570627
ERIKAPETROV7,b'RT @Ecaterina_02: Good morning ? https://t.co/FrTM2FKdvg',Moldova,1306568743397601282
lovewonder9,b'RT @Ecaterina_02: Good morning ? https://t.co/FrTM2FKdvg',Moldova,1306565782990663685
20_pf,b'RT @Ecaterina_02: Good morning ? https://t.co/FrTM2FKdvg',Moldova,1306565622797541377
NikoLas_112,b'RT @Ecaterina_02: Good morning ? https://t.co/FrTM2FKdvg',Moldova,1306557257824505857
CorneliaAmi,b'The 6th @OECD\n Expert Group on #OpenGovernment #Data looked at the challenges #governments face in releasing? https://t.co/p2H1K6hMWM',Moldova,1306556877245947904
ThisOldFarmhaus,b'RT @Ecaterina_02: Good morning ? https://t.co/FrTM2FKdvg',Moldova,1306554077631918080
godtemple3,b'RT @Ecaterina_02: Good morning ? https://t.co/FrTM2FKdvg',Moldova,1306553603260379137
miri3fave,b'RT @Ecaterina_02: Good morning ? https://t.co/FrTM2FKdvg',Moldova,1306543919312678912
CorneliaAmi,"b'#Covid_19 infodemic -as dangerous as the #pandemic The @WHO developed a valuable #guidance to help individuals, com? https://t.co/h0GbCgl5dt'",Moldova,1306542757717082113
dzedzun,b'@Feeling_so_sick Faust ? ???',Moldova,1306541152598925312
utada0511,b'RT @Ecaterina_02: Good morning ? https://t.co/FrTM2FKdvg',Moldova,1306538174768844802
YIXUANTU1,b'RT @CorneliaAmi: #Digital #technologies are transforming almost every sector of the #economy They can #connect citizens to amazing services?',Moldova,1306537911236599810
CorneliaAmi,b'#Digital #technologies are transforming almost every sector of the #economy They can #connect citizens to amazing s? https://t.co/W469EYreNA',Moldova,1306537650539638784
M0RARU,"b""@sergiuprt What's stopping you from coding?""",Moldova,1306534579382243329
CorneliaAmi,b'#LiFi Visible #Light #Communications (using light for #wireless #data transfer) to be scaled due to many benefits:? https://t.co/nvcEuTMGcm',Moldova,1306533963775774721
Games_Dont_Suck,b'RT @BroskyMighty: HOMM 3 Complete - Blind Playthrough - SoD - Birth of a Barbarian - Missi... https://t.co/VnYHCzDEIy via @YouTube \nAnother?',Moldova,1306529314930909185
sspringett1,"b'To keep patients safe we must also keep health care workers safe ? ?? ??? ??? ?? ??? ????! Wear a mask, keep physic? https://t.co/97CKKuYo47'",Moldova,1306527670549852161
sspringett1,b'Keep health workers safe to keep patients safe #worldpatientsafetyday2020 @WHO https://t.co/4jEG8B4unw',Moldova,1306525590804140032
BroskyMighty,b'HOMM 3 Complete - Blind Playthrough - SoD - Birth of a Barbarian - Missi... https://t.co/VnYHCzDEIy via @YouTube \nA? https://t.co/g1tRprfP6q',Moldova,1306524937545490432
izumofuji,b'RT @Ecaterina_02: Good morning ? https://t.co/FrTM2FKdvg',Moldova,1306524769227948032
OreoMagie,b'RT @Ecaterina_02: Good morning ? https://t.co/FrTM2FKdvg',Moldova,1306519958130745346
Antalyatime,b'RT @Ecaterina_02: Good morning ? https://t.co/FrTM2FKdvg',Moldova,1306518519983624194
iCostisanu,b'@the_iPHA Hey guys! Looks like the link is not working. Please check.',Moldova,1306517881753133062
AbRazaq,b'RT @Ecaterina_02: Good morning ? https://t.co/FrTM2FKdvg',Moldova,1306512379501477888
HIS_Moldova,b'Perfect day for naming &amp; honouring. We have our proud ?plaque as an #Etwinning school &amp; our library was officially? https://t.co/uULf2JQX7F',Moldova,1306511382276431873
mif8537,b'RT @Ecaterina_02: Good morning ? https://t.co/FrTM2FKdvg',Moldova,1306505134390697985
Antidot64949931,b'RT @Ecaterina_02: Good morning ? https://t.co/FrTM2FKdvg',Moldova,1306504778445447171
doktordemirhan,b'RT @Ecaterina_02: Good morning ? https://t.co/FrTM2FKdvg',Moldova,1306504171852627970
rabotamd_it,b'Quality Engineer (Tacit Knowledge) https://t.co/f6SvebdTan',Moldova,1306503416592715776
rabotamd_it,b'Support Engineer with English (Part-Time) (Stefanini) https://t.co/AeTrMum6Rf',Moldova,1306503414516506625
rabotamd_it,b'Frontend Developer | DARQUBE (Mantis) https://t.co/Woqtp6RQRh',Moldova,1306503413455355906
rabotamd_it,b'Designer (Moldcell) https://t.co/1heWME4hpx',Moldova,1306503408971583488
MrWaqasAkram,b'RT @Ecaterina_02: Good morning ? https://t.co/FrTM2FKdvg',Moldova,1306502804572442624
EvgeniyaGinseng,b'RT @Ecaterina_02: Good morning ? https://t.co/FrTM2FKdvg',Moldova,1306502485666942976
