user,text,country,id
needyholdon,b'@rcinhrts skinny',Georgia,1306693735623909384
SrCuevas1974,b'@MovistarPlus @picuetin SAME ENERGY https://t.co/l0vCqARq9b',Georgia,1306682448605065219
Salina_Abaza,b'@redpoppy1234 I remember he actually did take an opposing position from the agreement and got problems because of it? Not sure',Georgia,1306680659210047488
Salina_Abaza,b'?Straight for prince Ali ?? https://t.co/PGEHGG7spD',Georgia,1306678867361501190
needyholdon,b'instagram lpm',Georgia,1306658327523405825
yandisabuntse,"b""@SNgcunukana @MtwanaXabiso Hahaha you're funny.""",Georgia,1306652198647017473
jkrulitos,b'@jiyochu ya vine',Georgia,1306651261958316032
yandisabuntse,b'@ToluwaniKris @heisTactic I like you there I said it.',Georgia,1306650729185243139
yandisabuntse,b'@NoMmabatho Sometimes I want to run.',Georgia,1306650387714318336
needyholdon,b'strawberries',Georgia,1306648628078014464
needyholdon,b'@beckysfearless memeo',Georgia,1306625529882324993
Nolali_,"b""Okay yi layby but still, I'm glad ndigibile ngayo ??""",Georgia,1306617249457995777
O1HEESEUNG,"b'RT @mlkteajyx: @O1HEESEUNG aamiin, noted'",Georgia,1306613640720572416
mlkteajyx,b'@belift_fess jayy',Georgia,1306607817600593920
mlkteajyx,b'@jimmeoo13_ netnot',Georgia,1306606289829601280
Charism92594499,"b""@Ori_Debig_Beats Yes. I'm Xhosa.""",Georgia,1306594673633320960
Charism92594499,b'@Ori_Debig_Beats My two favourite tribes!?',Georgia,1306594454963277825
tshepimatshika,"b""RT @Nolali_: They don't. Which is why they are ALWAYS mixing it with something else""",Georgia,1306585580612984833
Nolali_,"b""They don't. Which is why they are ALWAYS mixing it with something else https://t.co/KnXrycKXR6""",Georgia,1306569092963459074
Nolali_,b'Anywhere you dey....whatever you do ??????',Georgia,1306563853841506305
isnadzmi,b'can i know why some people says that bersila atas kerusi is rude????',Georgia,1306562614646898688
Siyanda_Funcuza,b'No one is above the law. https://t.co/ueXx0Ua4m9',Georgia,1306549681460260865
Siyanda_Funcuza,b'@1GottaGo Gin&amp;Juice',Georgia,1306543906734120962
Siyanda_Funcuza,b'@1GottaGo Murder Inc',Georgia,1306543330470363136
needyholdon,b'@curekarIa @catichuu MEMEO',Georgia,1306464602851598337
isnadzmi,b'its ?for fuck?s sake? https://t.co/1e4u0Pq6qK',Georgia,1306464117616599042
needyholdon,"b""'cause after all these years i still feel everything when you are near""",Georgia,1306460295804616704
needyholdon,b'@radiancekarla re simple ??',Georgia,1306459885937229825
needyholdon,"b""baby tell me when you?re ready, i'm waitin?""",Georgia,1306452414380355584
isnadzmi,"b'@NizarLim i find it cute when they?re trying to talk in english, sakura miko is my fav, FA-Q'",Georgia,1306452065971912704
jkrulitos,b'en fin',Georgia,1306410480794308608
isnadzmi,b'that?s literally me when watching hololive ? https://t.co/7CDecqIeTB',Georgia,1306380857607774208
needyholdon,b'@foreverosess obvio',Georgia,1306355763254878208
needyholdon,b'en fin shawmila supremacy',Georgia,1306345819629645824
tomturbado3,b'Apple shows off new Apple Watches and iPads https://t.co/prWJmHa0S2 https://t.co/VRy9dOYmNd',Georgia,1306308380168839168
Siyanda_Funcuza,"b""@JjSesing @kanyewest and some of them they don't even own their masters.""",Georgia,1306304552820506624
Astan_Ladariya,b'@AnthonyMartial what',Georgia,1306302911304142849
needyholdon,b'@lisagiaw moonlight mia',Georgia,1306295036150263810
needyholdon,b'@fetishtothis golden',Georgia,1306291493632708616
aliahalaw,b'RT @Salina_Abaza: The concept                 The artwork',Georgia,1306272866002927619
Salina_Abaza,b'The concept                 The artwork https://t.co/YaxuYXx4cW',Georgia,1306269271857790976
needyholdon,b'treat people with kindness ???????',Georgia,1306165012826861568
tomturbado3,"b""Apple's new Fitness+ feature might make Peloton sweat https://t.co/gK5pRWc0ST https://t.co/ZIfx6BZZKi""",Georgia,1306084912034799616
needyholdon,b'@gamerboymendes THANK YOU',Georgia,1306031607992680448
needyholdon,b'@addictedmendess VARONES memeo variety*',Georgia,1306026969167994880
tomturbado3,"b""What is 'Dune'? Everything you should know about Frank Herbert's sci-fi epic. https://t.co/Vu6vUBoDQF https://t.co/Q15eI4QSt3""",Georgia,1306025527073931266
needyholdon,b'@tbsheaven moonlight',Georgia,1306013557608374272
needyholdon,b'paint like a van gogh',Georgia,1306013357951062022
needyholdon,b'kids forever kids forever',Georgia,1306011363752505344
GKvelashvili,"b'Usurper #Ivanishvili\'s ""defense minister"" Gharibashvili: ""Our country has not had a democratic ruler like Bidzina I? https://t.co/oWls9LauJJ'",Georgia,1305999733140455431
jkrulitos,"b'en fin, stream Blueberry Eyes'",Georgia,1305956615141588994
Siyanda_Funcuza,b'@olaniyi_quadri Sorry',Georgia,1305951904711745536
needyholdon,b'colaboren con el flop pls ???????????????? https://t.co/BU5wydyWcZ',Georgia,1305948986637987841
needyholdon,"b""@camipendejas IT ISN'T IN MY BLOOD""",Georgia,1305948102453587968
Salina_Abaza,b'@wholovesphysics @aliahalaw This is a perfect meme thank you',Georgia,1305947165953593347
needyholdon,b'@radiancekarla MICHAEL ME MEO',Georgia,1305941809642770432
needyholdon,b'strawberries',Georgia,1305938427108569088
Salina_Abaza,b'@mashkuov @firefox @googlechrome Chrome rn https://t.co/ezju2ZZXMT',Georgia,1305932400795488257
GKvelashvili,b'Very good news! \n\n#StopPutin! \n\nhttps://t.co/9mTqoBZoLL',Georgia,1305931013546299393
Charism92594499,b'@Bellzitto_ Bathathe mntase!?',Georgia,1305919972707835904
GKvelashvili,"b'Get the Russians out, the Fifth Column down, and NATO in! \n\n@UNMGeorgia\n@SaakashviliM\n@MSaakashvili https://t.co/BkiBwhyIrH'",Georgia,1305901212311654403
neptunedixie,b'@noramhg06 oo :(( ey hablame a wsp',Georgia,1305899169878507520
khoshbosh_,b'RT @Salina_Abaza: A very accurate AI reconstruction of Emperor Caracalla (son of Phoenician Severus and Homsi Syrian Julia Domna).\nBy @ganb?',Georgia,1305898842563510272
GKvelashvili,"b'By upholding the fundamental norms and principles of international law, including the national sovereignty, politic? https://t.co/kxrH27XJbX'",Georgia,1305898329155538944
damasceneting,b'RT @Salina_Abaza: A very accurate AI reconstruction of Emperor Caracalla (son of Phoenician Severus and Homsi Syrian Julia Domna).\nBy @ganb?',Georgia,1305898239808462848
GKvelashvili,"b'@MikeladzeG By upholding the fundamental norms and principles of international law, including the national sovereig? https://t.co/xdgm4gdSdZ'",Georgia,1305898212079828998
Charism92594499,b'@SphiweMasondoSA Communication Officer',Georgia,1305888959210414085
isnadzmi,"b'@Mirzx_Marzuqi nevermind, im good https://t.co/2759831bE2'",Georgia,1305884669200592896
Charism92594499,b'@Li11y_r01 Beautiful. U are doing great sis!??',Georgia,1305884557707816962
isnadzmi,b'@Mirzx_Marzuqi lets play together',Georgia,1305883248870879232
isnadzmi,b'@Mirzx_Marzuqi i win a lot',Georgia,1305882993215455232
GKvelashvili,b'Support democracy in #Belarus! https://t.co/0OBgCI1u0A',Georgia,1305877906917396484
GKvelashvili,"b'""We call on the @UN members to support the movement for democracy in #Belarus. Its civil society peacefully strives? https://t.co/SLxD9jDM3g'",Georgia,1305877193864679425
MaryamNou7y,b'RT @Salina_Abaza: A very accurate AI reconstruction of Emperor Caracalla (son of Phoenician Severus and Homsi Syrian Julia Domna).\nBy @ganb?',Georgia,1305849717335752704
Salina_Abaza,b'A very accurate AI reconstruction of Emperor Caracalla (son of Phoenician Severus and Homsi Syrian Julia Domna).\nBy? https://t.co/AfkDczn0BE',Georgia,1305849562381324289
SouthCaucasus,b'RT @GKvelashvili: Day after day #Russia has been expanding its zone of illegal military occupation inside the sovereign territory of #Georg?',Georgia,1305846677409009665
SrCuevas1974,b'?AIRE! https://t.co/0KWZbfmrDp',Georgia,1305813615140843521
WNtshinga,"b'RT @mlungisigegana: @WNtshinga @StandardBankArt Thank you Wonga, much appreciated.'",Georgia,1305779206618521600
Nolali_,b'@Karabo_Mokgoko Forget Me Not',Georgia,1305776272195440640
mlungisigegana,"b'@WNtshinga @StandardBankArt Thank you Wonga, much appreciated.'",Georgia,1305771679495450624
ArchilKaraulas1,b'RT @GKvelashvili: Day after day #Russia has been expanding its zone of illegal military occupation inside the sovereign territory of #Georg?',Georgia,1305748861563043840
tomturbado3,b'Carl Sagan predicted life on Venus in 1967. We may be close to proving him right. https://t.co/1KDHbZZSyS https://t.co/yvqHRqCPLw',Georgia,1305722397610274816
GKvelashvili,b'@Guldseth I agree. \nThis one shows the ethnic cleansing of Georgians perpetrated by Russia and its proxies in 2008:\n\nhttps://t.co/mZMDHimNb4',Georgia,1305680047404126208
tomturbado3,b'Why you should always question algorithms https://t.co/5QRbc4bEYH https://t.co/ossxe43u3Z',Georgia,1305663006517338112
Sivuyile_K,"b""@MasterKGsa Me please. I want to pay my fees that I owe at Varsity, I haven't get my qualification since 2017""",Georgia,1305611152521662464
Salina_Abaza,b'@miarcury You do look Abkhazian ?',Georgia,1305608339099996173
miarcury,b'RT @Salina_Abaza: Like of you have to induce Circassian characters and culture (or any other culture for that matter) in your commercial sh?',Georgia,1305605840657944577
Salina_Abaza,b'Like of you have to induce Circassian characters and culture (or any other culture for that matter) in your commerc? https://t.co/nwwua54tkq',Georgia,1305604811308634113
Salina_Abaza,"b'More like ""how can I be a stereotypical gay person"" https://t.co/im38jEFB6V'",Georgia,1305572198573371392
tsiskarashvili,b'RT @GKvelashvili: Day after day #Russia has been expanding its zone of illegal military occupation inside the sovereign territory of #Georg?',Georgia,1305564459763630080
GKvelashvili,b'Day after day #Russia has been expanding its zone of illegal military occupation inside the sovereign territory of? https://t.co/pfyCHpfB3F',Georgia,1305564005939982346
isnadzmi,"b'@Tasyanadzmi mesti part yg shuffle mahjong tu en, cause i know how shitty you are at swimming ?'",Georgia,1305510973730480130
isnadzmi,"b'nk main among us with friends, but my friends don?t want to play that game ?'",Georgia,1305391027490942976
isnadzmi,"b'@RetardedMemeMan @dahyunismrules @amongusclipsooc she was in lobby, u can change colour on the laptop'",Georgia,1305379854867509253
tomturbado3,b'TikTok will reportedly sell to Oracle after Microsoft bid rejected https://t.co/sXc4Vqsh9a https://t.co/3hUcgSAd3l',Georgia,1305359635109433350
tomturbado3,"b""The new Star Wars pack for 'The Sims 4' lets players visit Galaxy's Edge from home https://t.co/igp3ZkLMYD https://t.co/9otRyAPxFp""",Georgia,1305300500351393792
Nolali_,b'Aviwe from Motherwell is available #YouPromisedToMarryMe https://t.co/KiTINuEe4H',Georgia,1305238951238807553
Nolali_,"b""I never thought that I'd enjoy Big Brother this much ??""",Georgia,1305236342788550657
Nolali_,b'@NicciKwanini I love love TrickyTee so much ??? I enjoy his diary sessions oko oko',Georgia,1305236129554345985
Nolali_,b'Yho shame ugama wam? #YouPromisedToMarryMe',Georgia,1305234804657586178
